https://docs.google.com/spreadsheets/d/170xrcWDdTMvTLSJyCw3yGBWxqOOSfZkesGWunqKr8Rw/edit?gid=1817895758#gid=1817895758,,,,,,,,,,,,,,,1-Jun-2026,WEEK-1,,7-Jun-2026,8-Jun-2026,WEEK-2,,14-Jun-2026,15-Jun-2026,WEEK-3,,21-Jun-2026,22-Jun-2026,WEEK-4,,30-Jun-2026
REPORT 1!B15:Z,,,,,,,,,,,,,,,,,,,,,,,,,,,,,,
"SELECT Col1,Col6,Col20,Col21,Col22,Col23,Col24 WHERE Col1 IS NOT NULL AND Col20 > 0",,,,,,,,,,,"443,822",0,0,0,"411,224",0,0,0,"22,934",0,0,0,"9,025",0,0,0,392,0,0,0
,ITEM CODE,ITEM COLOR,TOTAL PLAN,WEEK-1,WEEK-2,WEEK-3,WEEK-4,,ITEM CODE,ITEM COLOR,TOTAL PLAN,TOTAL PROD,TOTAL ORDER,TOTAL SALE,PLANNED,PRODUCED,ORDER,SALE,PLANNED,PRODUCED,ORDER,SALE,PLANNED,PRODUCED,ORDER,SALE,PLANNED,PRODUCED,ORDER,SALE
1375-SIVORY,1375-S,IVORY,384,384,0,0,0,1375-SIVORY,1375-S,IVORY,384,0,0,0,384,0,0,0,0,0,0,0,0,0,0,0,0,0,0,0
1375-SWHITE,1375-S,WHITE,623,623,0,0,0,1375-SWHITE,1375-S,WHITE,623,0,0,0,623,0,0,0,0,0,0,0,0,0,0,0,0,0,0,0
132-CWHITE,132-C,WHITE,1342,1342,0,0,0,132-CWHITE,132-C,WHITE,1342,0,0,0,1342,0,0,0,0,0,0,0,0,0,0,0,0,0,0,0
145IVORY,145,IVORY,3704,3704,0,0,0,145IVORY,145,IVORY,3704,0,0,0,3704,0,0,0,0,0,0,0,0,0,0,0,0,0,0,0
1491-CWHITE,1491-C,WHITE,1125,1125,0,0,0,1491-CWHITE,1491-C,WHITE,1125,0,0,0,1125,0,0,0,0,0,0,0,0,0,0,0,0,0,0,0
1375-SPWHITE,1375-SP,WHITE,28,28,0,0,0,1375-SPWHITE,1375-SP,WHITE,28,0,0,0,28,0,0,0,0,0,0,0,0,0,0,0,0,0,0,0
1375-SFWHITE,1375-SF,WHITE,41,41,0,0,0,1375-SFWHITE,1375-SF,WHITE,41,0,0,0,41,0,0,0,0,0,0,0,0,0,0,0,0,0,0,0
125-OIVORY,125-O,IVORY,1746,1746,0,0,0,125-OIVORY,125-O,IVORY,1746,0,0,0,1746,0,0,0,0,0,0,0,0,0,0,0,0,0,0,0
1375-CWHITE,1375-C,WHITE,407,407,0,0,0,1375-CWHITE,1375-C,WHITE,407,0,0,0,407,0,0,0,0,0,0,0,0,0,0,0,0,0,0,0
130WHITE,130,WHITE,3929,3929,0,0,0,130WHITE,130,WHITE,3929,0,0,0,3929,0,0,0,0,0,0,0,0,0,0,0,0,0,0,0
127WHITE,127,WHITE,2927,2927,0,0,0,127WHITE,127,WHITE,2927,0,0,0,2927,0,0,0,0,0,0,0,0,0,0,0,0,0,0,0
143WHITE,143,WHITE,1789,1789,0,0,0,143WHITE,143,WHITE,1789,0,0,0,1789,0,0,0,0,0,0,0,0,0,0,0,0,0,0,0
147-OWHITE,147-O,WHITE,901,901,0,0,0,147-OWHITE,147-O,WHITE,901,0,0,0,901,0,0,0,0,0,0,0,0,0,0,0,0,0,0,0
144-SIVORY,144-S,IVORY,783,783,0,0,0,144-SIVORY,144-S,IVORY,783,0,0,0,783,0,0,0,0,0,0,0,0,0,0,0,0,0,0,0
129IVORY,129,IVORY,9966,9966,0,0,0,129IVORY,129,IVORY,9966,0,0,0,9966,0,0,0,0,0,0,0,0,0,0,0,0,0,0,0
145-OWHITE,145-O,WHITE,394,394,0,0,0,145-OWHITE,145-O,WHITE,394,0,0,0,394,0,0,0,0,0,0,0,0,0,0,0,0,0,0,0
124-PWHITE,124-P,WHITE,619,619,0,0,0,124-PWHITE,124-P,WHITE,619,0,0,0,619,0,0,0,0,0,0,0,0,0,0,0,0,0,0,0
125-OWHITE,125-O,WHITE,943,943,0,0,0,125-OWHITE,125-O,WHITE,943,0,0,0,943,0,0,0,0,0,0,0,0,0,0,0,0,0,0,0
144-CWHITE,144-C,WHITE,6399,6399,0,0,0,144-CWHITE,144-C,WHITE,6399,0,0,0,6399,0,0,0,0,0,0,0,0,0,0,0,0,0,0,0
129-CWHITE,129-C,WHITE,989,989,0,0,0,129-CWHITE,129-C,WHITE,989,0,0,0,989,0,0,0,0,0,0,0,0,0,0,0,0,0,0,0
1391WHITE,1391,WHITE,7729,7729,0,0,0,1391WHITE,1391,WHITE,7729,0,0,0,7729,0,0,0,0,0,0,0,0,0,0,0,0,0,0,0
130-OWHITE,130-O,WHITE,1630,1630,0,0,0,130-OWHITE,130-O,WHITE,1630,0,0,0,1630,0,0,0,0,0,0,0,0,0,0,0,0,0,0,0
120-WSWHITE,120-WS,WHITE,46524,46524,0,0,0,120-WSWHITE,120-WS,WHITE,46524,0,0,0,46524,0,0,0,0,0,0,0,0,0,0,0,0,0,0,0
132-HWHITE,132-H,WHITE,651,651,0,0,0,132-HWHITE,132-H,WHITE,651,0,0,0,651,0,0,0,0,0,0,0,0,0,0,0,0,0,0,0
131WHITE,131,WHITE,624,624,0,0,0,131WHITE,131,WHITE,624,0,0,0,624,0,0,0,0,0,0,0,0,0,0,0,0,0,0,0
1391-MWHITE,1391-M,WHITE,1356,1356,0,0,0,1391-MWHITE,1391-M,WHITE,1356,0,0,0,1356,0,0,0,0,0,0,0,0,0,0,0,0,0,0,0
140WHITE,140,WHITE,1882,1882,0,0,0,140WHITE,140,WHITE,1882,0,0,0,1882,0,0,0,0,0,0,0,0,0,0,0,0,0,0,0
149-NWHITE,149-N,WHITE,909,909,0,0,0,149-NWHITE,149-N,WHITE,909,0,0,0,909,0,0,0,0,0,0,0,0,0,0,0,0,0,0,0
132WHITE,132,WHITE,1917,1917,0,0,0,132WHITE,132,WHITE,1917,0,0,0,1917,0,0,0,0,0,0,0,0,0,0,0,0,0,0,0
127-CWHITE,127-C,WHITE,2573,2573,0,0,0,127-CWHITE,127-C,WHITE,2573,0,0,0,2573,0,0,0,0,0,0,0,0,0,0,0,0,0,0,0
124-CWHITE,124-C,WHITE,3632,3632,0,0,0,124-CWHITE,124-C,WHITE,3632,0,0,0,3632,0,0,0,0,0,0,0,0,0,0,0,0,0,0,0
133-SWHITE,133-S,WHITE,80,80,0,0,0,133-SWHITE,133-S,WHITE,80,0,0,0,80,0,0,0,0,0,0,0,0,0,0,0,0,0,0,0
133-CWHITE,133-C,WHITE,342,342,0,0,0,133-CWHITE,133-C,WHITE,342,0,0,0,342,0,0,0,0,0,0,0,0,0,0,0,0,0,0,0
130-CWHITE,130-C,WHITE,543,543,0,0,0,130-CWHITE,130-C,WHITE,543,0,0,0,543,0,0,0,0,0,0,0,0,0,0,0,0,0,0,0
1375-IIVORY,1375-I,IVORY,4,4,0,0,0,1375-IIVORY,1375-I,IVORY,4,0,0,0,4,0,0,0,0,0,0,0,0,0,0,0,0,0,0,0
149-NIVORY,149-N,IVORY,1352,1352,0,0,0,149-NIVORY,149-N,IVORY,1352,0,0,0,1352,0,0,0,0,0,0,0,0,0,0,0,0,0,0,0
120-CWHITE,120-C,WHITE,3260,3260,0,0,0,120-CWHITE,120-C,WHITE,3260,0,0,0,3260,0,0,0,0,0,0,0,0,0,0,0,0,0,0,0
1491-HWHITE,1491-H,WHITE,1480,1480,0,0,0,1491-HWHITE,1491-H,WHITE,1480,0,0,0,1480,0,0,0,0,0,0,0,0,0,0,0,0,0,0,0
144-SWHITE,144-S,WHITE,2256,2256,0,0,0,144-SWHITE,144-S,WHITE,2256,0,0,0,2256,0,0,0,0,0,0,0,0,0,0,0,0,0,0,0
1375-QWHITE,1375-Q,WHITE,20,20,0,0,0,1375-QWHITE,1375-Q,WHITE,20,0,0,0,20,0,0,0,0,0,0,0,0,0,0,0,0,0,0,0
147-SWHITE,147-S,WHITE,360,360,0,0,0,147-SWHITE,147-S,WHITE,360,0,0,0,360,0,0,0,0,0,0,0,0,0,0,0,0,0,0,0
147IVORY,147,IVORY,4397,4397,0,0,0,147IVORY,147,IVORY,4397,0,0,0,4397,0,0,0,0,0,0,0,0,0,0,0,0,0,0,0
144WHITE,144,WHITE,27438,27438,0,0,0,144WHITE,144,WHITE,27438,0,0,0,27438,0,0,0,0,0,0,0,0,0,0,0,0,0,0,0
134WHITE,134,WHITE,137,137,0,0,0,134WHITE,134,WHITE,137,0,0,0,137,0,0,0,0,0,0,0,0,0,0,0,0,0,0,0
127-PWHITE,127-P,WHITE,284,284,0,0,0,127-PWHITE,127-P,WHITE,284,0,0,0,284,0,0,0,0,0,0,0,0,0,0,0,0,0,0,0
1375-OIVORY,1375-O,IVORY,227,227,0,0,0,1375-OIVORY,1375-O,IVORY,227,0,0,0,227,0,0,0,0,0,0,0,0,0,0,0,0,0,0,0
132-OWHITE,132-O,WHITE,374,374,0,0,0,132-OWHITE,132-O,WHITE,374,0,0,0,374,0,0,0,0,0,0,0,0,0,0,0,0,0,0,0
1375-BWHITE,1375-B,WHITE,37,37,0,0,0,1375-BWHITE,1375-B,WHITE,37,0,0,0,37,0,0,0,0,0,0,0,0,0,0,0,0,0,0,0
121-PWHITE,121-P,WHITE,517,517,0,0,0,121-PWHITE,121-P,WHITE,517,0,0,0,517,0,0,0,0,0,0,0,0,0,0,0,0,0,0,0
129-PWHITE,129-P,WHITE,56,56,0,0,0,129-PWHITE,129-P,WHITE,56,0,0,0,56,0,0,0,0,0,0,0,0,0,0,0,0,0,0,0
1375-RWHITE,1375-R,WHITE,52,52,0,0,0,1375-RWHITE,1375-R,WHITE,52,0,0,0,52,0,0,0,0,0,0,0,0,0,0,0,0,0,0,0
144-QWHITE,144-Q,WHITE,668,668,0,0,0,144-QWHITE,144-Q,WHITE,668,0,0,0,668,0,0,0,0,0,0,0,0,0,0,0,0,0,0,0
123-FPWHITE,123-FP,WHITE,90,90,0,0,0,123-FPWHITE,123-FP,WHITE,90,0,0,0,90,0,0,0,0,0,0,0,0,0,0,0,0,0,0,0
129-SWHITE,129-S,WHITE,407,407,0,0,0,129-SWHITE,129-S,WHITE,407,0,0,0,407,0,0,0,0,0,0,0,0,0,0,0,0,0,0,0
144-PWHITE,144-P,WHITE,632,632,0,0,0,144-PWHITE,144-P,WHITE,632,0,0,0,632,0,0,0,0,0,0,0,0,0,0,0,0,0,0,0
129-SIVORY,129-S,IVORY,171,171,0,0,0,129-SIVORY,129-S,IVORY,171,0,0,0,171,0,0,0,0,0,0,0,0,0,0,0,0,0,0,0
186WHITE,186,WHITE,2575,2575,0,0,0,186WHITE,186,WHITE,2575,0,0,0,2575,0,0,0,0,0,0,0,0,0,0,0,0,0,0,0
144-HWHITE,144-H,WHITE,5772,5772,0,0,0,144-HWHITE,144-H,WHITE,5772,0,0,0,5772,0,0,0,0,0,0,0,0,0,0,0,0,0,0,0
400-QIVORY,400-Q,IVORY,33,33,0,0,0,400-QIVORY,400-Q,IVORY,33,0,0,0,33,0,0,0,0,0,0,0,0,0,0,0,0,0,0,0
134-CWHITE,134-C,WHITE,22,22,0,0,0,134-CWHITE,134-C,WHITE,22,0,0,0,22,0,0,0,0,0,0,0,0,0,0,0,0,0,0,0
123-PWHITE,123-P,WHITE,162,162,0,0,0,123-PWHITE,123-P,WHITE,162,0,0,0,162,0,0,0,0,0,0,0,0,0,0,0,0,0,0,0
132-PWHITE,132-P,WHITE,152,152,0,0,0,132-PWHITE,132-P,WHITE,152,0,0,0,152,0,0,0,0,0,0,0,0,0,0,0,0,0,0,0
130-SWHITE,130-S,WHITE,365,365,0,0,0,130-SWHITE,130-S,WHITE,365,0,0,0,365,0,0,0,0,0,0,0,0,0,0,0,0,0,0,0
130-OIVORY,130-O,IVORY,280,280,0,0,0,130-OIVORY,130-O,IVORY,280,0,0,0,280,0,0,0,0,0,0,0,0,0,0,0,0,0,0,0
1375-SFIVORY,1375-SF,IVORY,25,25,0,0,0,1375-SFIVORY,1375-SF,IVORY,25,0,0,0,25,0,0,0,0,0,0,0,0,0,0,0,0,0,0,0
144IVORY,144,IVORY,42431,42431,0,0,0,144IVORY,144,IVORY,42431,0,0,0,42431,0,0,0,0,0,0,0,0,0,0,0,0,0,0,0
124WHITE,124,WHITE,9960,9960,0,0,0,124WHITE,124,WHITE,9960,0,0,0,9960,0,0,0,0,0,0,0,0,0,0,0,0,0,0,0
120-WSIVORY,120-WS,IVORY,23907,23907,0,0,0,120-WSIVORY,120-WS,IVORY,23907,0,0,0,23907,0,0,0,0,0,0,0,0,0,0,0,0,0,0,0
121-HWHITE,121-H,WHITE,4159,4159,0,0,0,121-HWHITE,121-H,WHITE,4159,0,0,0,4159,0,0,0,0,0,0,0,0,0,0,0,0,0,0,0
144-OWHITE,144-O,WHITE,10228,10228,0,0,0,144-OWHITE,144-O,WHITE,10228,0,0,0,10228,0,0,0,0,0,0,0,0,0,0,0,0,0,0,0
127-PIVORY,127-P,IVORY,321,321,0,0,0,127-PIVORY,127-P,IVORY,321,0,0,0,321,0,0,0,0,0,0,0,0,0,0,0,0,0,0,0
134-QWHITE,134-Q,WHITE,22,22,0,0,0,134-QWHITE,134-Q,WHITE,22,0,0,0,22,0,0,0,0,0,0,0,0,0,0,0,0,0,0,0
127-HWHITE,127-H,WHITE,2556,2556,0,0,0,127-HWHITE,127-H,WHITE,2556,0,0,0,2556,0,0,0,0,0,0,0,0,0,0,0,0,0,0,0
147-SIVORY,147-S,IVORY,105,105,0,0,0,147-SIVORY,147-S,IVORY,105,0,0,0,105,0,0,0,0,0,0,0,0,0,0,0,0,0,0,0
130-NWHITE,130-N,WHITE,40,40,0,0,0,130-NWHITE,130-N,WHITE,40,0,0,0,40,0,0,0,0,0,0,0,0,0,0,0,0,0,0,0
127-OWHITE,127-O,WHITE,915,915,0,0,0,127-OWHITE,127-O,WHITE,915,0,0,0,915,0,0,0,0,0,0,0,0,0,0,0,0,0,0,0
124-FWHITE,124-F,WHITE,781,781,0,0,0,124-FWHITE,124-F,WHITE,781,0,0,0,781,0,0,0,0,0,0,0,0,0,0,0,0,0,0,0
121-OWHITE,121-O,WHITE,23820,23820,0,0,0,121-OWHITE,121-O,WHITE,23820,0,0,0,23820,0,0,0,0,0,0,0,0,0,0,0,0,0,0,0
132-RWHITE,132-R,WHITE,84,84,0,0,0,132-RWHITE,132-R,WHITE,84,0,0,0,84,0,0,0,0,0,0,0,0,0,0,0,0,0,0,0
121-VIVORY,121-V,IVORY,180,180,0,0,0,121-VIVORY,121-V,IVORY,180,0,0,0,180,0,0,0,0,0,0,0,0,0,0,0,0,0,0,0
130-IIVORY,130-I,IVORY,251,251,0,0,0,130-IIVORY,130-I,IVORY,251,0,0,0,251,0,0,0,0,0,0,0,0,0,0,0,0,0,0,0
130-QIVORY,130-Q,IVORY,347,347,0,0,0,130-QIVORY,130-Q,IVORY,347,0,0,0,347,0,0,0,0,0,0,0,0,0,0,0,0,0,0,0
130-LWHITE,130-L,WHITE,186,186,0,0,0,130-LWHITE,130-L,WHITE,186,0,0,0,186,0,0,0,0,0,0,0,0,0,0,0,0,0,0,0
1322-BWHITE,1322-B,WHITE,130,130,0,0,0,1322-BWHITE,1322-B,WHITE,130,0,0,0,130,0,0,0,0,0,0,0,0,0,0,0,0,0,0,0
144-UWHITE,144-U,WHITE,242,242,0,0,0,144-UWHITE,144-U,WHITE,242,0,0,0,242,0,0,0,0,0,0,0,0,0,0,0,0,0,0,0
123-NNIVORY,123-NN,IVORY,24,24,0,0,0,123-NNIVORY,123-NN,IVORY,24,0,0,0,24,0,0,0,0,0,0,0,0,0,0,0,0,0,0,0
1375-EIVORY,1375-E,IVORY,32,32,0,0,0,1375-EIVORY,1375-E,IVORY,32,0,0,0,32,0,0,0,0,0,0,0,0,0,0,0,0,0,0,0
129-HWHITE,129-H,WHITE,769,769,0,0,0,129-HWHITE,129-H,WHITE,769,0,0,0,769,0,0,0,0,0,0,0,0,0,0,0,0,0,0,0
1311-CWHITE,1311-C,WHITE,562,562,0,0,0,1311-CWHITE,1311-C,WHITE,562,0,0,0,562,0,0,0,0,0,0,0,0,0,0,0,0,0,0,0
145-CWHITE,145-C,WHITE,947,947,0,0,0,145-CWHITE,145-C,WHITE,947,0,0,0,947,0,0,0,0,0,0,0,0,0,0,0,0,0,0,0
132-OTWHITE,132-OT,WHITE,374,374,0,0,0,132-OTWHITE,132-OT,WHITE,374,0,0,0,374,0,0,0,0,0,0,0,0,0,0,0,0,0,0,0
124IVORY,124,IVORY,5232,5232,0,0,0,124IVORY,124,IVORY,5232,0,0,0,5232,0,0,0,0,0,0,0,0,0,0,0,0,0,0,0
120-RWHITE,120-R,WHITE,964,964,0,0,0,120-RWHITE,120-R,WHITE,964,0,0,0,964,0,0,0,0,0,0,0,0,0,0,0,0,0,0,0
135WHITE,135,WHITE,5,5,0,0,0,135WHITE,135,WHITE,5,0,0,0,5,0,0,0,0,0,0,0,0,0,0,0,0,0,0,0
120-MIVORY,120-M,IVORY,1534,1534,0,0,0,120-MIVORY,120-M,IVORY,1534,0,0,0,1534,0,0,0,0,0,0,0,0,0,0,0,0,0,0,0
1291WHITE,1291,WHITE,121,121,0,0,0,1291WHITE,1291,WHITE,121,0,0,0,121,0,0,0,0,0,0,0,0,0,0,0,0,0,0,0
123IVORY,123,IVORY,14024,14024,0,0,0,123IVORY,123,IVORY,14024,0,0,0,14024,0,0,0,0,0,0,0,0,0,0,0,0,0,0,0
145WHITE,145,WHITE,1883,1883,0,0,0,145WHITE,145,WHITE,1883,0,0,0,1883,0,0,0,0,0,0,0,0,0,0,0,0,0,0,0
121-CWHITE,121-C,WHITE,1108,1108,0,0,0,121-CWHITE,121-C,WHITE,1108,0,0,0,1108,0,0,0,0,0,0,0,0,0,0,0,0,0,0,0
130-RWHITE,130-R,WHITE,110,110,0,0,0,130-RWHITE,130-R,WHITE,110,0,0,0,110,0,0,0,0,0,0,0,0,0,0,0,0,0,0,0
124-HWHITE,124-H,WHITE,4388,4388,0,0,0,124-HWHITE,124-H,WHITE,4388,0,0,0,4388,0,0,0,0,0,0,0,0,0,0,0,0,0,0,0
132-SIVORY,132-S,IVORY,154,154,0,0,0,132-SIVORY,132-S,IVORY,154,0,0,0,154,0,0,0,0,0,0,0,0,0,0,0,0,0,0,0
132-TIVORY,132-T,IVORY,3136,3136,0,0,0,132-TIVORY,132-T,IVORY,3136,0,0,0,3136,0,0,0,0,0,0,0,0,0,0,0,0,0,0,0
1311-HIVORY,1311-H,IVORY,237,237,0,0,0,1311-HIVORY,1311-H,IVORY,237,0,0,0,237,0,0,0,0,0,0,0,0,0,0,0,0,0,0,0
123-QIVORY,123-Q,IVORY,356,356,0,0,0,123-QIVORY,123-Q,IVORY,356,0,0,0,356,0,0,0,0,0,0,0,0,0,0,0,0,0,0,0
149-OIVORY,149-O,IVORY,412,412,0,0,0,149-OIVORY,149-O,IVORY,412,0,0,0,412,0,0,0,0,0,0,0,0,0,0,0,0,0,0,0
121-SWHITE,121-S,WHITE,2290,2290,0,0,0,121-SWHITE,121-S,WHITE,2290,0,0,0,2290,0,0,0,0,0,0,0,0,0,0,0,0,0,0,0
1311-HWHITE,1311-H,WHITE,446,446,0,0,0,1311-HWHITE,1311-H,WHITE,446,0,0,0,446,0,0,0,0,0,0,0,0,0,0,0,0,0,0,0
139WHITE,139,WHITE,825,825,0,0,0,139WHITE,139,WHITE,825,0,0,0,825,0,0,0,0,0,0,0,0,0,0,0,0,0,0,0
121-LWHITE,121-L,WHITE,379,379,0,0,0,121-LWHITE,121-L,WHITE,379,0,0,0,379,0,0,0,0,0,0,0,0,0,0,0,0,0,0,0
123-NWHITE,123-N,WHITE,70,70,0,0,0,123-NWHITE,123-N,WHITE,70,0,0,0,70,0,0,0,0,0,0,0,0,0,0,0,0,0,0,0
123-FHWHITE,123-FH,WHITE,516,516,0,0,0,123-FHWHITE,123-FH,WHITE,516,0,0,0,516,0,0,0,0,0,0,0,0,0,0,0,0,0,0,0
131-PWHITE,131-P,WHITE,100,100,0,0,0,131-PWHITE,131-P,WHITE,100,0,0,0,100,0,0,0,0,0,0,0,0,0,0,0,0,0,0,0
120-MWHITE,120-M,WHITE,1266,1266,0,0,0,120-MWHITE,120-M,WHITE,1266,0,0,0,1266,0,0,0,0,0,0,0,0,0,0,0,0,0,0,0
131-NWHITE,131-N,WHITE,710,710,0,0,0,131-NWHITE,131-N,WHITE,710,0,0,0,710,0,0,0,0,0,0,0,0,0,0,0,0,0,0,0
149-SWHITE,149-S,WHITE,75,75,0,0,0,149-SWHITE,149-S,WHITE,75,0,0,0,75,0,0,0,0,0,0,0,0,0,0,0,0,0,0,0
144-IWHITE,144-I,WHITE,352,352,0,0,0,144-IWHITE,144-I,WHITE,352,0,0,0,352,0,0,0,0,0,0,0,0,0,0,0,0,0,0,0
1375-OWHITE,1375-O,WHITE,72,72,0,0,0,1375-OWHITE,1375-O,WHITE,72,0,0,0,72,0,0,0,0,0,0,0,0,0,0,0,0,0,0,0
144-LWHITE,144-L,WHITE,76,76,0,0,0,144-LWHITE,144-L,WHITE,76,0,0,0,76,0,0,0,0,0,0,0,0,0,0,0,0,0,0,0
123-WSIVORY,123-WS,IVORY,244,244,0,0,0,123-WSIVORY,123-WS,IVORY,244,0,0,0,244,0,0,0,0,0,0,0,0,0,0,0,0,0,0,0
132-SWHITE,132-S,WHITE,247,247,0,0,0,132-SWHITE,132-S,WHITE,247,0,0,0,247,0,0,0,0,0,0,0,0,0,0,0,0,0,0,0
121-RWHITE,121-R,WHITE,172,172,0,0,0,121-RWHITE,121-R,WHITE,172,0,0,0,172,0,0,0,0,0,0,0,0,0,0,0,0,0,0,0
1375-DIVORY,1375-D,IVORY,4,4,0,0,0,1375-DIVORY,1375-D,IVORY,4,0,0,0,4,0,0,0,0,0,0,0,0,0,0,0,0,0,0,0
123-DWHITE,123-D,WHITE,44,44,0,0,0,123-DWHITE,123-D,WHITE,44,0,0,0,44,0,0,0,0,0,0,0,0,0,0,0,0,0,0,0
1375-HWHITE,1375-H,WHITE,336,336,0,0,0,1375-HWHITE,1375-H,WHITE,336,0,0,0,336,0,0,0,0,0,0,0,0,0,0,0,0,0,0,0
133-QIVORY,133-Q,IVORY,74,74,0,0,0,133-QIVORY,133-Q,IVORY,74,0,0,0,74,0,0,0,0,0,0,0,0,0,0,0,0,0,0,0
150-DWHITE,150-D,WHITE,13,13,0,0,0,150-DWHITE,150-D,WHITE,13,0,0,0,13,0,0,0,0,0,0,0,0,0,0,0,0,0,0,0
123-CFWHITE,123-CF,WHITE,476,476,0,0,0,123-CFWHITE,123-CF,WHITE,476,0,0,0,476,0,0,0,0,0,0,0,0,0,0,0,0,0,0,0
132-LWHITE,132-L,WHITE,33,33,0,0,0,132-LWHITE,132-L,WHITE,33,0,0,0,33,0,0,0,0,0,0,0,0,0,0,0,0,0,0,0
132-QIVORY,132-Q,IVORY,32,32,0,0,0,132-QIVORY,132-Q,IVORY,32,0,0,0,32,0,0,0,0,0,0,0,0,0,0,0,0,0,0,0
133-IWHITE,133-I,WHITE,17,17,0,0,0,133-IWHITE,133-I,WHITE,17,0,0,0,17,0,0,0,0,0,0,0,0,0,0,0,0,0,0,0
1375-HIVORY,1375-H,IVORY,102,102,0,0,0,1375-HIVORY,1375-H,IVORY,102,0,0,0,102,0,0,0,0,0,0,0,0,0,0,0,0,0,0,0
133-QWHITE,133-Q,WHITE,17,17,0,0,0,133-QWHITE,133-Q,WHITE,17,0,0,0,17,0,0,0,0,0,0,0,0,0,0,0,0,0,0,0
121-IIVORY,121-I,IVORY,32,32,0,0,0,121-IIVORY,121-I,IVORY,32,0,0,0,32,0,0,0,0,0,0,0,0,0,0,0,0,0,0,0
130-IWHITE,130-I,WHITE,10,10,0,0,0,130-IWHITE,130-I,WHITE,10,0,0,0,10,0,0,0,0,0,0,0,0,0,0,0,0,0,0,0
123-IWHITE,123-I,WHITE,430,430,0,0,0,123-IWHITE,123-I,WHITE,430,0,0,0,430,0,0,0,0,0,0,0,0,0,0,0,0,0,0,0
132-DWHITE,132-D,WHITE,17,17,0,0,0,132-DWHITE,132-D,WHITE,17,0,0,0,17,0,0,0,0,0,0,0,0,0,0,0,0,0,0,0
133-RWHITE,133-R,WHITE,9,9,0,0,0,133-RWHITE,133-R,WHITE,9,0,0,0,9,0,0,0,0,0,0,0,0,0,0,0,0,0,0,0
130-RIVORY,130-R,IVORY,166,166,0,0,0,130-RIVORY,130-R,IVORY,166,0,0,0,166,0,0,0,0,0,0,0,0,0,0,0,0,0,0,0
1375-DWHITE,1375-D,WHITE,15,15,0,0,0,1375-DWHITE,1375-D,WHITE,15,0,0,0,15,0,0,0,0,0,0,0,0,0,0,0,0,0,0,0
129-LWHITE,129-L,WHITE,212,212,0,0,0,129-LWHITE,129-L,WHITE,212,0,0,0,212,0,0,0,0,0,0,0,0,0,0,0,0,0,0,0
124-LWHITE,124-L,WHITE,239,239,0,0,0,124-LWHITE,124-L,WHITE,239,0,0,0,239,0,0,0,0,0,0,0,0,0,0,0,0,0,0,0
150-PWHITE,150-P,WHITE,15,15,0,0,0,150-PWHITE,150-P,WHITE,15,0,0,0,15,0,0,0,0,0,0,0,0,0,0,0,0,0,0,0
134-PWHITE,134-P,WHITE,14,14,0,0,0,134-PWHITE,134-P,WHITE,14,0,0,0,14,0,0,0,0,0,0,0,0,0,0,0,0,0,0,0
130-RNIVORY,130-RN,IVORY,61,61,0,0,0,130-RNIVORY,130-RN,IVORY,61,0,0,0,61,0,0,0,0,0,0,0,0,0,0,0,0,0,0,0
1861WHITE,1861,WHITE,165,165,0,0,0,1861WHITE,1861,WHITE,165,0,0,0,165,0,0,0,0,0,0,0,0,0,0,0,0,0,0,0
150-IWHITE,150-I,WHITE,15,15,0,0,0,150-IWHITE,150-I,WHITE,15,0,0,0,15,0,0,0,0,0,0,0,0,0,0,0,0,0,0,0
145-IWHITE,145-I,WHITE,105,105,0,0,0,145-IWHITE,145-I,WHITE,105,0,0,0,105,0,0,0,0,0,0,0,0,0,0,0,0,0,0,0
133-LWHITE,133-L,WHITE,14,14,0,0,0,133-LWHITE,133-L,WHITE,14,0,0,0,14,0,0,0,0,0,0,0,0,0,0,0,0,0,0,0
124-OIVORY,124-O,IVORY,1471,1471,0,0,0,124-OIVORY,124-O,IVORY,1471,0,0,0,1471,0,0,0,0,0,0,0,0,0,0,0,0,0,0,0
123-CWHITE,123-C,WHITE,1811,1811,0,0,0,123-CWHITE,123-C,WHITE,1811,0,0,0,1811,0,0,0,0,0,0,0,0,0,0,0,0,0,0,0
123-HWHITE,123-H,WHITE,1986,1986,0,0,0,123-HWHITE,123-H,WHITE,1986,0,0,0,1986,0,0,0,0,0,0,0,0,0,0,0,0,0,0,0
127-SWHITE,127-S,WHITE,238,238,0,0,0,127-SWHITE,127-S,WHITE,238,0,0,0,238,0,0,0,0,0,0,0,0,0,0,0,0,0,0,0
120-SWHITE,120-S,WHITE,4653,4653,0,0,0,120-SWHITE,120-S,WHITE,4653,0,0,0,4653,0,0,0,0,0,0,0,0,0,0,0,0,0,0,0
144-BWHITE,144-B,WHITE,515,515,0,0,0,144-BWHITE,144-B,WHITE,515,0,0,0,515,0,0,0,0,0,0,0,0,0,0,0,0,0,0,0
142IVORY,142,IVORY,2254,2254,0,0,0,142IVORY,142,IVORY,2254,0,0,0,2254,0,0,0,0,0,0,0,0,0,0,0,0,0,0,0
144-OIVORY,144-O,IVORY,1271,1271,0,0,0,144-OIVORY,144-O,IVORY,1271,0,0,0,1271,0,0,0,0,0,0,0,0,0,0,0,0,0,0,0
121IVORY,121,IVORY,31605,31605,0,0,0,121IVORY,121,IVORY,31605,0,0,0,31605,0,0,0,0,0,0,0,0,0,0,0,0,0,0,0
1375WHITE,1375,WHITE,66,66,0,0,0,1375WHITE,1375,WHITE,66,0,0,0,66,0,0,0,0,0,0,0,0,0,0,0,0,0,0,0
125-SWHITE,125-S,WHITE,120,120,0,0,0,125-SWHITE,125-S,WHITE,120,0,0,0,120,0,0,0,0,0,0,0,0,0,0,0,0,0,0,0
129-OWHITE,129-O,WHITE,1187,1187,0,0,0,129-OWHITE,129-O,WHITE,1187,0,0,0,1187,0,0,0,0,0,0,0,0,0,0,0,0,0,0,0
123-ENWHITE,123-EN,WHITE,38,38,0,0,0,123-ENWHITE,123-EN,WHITE,38,0,0,0,38,0,0,0,0,0,0,0,0,0,0,0,0,0,0,0
1375-UWHITE,1375-U,WHITE,16,16,0,0,0,1375-UWHITE,1375-U,WHITE,16,0,0,0,16,0,0,0,0,0,0,0,0,0,0,0,0,0,0,0
147WHITE,147,WHITE,2064,2064,0,0,0,147WHITE,147,WHITE,2064,0,0,0,2064,0,0,0,0,0,0,0,0,0,0,0,0,0,0,0
1491-HIVORY,1491-H,IVORY,111,111,0,0,0,1491-HIVORY,1491-H,IVORY,111,0,0,0,111,0,0,0,0,0,0,0,0,0,0,0,0,0,0,0
143IVORY,143,IVORY,3297,3297,0,0,0,143IVORY,143,IVORY,3297,0,0,0,3297,0,0,0,0,0,0,0,0,0,0,0,0,0,0,0
1491IVORY,1491,IVORY,375,375,0,0,0,1491IVORY,1491,IVORY,375,0,0,0,375,0,0,0,0,0,0,0,0,0,0,0,0,0,0,0
132-TWHITE,132-T,WHITE,1133,1133,0,0,0,132-TWHITE,132-T,WHITE,1133,0,0,0,1133,0,0,0,0,0,0,0,0,0,0,0,0,0,0,0
121WHITE,121,WHITE,24771,24771,0,0,0,121WHITE,121,WHITE,24771,0,0,0,24771,0,0,0,0,0,0,0,0,0,0,0,0,0,0,0
127IVORY,127,IVORY,1664,1664,0,0,0,127IVORY,127,IVORY,1664,0,0,0,1664,0,0,0,0,0,0,0,0,0,0,0,0,0,0,0
127-BWHITE,127-B,WHITE,343,0,343,0,0,127-BWHITE,127-B,WHITE,343,0,0,0,0,0,0,0,343,0,0,0,0,0,0,0,0,0,0,0
124-OWHITE,124-O,WHITE,3155,0,3155,0,0,124-OWHITE,124-O,WHITE,3155,0,0,0,0,0,0,0,3155,0,0,0,0,0,0,0,0,0,0,0
130IVORY,130,IVORY,2409,0,2409,0,0,130IVORY,130,IVORY,2409,0,0,0,0,0,0,0,2409,0,0,0,0,0,0,0,0,0,0,0
130-QWHITE,130-Q,WHITE,139,0,139,0,0,130-QWHITE,130-Q,WHITE,139,0,0,0,0,0,0,0,139,0,0,0,0,0,0,0,0,0,0,0
123-FWHITE,123-F,WHITE,812,0,812,0,0,123-FWHITE,123-F,WHITE,812,0,0,0,0,0,0,0,812,0,0,0,0,0,0,0,0,0,0,0
134-RWHITE,134-R,WHITE,45,0,45,0,0,134-RWHITE,134-R,WHITE,45,0,0,0,0,0,0,0,45,0,0,0,0,0,0,0,0,0,0,0
132IVORY,132,IVORY,1188,0,1188,0,0,132IVORY,132,IVORY,1188,0,0,0,0,0,0,0,1188,0,0,0,0,0,0,0,0,0,0,0
1441WHITE,1441,WHITE,381,0,381,0,0,1441WHITE,1441,WHITE,381,0,0,0,0,0,0,0,381,0,0,0,0,0,0,0,0,0,0,0
1322-SWHITE,1322-S,WHITE,198,0,198,0,0,1322-SWHITE,1322-S,WHITE,198,0,0,0,0,0,0,0,198,0,0,0,0,0,0,0,0,0,0,0
1323IVORY,1323,IVORY,249,0,249,0,0,1323IVORY,1323,IVORY,249,0,0,0,0,0,0,0,249,0,0,0,0,0,0,0,0,0,0,0
123WHITE,123,WHITE,4105,0,4105,0,0,123WHITE,123,WHITE,4105,0,0,0,0,0,0,0,4105,0,0,0,0,0,0,0,0,0,0,0
120-WWHITE,120-W,WHITE,329,0,329,0,0,120-WWHITE,120-W,WHITE,329,0,0,0,0,0,0,0,329,0,0,0,0,0,0,0,0,0,0,0
124-UWHITE,124-U,WHITE,64,0,64,0,0,124-UWHITE,124-U,WHITE,64,0,0,0,0,0,0,0,64,0,0,0,0,0,0,0,0,0,0,0
149-NPWHITE,149-NP,WHITE,18,0,18,0,0,149-NPWHITE,149-NP,WHITE,18,0,0,0,0,0,0,0,18,0,0,0,0,0,0,0,0,0,0,0
124-NWHITE,124-N,WHITE,9,0,9,0,0,124-NWHITE,124-N,WHITE,9,0,0,0,0,0,0,0,9,0,0,0,0,0,0,0,0,0,0,0
1391IVORY,1391,IVORY,1105,0,1105,0,0,1391IVORY,1391,IVORY,1105,0,0,0,0,0,0,0,1105,0,0,0,0,0,0,0,0,0,0,0
123-HIVORY,123-H,IVORY,983,0,983,0,0,123-HIVORY,123-H,IVORY,983,0,0,0,0,0,0,0,983,0,0,0,0,0,0,0,0,0,0,0
130-BWHITE,130-B,WHITE,252,0,252,0,0,130-BWHITE,130-B,WHITE,252,0,0,0,0,0,0,0,252,0,0,0,0,0,0,0,0,0,0,0
145-PIVORY,145-P,IVORY,8,0,8,0,0,145-PIVORY,145-P,IVORY,8,0,0,0,0,0,0,0,8,0,0,0,0,0,0,0,0,0,0,0
141-CWHITE,141-C,WHITE,70,0,70,0,0,141-CWHITE,141-C,WHITE,70,0,0,0,0,0,0,0,70,0,0,0,0,0,0,0,0,0,0,0
120IVORY,120,IVORY,427,0,427,0,0,120IVORY,120,IVORY,427,0,0,0,0,0,0,0,427,0,0,0,0,0,0,0,0,0,0,0
1375IVORY,1375,IVORY,25,0,25,0,0,1375IVORY,1375,IVORY,25,0,0,0,0,0,0,0,25,0,0,0,0,0,0,0,0,0,0,0
131IVORY,131,IVORY,496,0,496,0,0,131IVORY,131,IVORY,496,0,0,0,0,0,0,0,496,0,0,0,0,0,0,0,0,0,0,0
1321IVORY,1321,IVORY,53,0,53,0,0,1321IVORY,1321,IVORY,53,0,0,0,0,0,0,0,53,0,0,0,0,0,0,0,0,0,0,0
133-OWHITE,133-O,WHITE,40,0,40,0,0,133-OWHITE,133-O,WHITE,40,0,0,0,0,0,0,0,40,0,0,0,0,0,0,0,0,0,0,0
133-PWHITE,133-P,WHITE,7,0,7,0,0,133-PWHITE,133-P,WHITE,7,0,0,0,0,0,0,0,7,0,0,0,0,0,0,0,0,0,0,0
125-WSWHITE,125-WS,WHITE,196,0,196,0,0,125-WSWHITE,125-WS,WHITE,196,0,0,0,0,0,0,0,196,0,0,0,0,0,0,0,0,0,0,0
149-OWHITE,149-O,WHITE,190,0,190,0,0,149-OWHITE,149-O,WHITE,190,0,0,0,0,0,0,0,190,0,0,0,0,0,0,0,0,0,0,0
1291IVORY,1291,IVORY,90,0,90,0,0,1291IVORY,1291,IVORY,90,0,0,0,0,0,0,0,90,0,0,0,0,0,0,0,0,0,0,0
129WHITE,129,WHITE,4241,0,4241,0,0,129WHITE,129,WHITE,4241,0,0,0,0,0,0,0,4241,0,0,0,0,0,0,0,0,0,0,0
147-HWHITE,147-H,WHITE,202,0,202,0,0,147-HWHITE,147-H,WHITE,202,0,0,0,0,0,0,0,202,0,0,0,0,0,0,0,0,0,0,0
129PINK,129,PINK,47,0,47,0,0,129PINK,129,PINK,47,0,0,0,0,0,0,0,47,0,0,0,0,0,0,0,0,0,0,0
121-HIVORY,121-H,IVORY,449,0,449,0,0,121-HIVORY,121-H,IVORY,449,0,0,0,0,0,0,0,449,0,0,0,0,0,0,0,0,0,0,0
186IVORY,186,IVORY,109,0,109,0,0,186IVORY,186,IVORY,109,0,0,0,0,0,0,0,109,0,0,0,0,0,0,0,0,0,0,0
123-WSWHITE,123-WS,WHITE,498,0,498,0,0,123-WSWHITE,123-WS,WHITE,498,0,0,0,0,0,0,0,498,0,0,0,0,0,0,0,0,0,0,0
147-CWHITE,147-C,WHITE,201,0,0,201,0,147-CWHITE,147-C,WHITE,201,0,0,0,0,0,0,0,0,0,0,0,201,0,0,0,0,0,0,0
142WHITE,142,WHITE,375,0,0,375,0,142WHITE,142,WHITE,375,0,0,0,0,0,0,0,0,0,0,0,375,0,0,0,0,0,0,0
129-VIVORY,129-V,IVORY,11,0,0,11,0,129-VIVORY,129-V,IVORY,11,0,0,0,0,0,0,0,0,0,0,0,11,0,0,0,0,0,0,0
132-BWHITE,132-B,WHITE,53,0,0,53,0,132-BWHITE,132-B,WHITE,53,0,0,0,0,0,0,0,0,0,0,0,53,0,0,0,0,0,0,0
1321WHITE,1321,WHITE,68,0,0,68,0,1321WHITE,1321,WHITE,68,0,0,0,0,0,0,0,0,0,0,0,68,0,0,0,0,0,0,0
124-SWHITE,124-S,WHITE,333,0,0,333,0,124-SWHITE,124-S,WHITE,333,0,0,0,0,0,0,0,0,0,0,0,333,0,0,0,0,0,0,0
123-OWHITE,123-O,WHITE,498,0,0,498,0,123-OWHITE,123-O,WHITE,498,0,0,0,0,0,0,0,0,0,0,0,498,0,0,0,0,0,0,0
144-HIVORY,144-H,IVORY,367,0,0,367,0,144-HIVORY,144-H,IVORY,367,0,0,0,0,0,0,0,0,0,0,0,367,0,0,0,0,0,0,0
144-TWHITE,144-T,WHITE,195,0,0,195,0,144-TWHITE,144-T,WHITE,195,0,0,0,0,0,0,0,0,0,0,0,195,0,0,0,0,0,0,0
124-FHWHITE,124-FH,WHITE,114,0,0,114,0,124-FHWHITE,124-FH,WHITE,114,0,0,0,0,0,0,0,0,0,0,0,114,0,0,0,0,0,0,0
133-NEWWHITE,133-NEW,WHITE,62,0,0,62,0,133-NEWWHITE,133-NEW,WHITE,62,0,0,0,0,0,0,0,0,0,0,0,62,0,0,0,0,0,0,0
144-PIVORY,144-P,IVORY,171,0,0,171,0,144-PIVORY,144-P,IVORY,171,0,0,0,0,0,0,0,0,0,0,0,171,0,0,0,0,0,0,0
124-PIVORY,124-P,IVORY,158,0,0,158,0,124-PIVORY,124-P,IVORY,158,0,0,0,0,0,0,0,0,0,0,0,158,0,0,0,0,0,0,0
133-NIVORY,133-N,IVORY,12,0,0,12,0,133-NIVORY,133-N,IVORY,12,0,0,0,0,0,0,0,0,0,0,0,12,0,0,0,0,0,0,0
148-OWHITE,148-O,WHITE,12,0,0,12,0,148-OWHITE,148-O,WHITE,12,0,0,0,0,0,0,0,0,0,0,0,12,0,0,0,0,0,0,0
120WHITE,120,WHITE,559,0,0,559,0,120WHITE,120,WHITE,559,0,0,0,0,0,0,0,0,0,0,0,559,0,0,0,0,0,0,0
141-OWHITE,141-O,WHITE,177,0,0,177,0,141-OWHITE,141-O,WHITE,177,0,0,0,0,0,0,0,0,0,0,0,177,0,0,0,0,0,0,0
1491WHITE,1491,WHITE,105,0,0,105,0,1491WHITE,1491,WHITE,105,0,0,0,0,0,0,0,0,0,0,0,105,0,0,0,0,0,0,0
132-OTIVORY,132-OT,IVORY,11,0,0,11,0,132-OTIVORY,132-OT,IVORY,11,0,0,0,0,0,0,0,0,0,0,0,11,0,0,0,0,0,0,0
121-OIVORY,121-O,IVORY,2357,0,0,2357,0,121-OIVORY,121-O,IVORY,2357,0,0,0,0,0,0,0,0,0,0,0,2357,0,0,0,0,0,0,0
131-CWHITE,131-C,WHITE,267,0,0,267,0,131-CWHITE,131-C,WHITE,267,0,0,0,0,0,0,0,0,0,0,0,267,0,0,0,0,0,0,0
1375-SPIVORY,1375-SP,IVORY,5,0,0,5,0,1375-SPIVORY,1375-SP,IVORY,5,0,0,0,0,0,0,0,0,0,0,0,5,0,0,0,0,0,0,0
147-CQWHITE,147-CQ,WHITE,20,0,0,20,0,147-CQWHITE,147-CQ,WHITE,20,0,0,0,0,0,0,0,0,0,0,0,20,0,0,0,0,0,0,0
1241IVORY,1241,IVORY,183,0,0,183,0,1241IVORY,1241,IVORY,183,0,0,0,0,0,0,0,0,0,0,0,183,0,0,0,0,0,0,0
121-OPINK,121-O,PINK,374,0,0,374,0,121-OPINK,121-O,PINK,374,0,0,0,0,0,0,0,0,0,0,0,374,0,0,0,0,0,0,0
147-OIVORY,147-O,IVORY,38,0,0,38,0,147-OIVORY,147-O,IVORY,38,0,0,0,0,0,0,0,0,0,0,0,38,0,0,0,0,0,0,0
150-QIVORY,150-Q,IVORY,9,0,0,9,0,150-QIVORY,150-Q,IVORY,9,0,0,0,0,0,0,0,0,0,0,0,9,0,0,0,0,0,0,0
142-OWHITE,142-O,WHITE,101,0,0,101,0,142-OWHITE,142-O,WHITE,101,0,0,0,0,0,0,0,0,0,0,0,101,0,0,0,0,0,0,0
121-EWHITE,121-E,WHITE,507,0,0,507,0,121-EWHITE,121-E,WHITE,507,0,0,0,0,0,0,0,0,0,0,0,507,0,0,0,0,0,0,0
145-SWHITE,145-S,WHITE,73,0,0,73,0,145-SWHITE,145-S,WHITE,73,0,0,0,0,0,0,0,0,0,0,0,73,0,0,0,0,0,0,0
145-UWHITE,145-U,WHITE,15,0,0,15,0,145-UWHITE,145-U,WHITE,15,0,0,0,0,0,0,0,0,0,0,0,15,0,0,0,0,0,0,0
124-HIVORY,124-H,IVORY,210,0,0,210,0,124-HIVORY,124-H,IVORY,210,0,0,0,0,0,0,0,0,0,0,0,210,0,0,0,0,0,0,0
121-BWHITE,121-B,WHITE,199,0,0,199,0,121-BWHITE,121-B,WHITE,199,0,0,0,0,0,0,0,0,0,0,0,199,0,0,0,0,0,0,0
144-VIVORY,144-V,IVORY,37,0,0,37,0,144-VIVORY,144-V,IVORY,37,0,0,0,0,0,0,0,0,0,0,0,37,0,0,0,0,0,0,0
149-EIVORY,149-E,IVORY,27,0,0,27,0,149-EIVORY,149-E,IVORY,27,0,0,0,0,0,0,0,0,0,0,0,27,0,0,0,0,0,0,0
144-QIVORY,144-Q,IVORY,54,0,0,54,0,144-QIVORY,144-Q,IVORY,54,0,0,0,0,0,0,0,0,0,0,0,54,0,0,0,0,0,0,0
124-WSWHITE,124-WS,WHITE,408,0,0,408,0,124-WSWHITE,124-WS,WHITE,408,0,0,0,0,0,0,0,0,0,0,0,408,0,0,0,0,0,0,0
141-EWHITE,141-E,WHITE,102,0,0,102,0,141-EWHITE,141-E,WHITE,102,0,0,0,0,0,0,0,0,0,0,0,102,0,0,0,0,0,0,0
121-IWHITE,121-I,WHITE,13,0,0,13,0,121-IWHITE,121-I,WHITE,13,0,0,0,0,0,0,0,0,0,0,0,13,0,0,0,0,0,0,0
129-BWHITE,129-B,WHITE,50,0,0,50,0,129-BWHITE,129-B,WHITE,50,0,0,0,0,0,0,0,0,0,0,0,50,0,0,0,0,0,0,0
130-EIVORY,130-E,IVORY,90,0,0,90,0,130-EIVORY,130-E,IVORY,90,0,0,0,0,0,0,0,0,0,0,0,90,0,0,0,0,0,0,0
129-QWHITE,129-Q,WHITE,17,0,0,17,0,129-QWHITE,129-Q,WHITE,17,0,0,0,0,0,0,0,0,0,0,0,17,0,0,0,0,0,0,0
120-RIVORY,120-R,IVORY,113,0,0,113,0,120-RIVORY,120-R,IVORY,113,0,0,0,0,0,0,0,0,0,0,0,113,0,0,0,0,0,0,0
145-QWHITE,145-Q,WHITE,3,0,0,3,0,145-QWHITE,145-Q,WHITE,3,0,0,0,0,0,0,0,0,0,0,0,3,0,0,0,0,0,0,0
1322-HNWHITE,1322-HN,WHITE,13,0,0,13,0,1322-HNWHITE,1322-HN,WHITE,13,0,0,0,0,0,0,0,0,0,0,0,13,0,0,0,0,0,0,0
147-OSQWHITE,147-OSQ,WHITE,3,0,0,3,0,147-OSQWHITE,147-OSQ,WHITE,3,0,0,0,0,0,0,0,0,0,0,0,3,0,0,0,0,0,0,0
150WHITE,150,WHITE,12,0,0,12,0,150WHITE,150,WHITE,12,0,0,0,0,0,0,0,0,0,0,0,12,0,0,0,0,0,0,0
130-SIVORY,130-S,IVORY,26,0,0,26,0,130-SIVORY,130-S,IVORY,26,0,0,0,0,0,0,0,0,0,0,0,26,0,0,0,0,0,0,0
124-WWHITE,124-W,WHITE,60,0,0,60,0,124-WWHITE,124-W,WHITE,60,0,0,0,0,0,0,0,0,0,0,0,60,0,0,0,0,0,0,0
132-HBURGUNDY,132-H,BURGUNDY,68,0,0,68,0,132-HBURGUNDY,132-H,BURGUNDY,68,0,0,0,0,0,0,0,0,0,0,0,68,0,0,0,0,0,0,0
131-HWHITE,131-H,WHITE,45,0,0,45,0,131-HWHITE,131-H,WHITE,45,0,0,0,0,0,0,0,0,0,0,0,45,0,0,0,0,0,0,0
145-LWHITE,145-L,WHITE,2,0,0,2,0,145-LWHITE,145-L,WHITE,2,0,0,0,0,0,0,0,0,0,0,0,2,0,0,0,0,0,0,0
132-EIVORY,132-E,IVORY,39,0,0,39,0,132-EIVORY,132-E,IVORY,39,0,0,0,0,0,0,0,0,0,0,0,39,0,0,0,0,0,0,0
146-OWHITE,146-O,WHITE,4,0,0,4,0,146-OWHITE,146-O,WHITE,4,0,0,0,0,0,0,0,0,0,0,0,4,0,0,0,0,0,0,0
141WHITE,141,WHITE,57,0,0,0,57,141WHITE,141,WHITE,57,0,0,0,0,0,0,0,0,0,0,0,0,0,0,0,57,0,0,0
131-HIVORY,131-H,IVORY,20,0,0,0,20,131-HIVORY,131-H,IVORY,20,0,0,0,0,0,0,0,0,0,0,0,0,0,0,0,20,0,0,0
147-DIVORY,147-D,IVORY,3,0,0,0,3,147-DIVORY,147-D,IVORY,3,0,0,0,0,0,0,0,0,0,0,0,0,0,0,0,3,0,0,0
123PINK,123,PINK,47,0,0,0,47,123PINK,123,PINK,47,0,0,0,0,0,0,0,0,0,0,0,0,0,0,0,47,0,0,0
150-CWHITE,150-C,WHITE,1,0,0,0,1,150-CWHITE,150-C,WHITE,1,0,0,0,0,0,0,0,0,0,0,0,0,0,0,0,1,0,0,0
1311WHITE,1311,WHITE,14,0,0,0,14,1311WHITE,1311,WHITE,14,0,0,0,0,0,0,0,0,0,0,0,0,0,0,0,14,0,0,0
1241WHITE,1241,WHITE,37,0,0,0,37,1241WHITE,1241,WHITE,37,0,0,0,0,0,0,0,0,0,0,0,0,0,0,0,37,0,0,0
130-EWHITE,130-E,WHITE,31,0,0,0,31,130-EWHITE,130-E,WHITE,31,0,0,0,0,0,0,0,0,0,0,0,0,0,0,0,31,0,0,0
124-BWHITE,124-B,WHITE,48,0,0,0,48,124-BWHITE,124-B,WHITE,48,0,0,0,0,0,0,0,0,0,0,0,0,0,0,0,48,0,0,0
144-EIVORY,144-E,IVORY,46,0,0,0,46,144-EIVORY,144-E,IVORY,46,0,0,0,0,0,0,0,0,0,0,0,0,0,0,0,46,0,0,0
129-DWHITE,129-D,WHITE,0,0,0,0,0,129-DWHITE,129-D,WHITE,0,0,0,0,0,0,0,0,0,0,0,0,0,0,0,0,0,0,0,0
150IVORY,150,IVORY,0,0,0,0,0,150IVORY,150,IVORY,0,0,0,0,0,0,0,0,0,0,0,0,0,0,0,0,0,0,0,0
124-CFWHITE,124-CF,WHITE,3,0,0,0,3,124-CFWHITE,124-CF,WHITE,3,0,0,0,0,0,0,0,0,0,0,0,0,0,0,0,3,0,0,0
1311IVORY,1311,IVORY,0,0,0,0,0,400-QWHITE,400-Q,WHITE,41,0,0,0,0,0,0,0,0,0,0,0,0,0,0,0,41,0,0,0
143-EWHITE,143-E,WHITE,0,0,0,0,0,123-RWHITE,123-R,WHITE,10,0,0,0,0,0,0,0,0,0,0,0,0,0,0,0,10,0,0,0
121-EIVORY,121-E,IVORY,-8,0,0,0,-8,147-RWHITE,147-R,WHITE,3,0,0,0,0,0,0,0,0,0,0,0,0,0,0,0,3,0,0,0
129-EIVORY,129-E,IVORY,-1,0,0,0,-1,124-RWHITE,124-R,WHITE,29,0,0,0,0,0,0,0,0,0,0,0,0,0,0,0,29,0,0,0
123-FIVORY,123-F,IVORY,-3,0,0,0,-3,1375-QIVORY,1375-Q,IVORY,2,0,0,0,0,0,0,0,0,0,0,0,0,0,0,0,2,0,0,0
145-HWHITE,145-H,WHITE,-11,0,0,0,-11,129-RWHITE,129-R,WHITE,30,0,0,0,0,0,0,0,0,0,0,0,0,0,0,0,0,0,0,0
124-EWHITE,124-E,WHITE,-17,0,0,0,-17,134IVORY,134,IVORY,5,0,0,0,0,0,0,0,0,0,0,0,0,0,0,0,0,0,0,0
400-QWHITE,400-Q,WHITE,41,0,0,0,41,400-IIVORY,400-I,IVORY,6,0,0,0,0,0,0,0,0,0,0,0,0,0,0,0,0,0,0,0
120-WIVORY,120-W,IVORY,-23,0,0,0,-23,134-QIVORY,134-Q,IVORY,14,0,0,0,0,0,0,0,0,0,0,0,0,0,0,0,0,0,0,0
147-SQWHITE,147-SQ,WHITE,-3,0,0,0,-3,135-QIVORY,135-Q,IVORY,13,0,0,0,0,0,0,0,0,0,0,0,0,0,0,0,0,0,0,0
130-VIVORY,130-V,IVORY,-1,0,0,0,-1,147-IIVORY,147-I,IVORY,87,0,0,0,0,0,0,0,0,0,0,0,0,0,0,0,0,0,0,0
149-BWHITE,149-B,WHITE,-8,0,0,0,-8,1375-BIVORY,1375-B,IVORY,48,0,0,0,0,0,0,0,0,0,0,0,0,0,0,0,0,0,0,0
129-UWHITE,129-U,WHITE,-3,0,0,0,-3,1375-EWHITE,1375-E,WHITE,2,0,0,0,0,0,0,0,0,0,0,0,0,0,0,0,0,0,0,0
147-PIVORY,147-P,IVORY,-10,0,0,0,-10,130-DWHITE,130-D,WHITE,30,0,0,0,0,0,0,0,0,0,0,0,0,0,0,0,0,0,0,0
127-OIVORY,127-O,IVORY,-27,0,0,0,-27,400-IWHITE,400-I,WHITE,8,0,0,0,0,0,0,0,0,0,0,0,0,0,0,0,0,0,0,0
148-HWHITE,148-H,WHITE,-5,0,0,0,-5,1351WHITE,1351,WHITE,2,0,0,0,0,0,0,0,0,0,0,0,0,0,0,0,0,0,0,0
147-EIVORY,147-E,IVORY,-18,0,0,0,-18,1501WHITE,1501,WHITE,2,0,0,0,0,0,0,0,0,0,0,0,0,0,0,0,0,0,0,0
129-OIVORY,129-O,IVORY,-21,0,0,0,-21,,,,,0,0,0,0,0,0,0,0,0,0,0,0,0,0,0,0,0,0,0
123-EWHITE,123-E,WHITE,-13,0,0,0,-13,,,,,0,0,0,0,0,0,0,0,0,0,0,0,0,0,0,0,0,0,0
1451IVORY,1451,IVORY,-7,0,0,0,-7,,,,,0,0,0,0,0,0,0,0,0,0,0,0,0,0,0,0,0,0,0
143-HWHITE,143-H,WHITE,-25,0,0,0,-25,,,,,0,0,0,0,0,0,0,0,0,0,0,0,0,0,0,0,0,0,0
147-BWHITE,147-B,WHITE,-12,0,0,0,-12,,,,,0,0,0,0,0,0,0,0,0,0,0,0,0,0,0,0,0,0,0
1322-DIVORY,1322-D,IVORY,-6,0,0,0,-6,,,,,0,0,0,0,0,0,0,0,0,0,0,0,0,0,0,0,0,0,0
144PINK,144,PINK,-262,0,0,0,-262,,,,,0,0,0,0,0,0,0,0,0,0,0,0,0,0,0,0,0,0,0
124-EIVORY,124-E,IVORY,-52,0,0,0,-52,,,,,0,0,0,0,0,0,0,0,0,0,0,0,0,0,0,0,0,0,0
131-OWHITE,131-O,WHITE,-75,0,0,0,-75,,,,,0,0,0,0,0,0,0,0,0,0,0,0,0,0,0,0,0,0,0
1311-NIVORY,1311-N,IVORY,-14,0,0,0,-14,,,,,0,0,0,0,0,0,0,0,0,0,0,0,0,0,0,0,0,0,0
140IVORY,140,IVORY,-87,0,0,0,-87,,,,,0,0,0,0,0,0,0,0,0,0,0,0,0,0,0,0,0,0,0
132-UWHITE,132-U,WHITE,-10,0,0,0,-10,,,,,0,0,0,0,0,0,0,0,0,0,0,0,0,0,0,0,0,0,0
142-EWHITE,142-E,WHITE,-29,0,0,0,-29,,,,,0,0,0,0,0,0,0,0,0,0,0,0,0,0,0,0,0,0,0
132-OIVORY,132-O,IVORY,-18,0,0,0,-18,,,,,0,0,0,0,0,0,0,0,0,0,0,0,0,0,0,0,0,0,0
123-LWHITE,123-L,WHITE,-7,0,0,0,-7,,,,,0,0,0,0,0,0,0,0,0,0,0,0,0,0,0,0,0,0,0
144-NWHITE,144-N,WHITE,-5,0,0,0,-5,,,,,0,0,0,0,0,0,0,0,0,0,0,0,0,0,0,0,0,0,0
131-NIVORY,131-N,IVORY,-55,0,0,0,-55,,,,,0,0,0,0,0,0,0,0,0,0,0,0,0,0,0,0,0,0,0
123-EFWHITE,123-EF,WHITE,-39,0,0,0,-39,,,,,0,0,0,0,0,0,0,0,0,0,0,0,0,0,0,0,0,0,0
123-SWHITE,123-S,WHITE,-54,0,0,0,-54,,,,,0,0,0,0,0,0,0,0,0,0,0,0,0,0,0,0,0,0,0
150-QWHITE,150-Q,WHITE,-2,0,0,0,-2,,,,,0,0,0,0,0,0,0,0,0,0,0,0,0,0,0,0,0,0,0
145-SIVORY,145-S,IVORY,-24,0,0,0,-24,,,,,0,0,0,0,0,0,0,0,0,0,0,0,0,0,0,0,0,0,0
132-PIVORY,132-P,IVORY,-21,0,0,0,-21,,,,,0,0,0,0,0,0,0,0,0,0,0,0,0,0,0,0,0,0,0
144-RWHITE,144-R,WHITE,-56,0,0,0,-56,,,,,0,0,0,0,0,0,0,0,0,0,0,0,0,0,0,0,0,0,0
130-PIVORY,130-P,IVORY,-42,0,0,0,-42,,,,,0,0,0,0,0,0,0,0,0,0,0,0,0,0,0,0,0,0,0
141-NPIVORY,141-NP,IVORY,-4,0,0,0,-4,,,,,0,0,0,0,0,0,0,0,0,0,0,0,0,0,0,0,0,0,0
123-UWHITE,123-U,WHITE,-29,0,0,0,-29,,,,,0,0,0,0,0,0,0,0,0,0,0,0,0,0,0,0,0,0,0
134-OWHITE,134-O,WHITE,-9,0,0,0,-9,,,,,0,0,0,0,0,0,0,0,0,0,0,0,0,0,0,0,0,0,0
123-RWHITE,123-R,WHITE,10,0,0,0,10,,,,,0,0,0,0,0,0,0,0,0,0,0,0,0,0,0,0,0,0,0
125-SIVORY,125-S,IVORY,-41,0,0,0,-41,,,,,0,0,0,0,0,0,0,0,0,0,0,0,0,0,0,0,0,0,0
121-RIVORY,121-R,IVORY,-25,0,0,0,-25,,,,,0,0,0,0,0,0,0,0,0,0,0,0,0,0,0,0,0,0,0
124-FPWHITE,124-FP,WHITE,-25,0,0,0,-25,,,,,0,0,0,0,0,0,0,0,0,0,0,0,0,0,0,0,0,0,0
139-MWHITE,139-M,WHITE,-70,0,0,0,-70,,,,,0,0,0,0,0,0,0,0,0,0,0,0,0,0,0,0,0,0,0
1441IVORY,1441,IVORY,-442,0,0,0,-442,,,,,0,0,0,0,0,0,0,0,0,0,0,0,0,0,0,0,0,0,0
124-SIVORY,124-S,IVORY,-173,0,0,0,-173,,,,,0,0,0,0,0,0,0,0,0,0,0,0,0,0,0,0,0,0,0
121PINK,121,PINK,-72,0,0,0,-72,,,,,0,0,0,0,0,0,0,0,0,0,0,0,0,0,0,0,0,0,0
121-SIVORY,121-S,IVORY,-598,0,0,0,-598,,,,,0,0,0,0,0,0,0,0,0,0,0,0,0,0,0,0,0,0,0
138WHITE,138,WHITE,-37,0,0,0,-37,,,,,0,0,0,0,0,0,0,0,0,0,0,0,0,0,0,0,0,0,0
147-LWHITE,147-L,WHITE,-4,0,0,0,-4,,,,,0,0,0,0,0,0,0,0,0,0,0,0,0,0,0,0,0,0,0
123-QWHITE,123-Q,WHITE,-208,0,0,0,-208,,,,,0,0,0,0,0,0,0,0,0,0,0,0,0,0,0,0,0,0,0
145-BWHITE,145-B,WHITE,-82,0,0,0,-82,,,,,0,0,0,0,0,0,0,0,0,0,0,0,0,0,0,0,0,0,0
127-SIVORY,127-S,IVORY,-124,0,0,0,-124,,,,,0,0,0,0,0,0,0,0,0,0,0,0,0,0,0,0,0,0,0
1311-NWHITE,1311-N,WHITE,-51,0,0,0,-51,,,,,0,0,0,0,0,0,0,0,0,0,0,0,0,0,0,0,0,0,0
1375-RIVORY,1375-R,IVORY,-5,0,0,0,-5,,,,,0,0,0,0,0,0,0,0,0,0,0,0,0,0,0,0,0,0,0
121BLUE,121,BLUE,-92,0,0,0,-92,,,,,0,0,0,0,0,0,0,0,0,0,0,0,0,0,0,0,0,0,0
147-RWHITE,147-R,WHITE,3,0,0,0,3,,,,,0,0,0,0,0,0,0,0,0,0,0,0,0,0,0,0,0,0,0
130-PWHITE,130-P,WHITE,-61,0,0,0,-61,,,,,0,0,0,0,0,0,0,0,0,0,0,0,0,0,0,0,0,0,0
139IVORY,139,IVORY,-623,0,0,0,-623,,,,,0,0,0,0,0,0,0,0,0,0,0,0,0,0,0,0,0,0,0
124-RWHITE,124-R,WHITE,29,0,0,0,29,,,,,0,0,0,0,0,0,0,0,0,0,0,0,0,0,0,0,0,0,0
132-HIVORY,132-H,IVORY,-281,0,0,0,-281,,,,,0,0,0,0,0,0,0,0,0,0,0,0,0,0,0,0,0,0,0
129-DIVORY,129-D,IVORY,-13,0,0,0,-13,,,,,0,0,0,0,0,0,0,0,0,0,0,0,0,0,0,0,0,0,0
1375-QIVORY,1375-Q,IVORY,2,0,0,0,2,,,,,0,0,0,0,0,0,0,0,0,0,0,0,0,0,0,0,0,0,0
149-NPIVORY,149-NP,IVORY,-17,0,0,0,-17,,,,,0,0,0,0,0,0,0,0,0,0,0,0,0,0,0,0,0,0,0
129-HIVORY,129-H,IVORY,-58,0,0,0,-58,,,,,0,0,0,0,0,0,0,0,0,0,0,0,0,0,0,0,0,0,0
145-PWHITE,145-P,WHITE,-19,0,0,0,-19,,,,,0,0,0,0,0,0,0,0,0,0,0,0,0,0,0,0,0,0,0
1322-VIVORY,1322-V,IVORY,-19,0,0,0,-19,,,,,0,0,0,0,0,0,0,0,0,0,0,0,0,0,0,0,0,0,0
144-EWHITE,144-E,WHITE,-199,0,0,0,-199,,,,,0,0,0,0,0,0,0,0,0,0,0,0,0,0,0,0,0,0,0
149-SIVORY,149-S,IVORY,-56,0,0,0,-56,,,,,0,0,0,0,0,0,0,0,0,0,0,0,0,0,0,0,0,0,0
144-TIVORY,144-T,IVORY,-234,0,0,0,-234,,,,,0,0,0,0,0,0,0,0,0,0,0,0,0,0,0,0,0,0,0
1322-SIVORY,1322-S,IVORY,-79,0,0,0,-79,,,,,0,0,0,0,0,0,0,0,0,0,0,0,0,0,0,0,0,0,0
1231WHITE,1231,WHITE,-199,0,0,0,-199,,,,,0,0,0,0,0,0,0,0,0,0,0,0,0,0,0,0,0,0,0
132-QWHITE,132-Q,WHITE,-189,0,0,0,-189,,,,,0,0,0,0,0,0,0,0,0,0,0,0,0,0,0,0,0,0,0
129-PIVORY,129-P,IVORY,-29,0,0,0,-29,,,,,0,0,0,0,0,0,0,0,0,0,0,0,0,0,0,0,0,0,0
148IVORY,148,IVORY,-188,0,0,0,-188,,,,,0,0,0,0,0,0,0,0,0,0,0,0,0,0,0,0,0,0,0
133-HWHITE,133-H,WHITE,-319,0,0,0,-319,,,,,0,0,0,0,0,0,0,0,0,0,0,0,0,0,0,0,0,0,0
136WHITE,136,WHITE,-750,0,0,0,-750,,,,,,,,,,,,,,,,,,,,,,,
133-NEWIVORY,133-NEW,IVORY,-360,0,0,0,-360,,,,,,,,,,,,,,,,,,,,,,,
124-FIVORY,124-F,IVORY,-302,0,0,0,0,,,,,,,,,,,,,,,,,,,,,,,
149-VIVORY,149-V,IVORY,-115,0,0,0,0,,,,,,,,,,,,,,,,,,,,,,,
123-NNWHITE,123-NN,WHITE,-99,0,0,0,0,,,,,,,,,,,,,,,,,,,,,,,
123-PIVORY,123-P,IVORY,-84,0,0,0,0,,,,,,,,,,,,,,,,,,,,,,,
144-DWHITE,144-D,WHITE,-187,0,0,0,0,,,,,,,,,,,,,,,,,,,,,,,
132-IIVORY,132-I,IVORY,-27,0,0,0,0,,,,,,,,,,,,,,,,,,,,,,,
143-OWHITE,143-O,WHITE,-105,0,0,0,0,,,,,,,,,,,,,,,,,,,,,,,
120-SIVORY,120-S,IVORY,-381,0,0,0,0,,,,,,,,,,,,,,,,,,,,,,,
146WHITE,146,WHITE,-350,0,0,0,0,,,,,,,,,,,,,,,,,,,,,,,
123-DIVORY,123-D,IVORY,-155,0,0,0,0,,,,,,,,,,,,,,,,,,,,,,,
130PINK,130,PINK,-171,0,0,0,0,,,,,,,,,,,,,,,,,,,,,,,
132-VIVORY,132-V,IVORY,-68,0,0,0,0,,,,,,,,,,,,,,,,,,,,,,,
133-BWHITE,133-B,WHITE,-71,0,0,0,0,,,,,,,,,,,,,,,,,,,,,,,
144-RIVORY,144-R,IVORY,-192,0,0,0,0,,,,,,,,,,,,,,,,,,,,,,,
134-OIVORY,134-O,IVORY,-12,0,0,0,0,,,,,,,,,,,,,,,,,,,,,,,
145-EIVORY,145-E,IVORY,-395,0,0,0,0,,,,,,,,,,,,,,,,,,,,,,,
1231-FWHITE,1231-F,WHITE,-152,0,0,0,0,,,,,,,,,,,,,,,,,,,,,,,
145-OIVORY,145-O,IVORY,-295,0,0,0,0,,,,,,,,,,,,,,,,,,,,,,,
144-DIVORY,144-D,IVORY,-339,0,0,0,0,,,,,,,,,,,,,,,,,,,,,,,
142-HWHITE,142-H,WHITE,-353,0,0,0,0,,,,,,,,,,,,,,,,,,,,,,,
132-DIVORY,132-D,IVORY,-70,0,0,0,0,,,,,,,,,,,,,,,,,,,,,,,
130-BIVORY,130-B,IVORY,-168,0,0,0,0,,,,,,,,,,,,,,,,,,,,,,,
130-HWHITE,130-H,WHITE,-396,0,0,0,0,,,,,,,,,,,,,,,,,,,,,,,
129-QIVORY,129-Q,IVORY,-189,0,0,0,0,,,,,,,,,,,,,,,,,,,,,,,
147-PWHITE,147-P,WHITE,-117,0,0,0,0,,,,,,,,,,,,,,,,,,,,,,,
133-OIVORY,133-O,IVORY,-146,0,0,0,0,,,,,,,,,,,,,,,,,,,,,,,
121-PIVORY,121-P,IVORY,-700,0,0,0,0,,,,,,,,,,,,,,,,,,,,,,,
133-SIVORY,133-S,IVORY,-155,0,0,0,0,,,,,,,,,,,,,,,,,,,,,,,
132-RIVORY,132-R,IVORY,-122,0,0,0,0,,,,,,,,,,,,,,,,,,,,,,,
1411WHITE,1411,WHITE,-156,0,0,0,0,,,,,,,,,,,,,,,,,,,,,,,
1471WHITE,1471,WHITE,-29,0,0,0,0,,,,,,,,,,,,,,,,,,,,,,,
137WHITE,137,WHITE,0,0,0,0,0,,,,,,,,,,,,,,,,,,,,,,,
129-RWHITE,129-R,WHITE,30,0,0,0,0,,,,,,,,,,,,,,,,,,,,,,,
130-UWHITE,130-U,WHITE,0,0,0,0,0,,,,,,,,,,,,,,,,,,,,,,,
141-OIVORY,141-O,IVORY,-8,0,0,0,0,,,,,,,,,,,,,,,,,,,,,,,
147-HQWHITE,147-HQ,WHITE,-4,0,0,0,0,,,,,,,,,,,,,,,,,,,,,,,
145-HIVORY,145-H,IVORY,-57,0,0,0,0,,,,,,,,,,,,,,,,,,,,,,,
125-WSIVORY,125-WS,IVORY,-122,0,0,0,0,,,,,,,,,,,,,,,,,,,,,,,
133-HIVORY,133-H,IVORY,-45,0,0,0,0,,,,,,,,,,,,,,,,,,,,,,,
134IVORY,134,IVORY,5,0,0,0,0,,,,,,,,,,,,,,,,,,,,,,,
400-IIVORY,400-I,IVORY,6,0,0,0,0,,,,,,,,,,,,,,,,,,,,,,,
1332WHITE,1332,WHITE,-23,0,0,0,0,,,,,,,,,,,,,,,,,,,,,,,
1451WHITE,1451,WHITE,-68,0,0,0,0,,,,,,,,,,,,,,,,,,,,,,,
134-QIVORY,134-Q,IVORY,14,0,0,0,0,,,,,,,,,,,,,,,,,,,,,,,
124-IWHITE,124-I,WHITE,-139,0,0,0,0,,,,,,,,,,,,,,,,,,,,,,,
123-SIVORY,123-S,IVORY,-204,0,0,0,0,,,,,,,,,,,,,,,,,,,,,,,
1332IVORY,1332,IVORY,-39,0,0,0,0,,,,,,,,,,,,,,,,,,,,,,,
136IVORY,136,IVORY,-246,0,0,0,0,,,,,,,,,,,,,,,,,,,,,,,
1471IVORY,1471,IVORY,-80,0,0,0,0,,,,,,,,,,,,,,,,,,,,,,,
150-OIVORY,150-O,IVORY,-53,0,0,0,0,,,,,,,,,,,,,,,,,,,,,,,
120-CIVORY,120-C,IVORY,-53,0,0,0,0,,,,,,,,,,,,,,,,,,,,,,,
130-VWHITE,130-V,WHITE,-54,0,0,0,0,,,,,,,,,,,,,,,,,,,,,,,
130-DIVORY,130-D,IVORY,-24,0,0,0,0,,,,,,,,,,,,,,,,,,,,,,,
147-DWHITE,147-D,WHITE,0,0,0,0,0,,,,,,,,,,,,,,,,,,,,,,,
133-UWHITE,133-U,WHITE,-74,0,0,0,0,,,,,,,,,,,,,,,,,,,,,,,
1323WHITE,1323,WHITE,-201,0,0,0,0,,,,,,,,,,,,,,,,,,,,,,,
145-EWHITE,145-E,WHITE,-132,0,0,0,0,,,,,,,,,,,,,,,,,,,,,,,
133-DIVORY,133-D,IVORY,-65,0,0,0,0,,,,,,,,,,,,,,,,,,,,,,,
400-RIVORY,400-R,IVORY,-22,0,0,0,0,,,,,,,,,,,,,,,,,,,,,,,
145-QIVORY,145-Q,IVORY,-520,0,0,0,0,,,,,,,,,,,,,,,,,,,,,,,
123-OIVORY,123-O,IVORY,-4684,0,0,0,0,,,,,,,,,,,,,,,,,,,,,,,
121-O.,121-O,.,0,0,0,0,0,,,,,,,,,,,,,,,,,,,,,,,
145-NWHITE,145-N,WHITE,0,0,0,0,0,,,,,,,,,,,,,,,,,,,,,,,
135-QIVORY,135-Q,IVORY,13,0,0,0,0,,,,,,,,,,,,,,,,,,,,,,,
150-UWHITE,150-U,WHITE,-3,0,0,0,0,,,,,,,,,,,,,,,,,,,,,,,
132-NWHITE,132-N,WHITE,-5,0,0,0,0,,,,,,,,,,,,,,,,,,,,,,,
123-IIVORY,123-I,IVORY,-118,0,0,0,0,,,,,,,,,,,,,,,,,,,,,,,
133-NWHITE,133-N,WHITE,-12,0,0,0,0,,,,,,,,,,,,,,,,,,,,,,,
134-RIVORY,134-R,IVORY,-5,0,0,0,0,,,,,,,,,,,,,,,,,,,,,,,
135IVORY,135,IVORY,-7,0,0,0,0,,,,,,,,,,,,,,,,,,,,,,,
147-VIVORY,147-V,IVORY,-36,0,0,0,0,,,,,,,,,,,,,,,,,,,,,,,
121-VWHITE,121-V,WHITE,-213,0,0,0,0,,,,,,,,,,,,,,,,,,,,,,,
129-NWHITE,129-N,WHITE,-4,0,0,0,0,,,,,,,,,,,,,,,,,,,,,,,
144-VWHITE,144-V,WHITE,-192,0,0,0,0,,,,,,,,,,,,,,,,,,,,,,,
123-RIVORY,123-R,IVORY,-100,0,0,0,0,,,,,,,,,,,,,,,,,,,,,,,
150-OWHITE,150-O,WHITE,-12,0,0,0,0,,,,,,,,,,,,,,,,,,,,,,,
146-EWHITE,146-E,WHITE,-37,0,0,0,0,,,,,,,,,,,,,,,,,,,,,,,
147-IIVORY,147-I,IVORY,87,0,0,0,0,,,,,,,,,,,,,,,,,,,,,,,
147-VWHITE,147-V,WHITE,-72,0,0,0,0,,,,,,,,,,,,,,,,,,,,,,,
1375-LWHITE,1375-L,WHITE,-7,0,0,0,0,,,,,,,,,,,,,,,,,,,,,,,
1322-VWHITE,1322-V,WHITE,-100,0,0,0,0,,,,,,,,,,,,,,,,,,,,,,,
144-IIVORY,144-I,IVORY,-182,0,0,0,0,,,,,,,,,,,,,,,,,,,,,,,
135-UWHITE,135-U,WHITE,-4,0,0,0,0,,,,,,,,,,,,,,,,,,,,,,,
133-RIVORY,133-R,IVORY,-30,0,0,0,0,,,,,,,,,,,,,,,,,,,,,,,
147-IWHITE,147-I,WHITE,-99,0,0,0,0,,,,,,,,,,,,,,,,,,,,,,,
124-WSIVORY,124-WS,IVORY,-897,0,0,0,0,,,,,,,,,,,,,,,,,,,,,,,
147-LQWHITE,147-LQ,WHITE,-47,0,0,0,0,,,,,,,,,,,,,,,,,,,,,,,
133-IIVORY,133-I,IVORY,-116,0,0,0,0,,,,,,,,,,,,,,,,,,,,,,,
132-BIVORY,132-B,IVORY,0,0,0,0,0,,,,,,,,,,,,,,,,,,,,,,,
124-BIVORY,124-B,IVORY,-37,0,0,0,0,,,,,,,,,,,,,,,,,,,,,,,
1375-BIVORY,1375-B,IVORY,48,0,0,0,0,,,,,,,,,,,,,,,,,,,,,,,
1375-EWHITE,1375-E,WHITE,2,0,0,0,0,,,,,,,,,,,,,,,,,,,,,,,
121-BIVORY,121-B,IVORY,-392,0,0,0,0,,,,,,,,,,,,,,,,,,,,,,,
144-CIVORY,144-C,IVORY,-210,0,0,0,0,,,,,,,,,,,,,,,,,,,,,,,
147-BIVORY,147-B,IVORY,-64,0,0,0,0,,,,,,,,,,,,,,,,,,,,,,,
123-CIVORY,123-C,IVORY,-69,0,0,0,0,,,,,,,,,,,,,,,,,,,,,,,
400-RWHITE,400-R,WHITE,-9,0,0,0,0,,,,,,,,,,,,,,,,,,,,,,,
129-VWHITE,129-V,WHITE,-8,0,0,0,0,,,,,,,,,,,,,,,,,,,,,,,
147-CQIVORY,147-CQ,IVORY,-50,0,0,0,0,,,,,,,,,,,,,,,,,,,,,,,
145-BIVORY,145-B,IVORY,-51,0,0,0,0,,,,,,,,,,,,,,,,,,,,,,,
129-EWHITE,129-E,WHITE,-271,0,0,0,0,,,,,,,,,,,,,,,,,,,,,,,
121-CIVORY,121-C,IVORY,-103,0,0,0,0,,,,,,,,,,,,,,,,,,,,,,,
127-BIVORY,127-B,IVORY,-165,0,0,0,0,,,,,,,,,,,,,,,,,,,,,,,
134-DWHITE,134-D,WHITE,-9,0,0,0,0,,,,,,,,,,,,,,,,,,,,,,,
129-BIVORY,129-B,IVORY,-107,0,0,0,0,,,,,,,,,,,,,,,,,,,,,,,
133-VIVORY,133-V,IVORY,-10,0,0,0,0,,,,,,,,,,,,,,,,,,,,,,,
144-BIVORY,144-B,IVORY,-778,0,0,0,0,,,,,,,,,,,,,,,,,,,,,,,
1375-CIVORY,1375-C,IVORY,0,0,0,0,0,,,,,,,,,,,,,,,,,,,,,,,
141-NWHITE,141-N,WHITE,-53,0,0,0,0,,,,,,,,,,,,,,,,,,,,,,,
149-BIVORY,149-B,IVORY,-55,0,0,0,0,,,,,,,,,,,,,,,,,,,,,,,
146-HBWHITE,146-HB,WHITE,0,0,0,0,0,,,,,,,,,,,,,,,,,,,,,,,
127-EWHITE,127-E,WHITE,-149,0,0,0,0,,,,,,,,,,,,,,,,,,,,,,,
147-PQWHITE,147-PQ,WHITE,-37,0,0,0,0,,,,,,,,,,,,,,,,,,,,,,,
129-CIVORY,129-C,IVORY,-144,0,0,0,0,,,,,,,,,,,,,,,,,,,,,,,
149-EWHITE,149-E,WHITE,-117,0,0,0,0,,,,,,,,,,,,,,,,,,,,,,,
130-DWHITE,130-D,WHITE,30,0,0,0,0,,,,,,,,,,,,,,,,,,,,,,,
132-CIVORY,132-C,IVORY,-99,0,0,0,0,,,,,,,,,,,,,,,,,,,,,,,
132-EWHITE,132-E,WHITE,-46,0,0,0,0,,,,,,,,,,,,,,,,,,,,,,,
133-EWHITE,133-E,WHITE,-71,0,0,0,0,,,,,,,,,,,,,,,,,,,,,,,
1411IVORY,1411,IVORY,-4,0,0,0,0,,,,,,,,,,,,,,,,,,,,,,,
148-BOWHITE,148-BO,WHITE,-7,0,0,0,0,,,,,,,,,,,,,,,,,,,,,,,
133-VWHITE,133-V,WHITE,-3,0,0,0,0,,,,,,,,,,,,,,,,,,,,,,,
149-VWHITE,149-V,WHITE,-20,0,0,0,0,,,,,,,,,,,,,,,,,,,,,,,
135-QWHITE,135-Q,WHITE,0,0,0,0,0,,,,,,,,,,,,,,,,,,,,,,,
147-HIVORY,147-H,IVORY,-45,0,0,0,0,,,,,,,,,,,,,,,,,,,,,,,
148WHITE,148,WHITE,-123,0,0,0,0,,,,,,,,,,,,,,,,,,,,,,,
1431WHITE,1431,WHITE,-34,0,0,0,0,,,,,,,,,,,,,,,,,,,,,,,
146IVORY,146,IVORY,-44,0,0,0,0,,,,,,,,,,,,,,,,,,,,,,,
132-VWHITE,132-V,WHITE,-10,0,0,0,0,,,,,,,,,,,,,,,,,,,,,,,
145PINK,145,PINK,-110,0,0,0,0,,,,,,,,,,,,,,,,,,,,,,,
148-HIVORY,148-H,IVORY,-71,0,0,0,0,,,,,,,,,,,,,,,,,,,,,,,
123-ONWHITE,123-ON,WHITE,-122,0,0,0,0,,,,,,,,,,,,,,,,,,,,,,,
1241-FWHITE,1241-F,WHITE,-235,0,0,0,0,,,,,,,,,,,,,,,,,,,,,,,
148-BWHITE,148-B,WHITE,-123,0,0,0,0,,,,,,,,,,,,,,,,,,,,,,,
131-LWHITE,131-L,WHITE,-6,0,0,0,0,,,,,,,,,,,,,,,,,,,,,,,
132-IWHITE,132-I,WHITE,-21,0,0,0,0,,,,,,,,,,,,,,,,,,,,,,,
148-HBWHITE,148-HB,WHITE,-5,0,0,0,0,,,,,,,,,,,,,,,,,,,,,,,
142-CWHITE,142-C,WHITE,-145,0,0,0,0,,,,,,,,,,,,,,,,,,,,,,,
124-FPINK,124-F,PINK,-219,0,0,0,0,,,,,,,,,,,,,,,,,,,,,,,
143PINK,143,PINK,-330,0,0,0,0,,,,,,,,,,,,,,,,,,,,,,,
134-HWHITE,134-H,WHITE,-24,0,0,0,0,,,,,,,,,,,,,,,,,,,,,,,
142PINK,142,PINK,-418,0,0,0,0,,,,,,,,,,,,,,,,,,,,,,,
124-WIVORY,124-W,IVORY,-4,0,0,0,0,,,,,,,,,,,,,,,,,,,,,,,
143-HIVORY,143-H,IVORY,-27,0,0,0,0,,,,,,,,,,,,,,,,,,,,,,,
145-VIVORY,145-V,IVORY,-16,0,0,0,0,,,,,,,,,,,,,,,,,,,,,,,
134-UWHITE,134-U,WHITE,0,0,0,0,0,,,,,,,,,,,,,,,,,,,,,,,
147-SQIVORY,147-SQ,IVORY,-35,0,0,0,0,,,,,,,,,,,,,,,,,,,,,,,
123-CFIVORY,123-CF,IVORY,-57,0,0,0,0,,,,,,,,,,,,,,,,,,,,,,,
124-VIVORY,124-V,IVORY,-72,0,0,0,0,,,,,,,,,,,,,,,,,,,,,,,
1391-MIVORY,1391-M,IVORY,-290,0,0,0,0,,,,,,,,,,,,,,,,,,,,,,,
146-BOWHITE,146-BO,WHITE,-63,0,0,0,0,,,,,,,,,,,,,,,,,,,,,,,
1311-CIVORY,1311-C,IVORY,-107,0,0,0,0,,,,,,,,,,,,,,,,,,,,,,,
130-HIVORY,130-H,IVORY,-1028,0,0,0,0,,,,,,,,,,,,,,,,,,,,,,,
1322-DWHITE,1322-D,WHITE,0,0,0,0,0,,,,,,,,,,,,,,,,,,,,,,,
133-BIVORY,133-B,IVORY,-99,0,0,0,0,,,,,,,,,,,,,,,,,,,,,,,
145-RIVORY,145-R,IVORY,-106,0,0,0,0,,,,,,,,,,,,,,,,,,,,,,,
146-BWHITE,146-B,WHITE,-145,0,0,0,0,,,,,,,,,,,,,,,,,,,,,,,
400-IWHITE,400-I,WHITE,8,0,0,0,0,,,,,,,,,,,,,,,,,,,,,,,
133-DWHITE,133-D,WHITE,-2,0,0,0,0,,,,,,,,,,,,,,,,,,,,,,,
147-CIVORY,147-C,IVORY,-30,0,0,0,0,,,,,,,,,,,,,,,,,,,,,,,
141IVORY,141,IVORY,-738,0,0,0,0,,,,,,,,,,,,,,,,,,,,,,,
146-HWHITE,146-H,WHITE,-70,0,0,0,0,,,,,,,,,,,,,,,,,,,,,,,
1461WHITE,1461,WHITE,-100,0,0,0,0,,,,,,,,,,,,,,,,,,,,,,,
1421WHITE,1421,WHITE,-136,0,0,0,0,,,,,,,,,,,,,,,,,,,,,,,
1421IVORY,1421,IVORY,-172,0,0,0,0,,,,,,,,,,,,,,,,,,,,,,,
122-OWHITE,122-O,WHITE,-348,0,0,0,0,,,,,,,,,,,,,,,,,,,,,,,
1231IVORY,1231,IVORY,-99,0,0,0,0,,,,,,,,,,,,,,,,,,,,,,,
1461IVORY,1461,IVORY,-368,0,0,0,0,,,,,,,,,,,,,,,,,,,,,,,
141-HWHITE,141-H,WHITE,-729,0,0,0,0,,,,,,,,,,,,,,,,,,,,,,,
150-PIVORY,150-P,IVORY,0,0,0,0,0,,,,,,,,,,,,,,,,,,,,,,,
145-DWHITE,145-D,WHITE,-3,0,0,0,0,,,,,,,,,,,,,,,,,,,,,,,
123-FPIVORY,123-FP,IVORY,-42,0,0,0,0,,,,,,,,,,,,,,,,,,,,,,,
142-HIVORY,142-H,IVORY,-281,0,0,0,0,,,,,,,,,,,,,,,,,,,,,,,
124-FPIVORY,124-FP,IVORY,-56,0,0,0,0,,,,,,,,,,,,,,,,,,,,,,,
123-CNWHITE,123-CN,WHITE,-75,0,0,0,0,,,,,,,,,,,,,,,,,,,,,,,
131-CIVORY,131-C,IVORY,-44,0,0,0,0,,,,,,,,,,,,,,,,,,,,,,,
129-RIVORY,129-R,IVORY,-337,0,0,0,0,,,,,,,,,,,,,,,,,,,,,,,
1431IVORY,1431,IVORY,-212,0,0,0,0,,,,,,,,,,,,,,,,,,,,,,,
1351WHITE,1351,WHITE,2,0,0,0,0,,,,,,,,,,,,,,,,,,,,,,,
135-CIVORY,135-C,IVORY,-4,0,0,0,0,,,,,,,,,,,,,,,,,,,,,,,
147-RIVORY,147-R,IVORY,-52,0,0,0,0,,,,,,,,,,,,,,,,,,,,,,,
134-CIVORY,134-C,IVORY,-23,0,0,0,0,,,,,,,,,,,,,,,,,,,,,,,
135-CWHITE,135-C,WHITE,-35,0,0,0,0,,,,,,,,,,,,,,,,,,,,,,,
132PINK,132,PINK,0,0,0,0,0,,,,,,,,,,,,,,,,,,,,,,,
123-UIVORY,123-U,IVORY,-4,0,0,0,0,,,,,,,,,,,,,,,,,,,,,,,
129-UIVORY,129-U,IVORY,-7,0,0,0,0,,,,,,,,,,,,,,,,,,,,,,,
135-PWHITE,135-P,WHITE,0,0,0,0,0,,,,,,,,,,,,,,,,,,,,,,,
145-RWHITE,145-R,WHITE,-6,0,0,0,0,,,,,,,,,,,,,,,,,,,,,,,
132-UIVORY,132-U,IVORY,-20,0,0,0,0,,,,,,,,,,,,,,,,,,,,,,,
133-UIVORY,133-U,IVORY,-28,0,0,0,0,,,,,,,,,,,,,,,,,,,,,,,
1231-NWHITE,1231-N,WHITE,-50,0,0,0,0,,,,,,,,,,,,,,,,,,,,,,,
1341WHITE,1341,WHITE,-11,0,0,0,0,,,,,,,,,,,,,,,,,,,,,,,
147-OSQIVORY,147-OSQ,IVORY,-34,0,0,0,0,,,,,,,,,,,,,,,,,,,,,,,
141-HIVORY,141-H,IVORY,-35,0,0,0,0,,,,,,,,,,,,,,,,,,,,,,,
144-UIVORY,144-U,IVORY,-496,0,0,0,0,,,,,,,,,,,,,,,,,,,,,,,
133-PIVORY,133-P,IVORY,0,0,0,0,0,,,,,,,,,,,,,,,,,,,,,,,
127-CIVORY,127-C,IVORY,0,0,0,0,0,,,,,,,,,,,,,,,,,,,,,,,
134-PIVORY,134-P,IVORY,-3,0,0,0,0,,,,,,,,,,,,,,,,,,,,,,,
1491-CIVORY,1491-C,IVORY,-109,0,0,0,0,,,,,,,,,,,,,,,,,,,,,,,
142-PIVORY,142-P,IVORY,-24,0,0,0,0,,,,,,,,,,,,,,,,,,,,,,,
150-HWHITE,150-H,WHITE,-15,0,0,0,0,,,,,,,,,,,,,,,,,,,,,,,
127-EIVORY,127-E,IVORY,-218,0,0,0,0,,,,,,,,,,,,,,,,,,,,,,,
150-EWHITE,150-E,WHITE,-31,0,0,0,0,,,,,,,,,,,,,,,,,,,,,,,
142-EIVORY,142-E,IVORY,-36,0,0,0,0,,,,,,,,,,,,,,,,,,,,,,,
131-NPWHITE,131-NP,WHITE,-15,0,0,0,0,,,,,,,,,,,,,,,,,,,,,,,
124-EFWHITE,124-EF,WHITE,-170,0,0,0,0,,,,,,,,,,,,,,,,,,,,,,,
131-OIVORY,131-O,IVORY,-145,0,0,0,0,,,,,,,,,,,,,,,,,,,,,,,
145-DIVORY,145-D,IVORY,-155,0,0,0,0,,,,,,,,,,,,,,,,,,,,,,,
137IVORY,137,IVORY,0,0,0,0,0,,,,,,,,,,,,,,,,,,,,,,,
139-MIVORY,139-M,IVORY,0,0,0,0,0,,,,,,,,,,,,,,,,,,,,,,,
143-OIVORY,143-O,IVORY,0,0,0,0,0,,,,,,,,,,,,,,,,,,,,,,,
1471-QWHITE,1471-Q,WHITE,0,0,0,0,0,,,,,,,,,,,,,,,,,,,,,,,
142-OIVORY,142-O,IVORY,-6,0,0,0,0,,,,,,,,,,,,,,,,,,,,,,,
138IVORY,138,IVORY,-22,0,0,0,0,,,,,,,,,,,,,,,,,,,,,,,
147-PQIVORY,147-PQ,IVORY,-71,0,0,0,0,,,,,,,,,,,,,,,,,,,,,,,
122-OIVORY,122-O,IVORY,-74,0,0,0,0,,,,,,,,,,,,,,,,,,,,,,,
135-PIVORY,135-P,IVORY,0,0,0,0,0,,,,,,,,,,,,,,,,,,,,,,,
135-RIVORY,135-R,IVORY,-5,0,0,0,0,,,,,,,,,,,,,,,,,,,,,,,
146-PWHITE,146-P,WHITE,0,0,0,0,0,,,,,,,,,,,,,,,,,,,,,,,
123-NIVORY,123-N,IVORY,-8,0,0,0,0,,,,,,,,,,,,,,,,,,,,,,,
124-CIVORY,124-C,IVORY,-171,0,0,0,0,,,,,,,,,,,,,,,,,,,,,,,
121-OM GREEN,121-O,M GREEN,0,0,0,0,0,,,,,,,,,,,,,,,,,,,,,,,
141-PWHITE,141-P,WHITE,-155,0,0,0,0,,,,,,,,,,,,,,,,,,,,,,,
127-HIVORY,127-H,IVORY,-306,0,0,0,0,,,,,,,,,,,,,,,,,,,,,,,
121-JJMWHITE,121-JJM,WHITE,0,0,0,0,0,,,,,,,,,,,,,,,,,,,,,,,
1341IVORY,1341,IVORY,0,0,0,0,0,,,,,,,,,,,,,,,,,,,,,,,
1501WHITE,1501,WHITE,2,0,0,0,0,,,,,,,,,,,,,,,,,,,,,,,
1375-PWHITE,1375-P,WHITE,0,0,0,0,0,,,,,,,,,,,,,,,,,,,,,,,
147-BPWHITE,147-BP,WHITE,0,0,0,0,0,,,,,,,,,,,,,,,,,,,,,,,
141-NPWHITE,141-NP,WHITE,-55,0,0,0,0,,,,,,,,,,,,,,,,,,,,,,,
146-BPWHITE,146-BP,WHITE,0,0,0,0,0,,,,,,,,,,,,,,,,,,,,,,,
148-PWHITE,148-P,WHITE,0,0,0,0,0,,,,,,,,,,,,,,,,,,,,,,,
148-BPWHITE,148-BP,WHITE,0,0,0,0,0,,,,,,,,,,,,,,,,,,,,,,,
1375-VWHITE,1375-V,WHITE,0,0,0,0,0,,,,,,,,,,,,,,,,,,,,,,,
121-JJMIVORY,121-JJM,IVORY,0,0,0,0,0,,,,,,,,,,,,,,,,,,,,,,,
131-PIVORY,131-P,IVORY,0,0,0,0,0,,,,,,,,,,,,,,,,,,,,,,,
142-CIVORY,142-C,IVORY,0,0,0,0,0,,,,,,,,,,,,,,,,,,,,,,,
146-CIVORY,146-C,IVORY,0,0,0,0,0,,,,,,,,,,,,,,,,,,,,,,,
123-EFIVORY,123-EF,IVORY,0,0,0,0,0,,,,,,,,,,,,,,,,,,,,,,,
146-HIVORY,146-H,IVORY,0,0,0,0,0,,,,,,,,,,,,,,,,,,,,,,,
123-CNIVORY,123-CN,IVORY,0,0,0,0,0,,,,,,,,,,,,,,,,,,,,,,,
123-ONIVORY,123-ON,IVORY,0,0,0,0,0,,,,,,,,,,,,,,,,,,,,,,,
148-OIVORY,148-O,IVORY,0,0,0,0,0,,,,,,,,,,,,,,,,,,,,,,,
146-BOIVORY,146-BO,IVORY,0,0,0,0,0,,,,,,,,,,,,,,,,,,,,,,,
148-BOIVORY,148-BO,IVORY,0,0,0,0,0,,,,,,,,,,,,,,,,,,,,,,,
141-CIVORY,141-C,IVORY,0,0,0,0,0,,,,,,,,,,,,,,,,,,,,,,,
123-ENIVORY,123-EN,IVORY,0,0,0,0,0,,,,,,,,,,,,,,,,,,,,,,,
150-EIVORY,150-E,IVORY,0,0,0,0,0,,,,,,,,,,,,,,,,,,,,,,,
147-EQIVORY,147-EQ,IVORY,0,0,0,0,0,,,,,,,,,,,,,,,,,,,,,,,
1231-NIVORY,1231-N,IVORY,0,0,0,0,0,,,,,,,,,,,,,,,,,,,,,,,
1501IVORY,1501,IVORY,0,0,0,0,0,,,,,,,,,,,,,,,,,,,,,,,
1471-QIVORY,1471-Q,IVORY,0,0,0,0,0,,,,,,,,,,,,,,,,,,,,,,,
1375-PIVORY,1375-P,IVORY,0,0,0,0,0,,,,,,,,,,,,,,,,,,,,,,,
123-PNIVORY,123-PN,IVORY,0,0,0,0,0,,,,,,,,,,,,,,,,,,,,,,,
131-NPIVORY,131-NP,IVORY,0,0,0,0,0,,,,,,,,,,,,,,,,,,,,,,,
147-BPIVORY,147-BP,IVORY,0,0,0,0,0,,,,,,,,,,,,,,,,,,,,,,,
143-PIVORY,143-P,IVORY,0,0,0,0,0,,,,,,,,,,,,,,,,,,,,,,,
146-PIVORY,146-P,IVORY,0,0,0,0,0,,,,,,,,,,,,,,,,,,,,,,,
146-BPIVORY,146-BP,IVORY,0,0,0,0,0,,,,,,,,,,,,,,,,,,,,,,,
148-PIVORY,148-P,IVORY,0,0,0,0,0,,,,,,,,,,,,,,,,,,,,,,,
148-BPIVORY,148-BP,IVORY,0,0,0,0,0,,,,,,,,,,,,,,,,,,,,,,,
150-HIVORY,150-H,IVORY,0,0,0,0,0,,,,,,,,,,,,,,,,,,,,,,,
121-JJMPINK,121-JJM,PINK,0,0,0,0,0,,,,,,,,,,,,,,,,,,,,,,,
120-WSPINK,120-WS,PINK,0,0,0,0,0,,,,,,,,,,,,,,,,,,,,,,,
144-OPINK,144-O,PINK,0,0,0,0,0,,,,,,,,,,,,,,,,,,,,,,,
1391PINK,1391,PINK,0,0,0,0,0,,,,,,,,,,,,,,,,,,,,,,,
124-OPINK,124-O,PINK,0,0,0,0,0,,,,,,,,,,,,,,,,,,,,,,,
144-HPINK,144-H,PINK,0,0,0,0,0,,,,,,,,,,,,,,,,,,,,,,,
121-HPINK,121-H,PINK,0,0,0,0,0,,,,,,,,,,,,,,,,,,,,,,,
124-HPINK,124-H,PINK,0,0,0,0,0,,,,,,,,,,,,,,,,,,,,,,,
127PINK,127,PINK,0,0,0,0,0,,,,,,,,,,,,,,,,,,,,,,,
144-CPINK,144-C,PINK,0,0,0,0,0,,,,,,,,,,,,,,,,,,,,,,,
130-OPINK,130-O,PINK,0,0,0,0,0,,,,,,,,,,,,,,,,,,,,,,,
120-WPINK,120-W,PINK,0,0,0,0,0,,,,,,,,,,,,,,,,,,,,,,,
123-HPINK,123-H,PINK,0,0,0,0,0,,,,,,,,,,,,,,,,,,,,,,,
120PINK,120,PINK,0,0,0,0,0,,,,,,,,,,,,,,,,,,,,,,,
124-CPINK,124-C,PINK,0,0,0,0,0,,,,,,,,,,,,,,,,,,,,,,,
123-CPINK,123-C,PINK,0,0,0,0,0,,,,,,,,,,,,,,,,,,,,,,,
1491PINK,1491,PINK,0,0,0,0,0,,,,,,,,,,,,,,,,,,,,,,,
1491-HPINK,1491-H,PINK,0,0,0,0,0,,,,,,,,,,,,,,,,,,,,,,,
1323PINK,1323,PINK,0,0,0,0,0,,,,,,,,,,,,,,,,,,,,,,,
132-HPINK,132-H,PINK,0,0,0,0,0,,,,,,,,,,,,,,,,,,,,,,,
121-CPINK,121-C,PINK,0,0,0,0,0,,,,,,,,,,,,,,,,,,,,,,,
120-SPINK,120-S,PINK,0,0,0,0,0,,,,,,,,,,,,,,,,,,,,,,,
140PINK,140,PINK,0,0,0,0,0,,,,,,,,,,,,,,,,,,,,,,,
127-HPINK,127-H,PINK,0,0,0,0,0,,,,,,,,,,,,,,,,,,,,,,,
121-SPINK,121-S,PINK,0,0,0,0,0,,,,,,,,,,,,,,,,,,,,,,,
120-RPINK,120-R,PINK,0,0,0,0,0,,,,,,,,,,,,,,,,,,,,,,,
141PINK,141,PINK,0,0,0,0,0,,,,,,,,,,,,,,,,,,,,,,,
1441PINK,1441,PINK,0,0,0,0,0,,,,,,,,,,,,,,,,,,,,,,,
129-HPINK,129-H,PINK,0,0,0,0,0,,,,,,,,,,,,,,,,,,,,,,,
123-QPINK,123-Q,PINK,0,0,0,0,0,,,,,,,,,,,,,,,,,,,,,,,
1241PINK,1241,PINK,0,0,0,0,0,,,,,,,,,,,,,,,,,,,,,,,
121-RPINK,121-R,PINK,0,0,0,0,0,,,,,,,,,,,,,,,,,,,,,,,
144-TPINK,144-T,PINK,0,0,0,0,0,,,,,,,,,,,,,,,,,,,,,,,
1311-HPINK,1311-H,PINK,0,0,0,0,0,,,,,,,,,,,,,,,,,,,,,,,
123-OPINK,123-O,PINK,0,0,0,0,0,,,,,,,,,,,,,,,,,,,,,,,
144-SPINK,144-S,PINK,0,0,0,0,0,,,,,,,,,,,,,,,,,,,,,,,
121-EPINK,121-E,PINK,0,0,0,0,0,,,,,,,,,,,,,,,,,,,,,,,
120-CPINK,120-C,PINK,0,0,0,0,0,,,,,,,,,,,,,,,,,,,,,,,
131-HPINK,131-H,PINK,0,0,0,0,0,,,,,,,,,,,,,,,,,,,,,,,
130-QPINK,130-Q,PINK,0,0,0,0,0,,,,,,,,,,,,,,,,,,,,,,,
132-CPINK,132-C,PINK,0,0,0,0,0,,,,,,,,,,,,,,,,,,,,,,,
129-OPINK,129-O,PINK,0,0,0,0,0,,,,,,,,,,,,,,,,,,,,,,,
144-QPINK,144-Q,PINK,0,0,0,0,0,,,,,,,,,,,,,,,,,,,,,,,
131PINK,131,PINK,0,0,0,0,0,,,,,,,,,,,,,,,,,,,,,,,
149-NPINK,149-N,PINK,0,0,0,0,0,,,,,,,,,,,,,,,,,,,,,,,
141-OPINK,141-O,PINK,0,0,0,0,0,,,,,,,,,,,,,,,,,,,,,,,
123-FPINK,123-F,PINK,0,0,0,0,0,,,,,,,,,,,,,,,,,,,,,,,
124-SPINK,124-S,PINK,0,0,0,0,0,,,,,,,,,,,,,,,,,,,,,,,
144-RPINK,144-R,PINK,0,0,0,0,0,,,,,,,,,,,,,,,,,,,,,,,
130-HPINK,130-H,PINK,0,0,0,0,0,,,,,,,,,,,,,,,,,,,,,,,
1231PINK,1231,PINK,0,0,0,0,0,,,,,,,,,,,,,,,,,,,,,,,
129-CPINK,129-C,PINK,0,0,0,0,0,,,,,,,,,,,,,,,,,,,,,,,
131-CPINK,131-C,PINK,0,0,0,0,0,,,,,,,,,,,,,,,,,,,,,,,
121-VPINK,121-V,PINK,0,0,0,0,0,,,,,,,,,,,,,,,,,,,,,,,
121-BPINK,121-B,PINK,0,0,0,0,0,,,,,,,,,,,,,,,,,,,,,,,
145-OPINK,145-O,PINK,0,0,0,0,0,,,,,,,,,,,,,,,,,,,,,,,
144-EPINK,144-E,PINK,0,0,0,0,0,,,,,,,,,,,,,,,,,,,,,,,
1311PINK,1311,PINK,0,0,0,0,0,,,,,,,,,,,,,,,,,,,,,,,
130-RPINK,130-R,PINK,0,0,0,0,0,,,,,,,,,,,,,,,,,,,,,,,
145-HPINK,145-H,PINK,0,0,0,0,0,,,,,,,,,,,,,,,,,,,,,,,
132-RPINK,132-R,PINK,0,0,0,0,0,,,,,,,,,,,,,,,,,,,,,,,
127-CPINK,127-C,PINK,0,0,0,0,0,,,,,,,,,,,,,,,,,,,,,,,
147-HPINK,147-H,PINK,0,0,0,0,0,,,,,,,,,,,,,,,,,,,,,,,
1375-SPINK,1375-S,PINK,0,0,0,0,0,,,,,,,,,,,,,,,,,,,,,,,
147-OPINK,147-O,PINK,0,0,0,0,0,,,,,,,,,,,,,,,,,,,,,,,
144-PPINK,144-P,PINK,0,0,0,0,0,,,,,,,,,,,,,,,,,,,,,,,
147-CPINK,147-C,PINK,0,0,0,0,0,,,,,,,,,,,,,,,,,,,,,,,
124-BPINK,124-B,PINK,0,0,0,0,0,,,,,,,,,,,,,,,,,,,,,,,
1491-CPINK,1491-C,PINK,0,0,0,0,0,,,,,,,,,,,,,,,,,,,,,,,
123-RPINK,123-R,PINK,0,0,0,0,0,,,,,,,,,,,,,,,,,,,,,,,
124-EPINK,124-E,PINK,0,0,0,0,0,,,,,,,,,,,,,,,,,,,,,,,
144-BPINK,144-B,PINK,0,0,0,0,0,,,,,,,,,,,,,,,,,,,,,,,
149-OPINK,149-O,PINK,0,0,0,0,0,,,,,,,,,,,,,,,,,,,,,,,
130-CPINK,130-C,PINK,0,0,0,0,0,,,,,,,,,,,,,,,,,,,,,,,
145-CPINK,145-C,PINK,0,0,0,0,0,,,,,,,,,,,,,,,,,,,,,,,
1321PINK,1321,PINK,0,0,0,0,0,,,,,,,,,,,,,,,,,,,,,,,
142-OPINK,142-O,PINK,0,0,0,0,0,,,,,,,,,,,,,,,,,,,,,,,
1311-CPINK,1311-C,PINK,0,0,0,0,0,,,,,,,,,,,,,,,,,,,,,,,
133-HPINK,133-H,PINK,0,0,0,0,0,,,,,,,,,,,,,,,,,,,,,,,
137PINK,137,PINK,0,0,0,0,0,,,,,,,,,,,,,,,,,,,,,,,
129-SPINK,129-S,PINK,0,0,0,0,0,,,,,,,,,,,,,,,,,,,,,,,
123-CFPINK,123-CF,PINK,0,0,0,0,0,,,,,,,,,,,,,,,,,,,,,,,
121-PPINK,121-P,PINK,0,0,0,0,0,,,,,,,,,,,,,,,,,,,,,,,
130-SPINK,130-S,PINK,0,0,0,0,0,,,,,,,,,,,,,,,,,,,,,,,
1291PINK,1291,PINK,0,0,0,0,0,,,,,,,,,,,,,,,,,,,,,,,
146PINK,146,PINK,0,0,0,0,0,,,,,,,,,,,,,,,,,,,,,,,
130-UPINK,130-U,PINK,0,0,0,0,0,,,,,,,,,,,,,,,,,,,,,,,
132-QPINK,132-Q,PINK,0,0,0,0,0,,,,,,,,,,,,,,,,,,,,,,,
132-OPINK,132-O,PINK,0,0,0,0,0,,,,,,,,,,,,,,,,,,,,,,,
127-SPINK,127-S,PINK,0,0,0,0,0,,,,,,,,,,,,,,,,,,,,,,,
1322-SPINK,1322-S,PINK,0,0,0,0,0,,,,,,,,,,,,,,,,,,,,,,,
1375-OPINK,1375-O,PINK,0,0,0,0,0,,,,,,,,,,,,,,,,,,,,,,,
142-HPINK,142-H,PINK,0,0,0,0,0,,,,,,,,,,,,,,,,,,,,,,,
131-NPINK,131-N,PINK,0,0,0,0,0,,,,,,,,,,,,,,,,,,,,,,,
130-EPINK,130-E,PINK,0,0,0,0,0,,,,,,,,,,,,,,,,,,,,,,,
124-PPINK,124-P,PINK,0,0,0,0,0,,,,,,,,,,,,,,,,,,,,,,,
133-QPINK,133-Q,PINK,0,0,0,0,0,,,,,,,,,,,,,,,,,,,,,,,
129-QPINK,129-Q,PINK,0,0,0,0,0,,,,,,,,,,,,,,,,,,,,,,,
149-BPINK,149-B,PINK,0,0,0,0,0,,,,,,,,,,,,,,,,,,,,,,,
145-SPINK,145-S,PINK,0,0,0,0,0,,,,,,,,,,,,,,,,,,,,,,,
132-SPINK,132-S,PINK,0,0,0,0,0,,,,,,,,,,,,,,,,,,,,,,,
124-UPINK,124-U,PINK,0,0,0,0,0,,,,,,,,,,,,,,,,,,,,,,,
130-PPINK,130-P,PINK,0,0,0,0,0,,,,,,,,,,,,,,,,,,,,,,,
1375PINK,1375,PINK,0,0,0,0,0,,,,,,,,,,,,,,,,,,,,,,,
143-HPINK,143-H,PINK,0,0,0,0,0,,,,,,,,,,,,,,,,,,,,,,,
123-UPINK,123-U,PINK,0,0,0,0,0,,,,,,,,,,,,,,,,,,,,,,,
1451PINK,1451,PINK,0,0,0,0,0,,,,,,,,,,,,,,,,,,,,,,,
127-BPINK,127-B,PINK,0,0,0,0,0,,,,,,,,,,,,,,,,,,,,,,,
147-BPINK,147-B,PINK,0,0,0,0,0,,,,,,,,,,,,,,,,,,,,,,,
149-SPINK,149-S,PINK,0,0,0,0,0,,,,,,,,,,,,,,,,,,,,,,,
141-EPINK,141-E,PINK,0,0,0,0,0,,,,,,,,,,,,,,,,,,,,,,,
130-BPINK,130-B,PINK,0,0,0,0,0,,,,,,,,,,,,,,,,,,,,,,,
132-TPINK,132-T,PINK,0,0,0,0,0,,,,,,,,,,,,,,,,,,,,,,,
1375-CPINK,1375-C,PINK,0,0,0,0,0,,,,,,,,,,,,,,,,,,,,,,,
1375-RPINK,1375-R,PINK,0,0,0,0,0,,,,,,,,,,,,,,,,,,,,,,,
144-UPINK,144-U,PINK,0,0,0,0,0,,,,,,,,,,,,,,,,,,,,,,,
142-EPINK,142-E,PINK,0,0,0,0,0,,,,,,,,,,,,,,,,,,,,,,,
148PINK,148,PINK,0,0,0,0,0,,,,,,,,,,,,,,,,,,,,,,,
400-QPINK,400-Q,PINK,0,0,0,0,0,,,,,,,,,,,,,,,,,,,,,,,
129-BPINK,129-B,PINK,0,0,0,0,0,,,,,,,,,,,,,,,,,,,,,,,
133-CPINK,133-C,PINK,0,0,0,0,0,,,,,,,,,,,,,,,,,,,,,,,
127-PPINK,127-P,PINK,0,0,0,0,0,,,,,,,,,,,,,,,,,,,,,,,
147-RPINK,147-R,PINK,0,0,0,0,0,,,,,,,,,,,,,,,,,,,,,,,
123-EPINK,123-E,PINK,0,0,0,0,0,,,,,,,,,,,,,,,,,,,,,,,
145-QPINK,145-Q,PINK,0,0,0,0,0,,,,,,,,,,,,,,,,,,,,,,,
144-VPINK,144-V,PINK,0,0,0,0,0,,,,,,,,,,,,,,,,,,,,,,,
131-OPINK,131-O,PINK,0,0,0,0,0,,,,,,,,,,,,,,,,,,,,,,,
124-VPINK,124-V,PINK,0,0,0,0,0,,,,,,,,,,,,,,,,,,,,,,,
127-EPINK,127-E,PINK,0,0,0,0,0,,,,,,,,,,,,,,,,,,,,,,,
1431PINK,1431,PINK,0,0,0,0,0,,,,,,,,,,,,,,,,,,,,,,,
134PINK,134,PINK,0,0,0,0,0,,,,,,,,,,,,,,,,,,,,,,,
131-PPINK,131-P,PINK,0,0,0,0,0,,,,,,,,,,,,,,,,,,,,,,,
136PINK,136,PINK,0,0,0,0,0,,,,,,,,,,,,,,,,,,,,,,,
1411PINK,1411,PINK,0,0,0,0,0,,,,,,,,,,,,,,,,,,,,,,,
132-DPINK,132-D,PINK,0,0,0,0,0,,,,,,,,,,,,,,,,,,,,,,,
130-VPINK,130-V,PINK,0,0,0,0,0,,,,,,,,,,,,,,,,,,,,,,,
133-RPINK,133-R,PINK,0,0,0,0,0,,,,,,,,,,,,,,,,,,,,,,,
145-BPINK,145-B,PINK,0,0,0,0,0,,,,,,,,,,,,,,,,,,,,,,,
142-CPINK,142-C,PINK,0,0,0,0,0,,,,,,,,,,,,,,,,,,,,,,,
147-PPINK,147-P,PINK,0,0,0,0,0,,,,,,,,,,,,,,,,,,,,,,,
132-BPINK,132-B,PINK,0,0,0,0,0,,,,,,,,,,,,,,,,,,,,,,,
146-BPINK,146-B,PINK,0,0,0,0,0,,,,,,,,,,,,,,,,,,,,,,,
1375-QPINK,1375-Q,PINK,0,0,0,0,0,,,,,,,,,,,,,,,,,,,,,,,
1421PINK,1421,PINK,0,0,0,0,0,,,,,,,,,,,,,,,,,,,,,,,
133-OPINK,133-O,PINK,0,0,0,0,0,,,,,,,,,,,,,,,,,,,,,,,
138PINK,138,PINK,0,0,0,0,0,,,,,,,,,,,,,,,,,,,,,,,
144-DPINK,144-D,PINK,0,0,0,0,0,,,,,,,,,,,,,,,,,,,,,,,
1311-NPINK,1311-N,PINK,0,0,0,0,0,,,,,,,,,,,,,,,,,,,,,,,
133-SPINK,133-S,PINK,0,0,0,0,0,,,,,,,,,,,,,,,,,,,,,,,
122-OPINK,122-O,PINK,0,0,0,0,0,,,,,,,,,,,,,,,,,,,,,,,
1322-BPINK,1322-B,PINK,0,0,0,0,0,,,,,,,,,,,,,,,,,,,,,,,
132-OTPINK,132-OT,PINK,0,0,0,0,0,,,,,,,,,,,,,,,,,,,,,,,
127-VPINK,127-V,PINK,0,0,0,0,0,,,,,,,,,,,,,,,,,,,,,,,
134-RPINK,134-R,PINK,0,0,0,0,0,,,,,,,,,,,,,,,,,,,,,,,
142-PPINK,142-P,PINK,0,0,0,0,0,,,,,,,,,,,,,,,,,,,,,,,
147-EPINK,147-E,PINK,0,0,0,0,0,,,,,,,,,,,,,,,,,,,,,,,
132-EPINK,132-E,PINK,0,0,0,0,0,,,,,,,,,,,,,,,,,,,,,,,
145-RPINK,145-R,PINK,0,0,0,0,0,,,,,,,,,,,,,,,,,,,,,,,
148-BPINK,148-B,PINK,0,0,0,0,0,,,,,,,,,,,,,,,,,,,,,,,
143-EPINK,143-E,PINK,0,0,0,0,0,,,,,,,,,,,,,,,,,,,,,,,
400-RPINK,400-R,PINK,0,0,0,0,0,,,,,,,,,,,,,,,,,,,,,,,
129-UPINK,129-U,PINK,0,0,0,0,0,,,,,,,,,,,,,,,,,,,,,,,
145-UPINK,145-U,PINK,0,0,0,0,0,,,,,,,,,,,,,,,,,,,,,,,
129-RPINK,129-R,PINK,0,0,0,0,0,,,,,,,,,,,,,,,,,,,,,,,
127-OPINK,127-O,PINK,0,0,0,0,0,,,,,,,,,,,,,,,,,,,,,,,
133-EPINK,133-E,PINK,0,0,0,0,0,,,,,,,,,,,,,,,,,,,,,,,
132-UPINK,132-U,PINK,0,0,0,0,0,,,,,,,,,,,,,,,,,,,,,,,
129-DPINK,129-D,PINK,0,0,0,0,0,,,,,,,,,,,,,,,,,,,,,,,
123-DPINK,123-D,PINK,0,0,0,0,0,,,,,,,,,,,,,,,,,,,,,,,
129-EPINK,129-E,PINK,0,0,0,0,0,,,,,,,,,,,,,,,,,,,,,,,
149-VPINK,149-V,PINK,0,0,0,0,0,,,,,,,,,,,,,,,,,,,,,,,
134-HPINK,134-H,PINK,0,0,0,0,0,,,,,,,,,,,,,,,,,,,,,,,
1322-VPINK,1322-V,PINK,0,0,0,0,0,,,,,,,,,,,,,,,,,,,,,,,
133-UPINK,133-U,PINK,0,0,0,0,0,,,,,,,,,,,,,,,,,,,,,,,
133-DPINK,133-D,PINK,0,0,0,0,0,,,,,,,,,,,,,,,,,,,,,,,
141-HPINK,141-H,PINK,0,0,0,0,0,,,,,,,,,,,,,,,,,,,,,,,
124-EFPINK,124-EF,PINK,0,0,0,0,0,,,,,,,,,,,,,,,,,,,,,,,
1461PINK,1461,PINK,0,0,0,0,0,,,,,,,,,,,,,,,,,,,,,,,
133-BPINK,133-B,PINK,0,0,0,0,0,,,,,,,,,,,,,,,,,,,,,,,
145-DPINK,145-D,PINK,0,0,0,0,0,,,,,,,,,,,,,,,,,,,,,,,
134-CPINK,134-C,PINK,0,0,0,0,0,,,,,,,,,,,,,,,,,,,,,,,
130-DPINK,130-D,PINK,0,0,0,0,0,,,,,,,,,,,,,,,,,,,,,,,
146-EPINK,146-E,PINK,0,0,0,0,0,,,,,,,,,,,,,,,,,,,,,,,
145-EPINK,145-E,PINK,0,0,0,0,0,,,,,,,,,,,,,,,,,,,,,,,
146-CPINK,146-C,PINK,0,0,0,0,0,,,,,,,,,,,,,,,,,,,,,,,
150-OPINK,150-O,PINK,0,0,0,0,0,,,,,,,,,,,,,,,,,,,,,,,
148-HPINK,148-H,PINK,0,0,0,0,0,,,,,,,,,,,,,,,,,,,,,,,
1471PINK,1471,PINK,0,0,0,0,0,,,,,,,,,,,,,,,,,,,,,,,
146-OPINK,146-O,PINK,0,0,0,0,0,,,,,,,,,,,,,,,,,,,,,,,
123-EFPINK,123-EF,PINK,0,0,0,0,0,,,,,,,,,,,,,,,,,,,,,,,
132-VPINK,132-V,PINK,0,0,0,0,0,,,,,,,,,,,,,,,,,,,,,,,
146-HPINK,146-H,PINK,0,0,0,0,0,,,,,,,,,,,,,,,,,,,,,,,
1375-UPINK,1375-U,PINK,0,0,0,0,0,,,,,,,,,,,,,,,,,,,,,,,
123-NPINK,123-N,PINK,0,0,0,0,0,,,,,,,,,,,,,,,,,,,,,,,
123-CNPINK,123-CN,PINK,0,0,0,0,0,,,,,,,,,,,,,,,,,,,,,,,
124-RPINK,124-R,PINK,0,0,0,0,0,,,,,,,,,,,,,,,,,,,,,,,
129-VPINK,129-V,PINK,0,0,0,0,0,,,,,,,,,,,,,,,,,,,,,,,
124-FPPINK,124-FP,PINK,0,0,0,0,0,,,,,,,,,,,,,,,,,,,,,,,
135-RPINK,135-R,PINK,0,0,0,0,0,,,,,,,,,,,,,,,,,,,,,,,
1481PINK,1481,PINK,0,0,0,0,0,,,,,,,,,,,,,,,,,,,,,,,
135PINK,135,PINK,0,0,0,0,0,,,,,,,,,,,,,,,,,,,,,,,
150PINK,150,PINK,0,0,0,0,0,,,,,,,,,,,,,,,,,,,,,,,
134-OPINK,134-O,PINK,0,0,0,0,0,,,,,,,,,,,,,,,,,,,,,,,
1341PINK,1341,PINK,0,0,0,0,0,,,,,,,,,,,,,,,,,,,,,,,
133-VPINK,133-V,PINK,0,0,0,0,0,,,,,,,,,,,,,,,,,,,,,,,
1332PINK,1332,PINK,0,0,0,0,0,,,,,,,,,,,,,,,,,,,,,,,
147-SQPINK,147-SQ,PINK,0,0,0,0,0,,,,,,,,,,,,,,,,,,,,,,,
147-CQPINK,147-CQ,PINK,0,0,0,0,0,,,,,,,,,,,,,,,,,,,,,,,
132-PPINK,132-P,PINK,0,0,0,0,0,,,,,,,,,,,,,,,,,,,,,,,
1375-BPINK,1375-B,PINK,0,0,0,0,0,,,,,,,,,,,,,,,,,,,,,,,
1351PINK,1351,PINK,0,0,0,0,0,,,,,,,,,,,,,,,,,,,,,,,
129-PPINK,129-P,PINK,0,0,0,0,0,,,,,,,,,,,,,,,,,,,,,,,
145-VPINK,145-V,PINK,0,0,0,0,0,,,,,,,,,,,,,,,,,,,,,,,
1375-DPINK,1375-D,PINK,0,0,0,0,0,,,,,,,,,,,,,,,,,,,,,,,
147-VPINK,147-V,PINK,0,0,0,0,0,,,,,,,,,,,,,,,,,,,,,,,
123-ONPINK,123-ON,PINK,0,0,0,0,0,,,,,,,,,,,,,,,,,,,,,,,
143-OPINK,143-O,PINK,0,0,0,0,0,,,,,,,,,,,,,,,,,,,,,,,
148-OPINK,148-O,PINK,0,0,0,0,0,,,,,,,,,,,,,,,,,,,,,,,
146-BOPINK,146-BO,PINK,0,0,0,0,0,,,,,,,,,,,,,,,,,,,,,,,
148-BOPINK,148-BO,PINK,0,0,0,0,0,,,,,,,,,,,,,,,,,,,,,,,
147-OSQPINK,147-OSQ,PINK,0,0,0,0,0,,,,,,,,,,,,,,,,,,,,,,,
133-NEWPINK,133-NEW,PINK,0,0,0,0,0,,,,,,,,,,,,,,,,,,,,,,,
141-NPINK,141-N,PINK,0,0,0,0,0,,,,,,,,,,,,,,,,,,,,,,,
139-MPINK,139-M,PINK,0,0,0,0,0,,,,,,,,,,,,,,,,,,,,,,,
150-CPINK,150-C,PINK,0,0,0,0,0,,,,,,,,,,,,,,,,,,,,,,,
141-CPINK,141-C,PINK,0,0,0,0,0,,,,,,,,,,,,,,,,,,,,,,,
135-CPINK,135-C,PINK,0,0,0,0,0,,,,,,,,,,,,,,,,,,,,,,,
123-ENPINK,123-EN,PINK,0,0,0,0,0,,,,,,,,,,,,,,,,,,,,,,,
150-EPINK,150-E,PINK,0,0,0,0,0,,,,,,,,,,,,,,,,,,,,,,,
147-EQPINK,147-EQ,PINK,0,0,0,0,0,,,,,,,,,,,,,,,,,,,,,,,
1231-FPINK,1231-F,PINK,0,0,0,0,0,,,,,,,,,,,,,,,,,,,,,,,
1231-NPINK,1231-N,PINK,0,0,0,0,0,,,,,,,,,,,,,,,,,,,,,,,
1241-FPINK,1241-F,PINK,0,0,0,0,0,,,,,,,,,,,,,,,,,,,,,,,
1501PINK,1501,PINK,0,0,0,0,0,,,,,,,,,,,,,,,,,,,,,,,
1471-QPINK,1471-Q,PINK,0,0,0,0,0,,,,,,,,,,,,,,,,,,,,,,,
123-PPINK,123-P,PINK,0,0,0,0,0,,,,,,,,,,,,,,,,,,,,,,,
123-FPPINK,123-FP,PINK,0,0,0,0,0,,,,,,,,,,,,,,,,,,,,,,,
1375-PPINK,1375-P,PINK,0,0,0,0,0,,,,,,,,,,,,,,,,,,,,,,,
123-PNPINK,123-PN,PINK,0,0,0,0,0,,,,,,,,,,,,,,,,,,,,,,,
131-NPPINK,131-NP,PINK,0,0,0,0,0,,,,,,,,,,,,,,,,,,,,,,,
149-NPPINK,149-NP,PINK,0,0,0,0,0,,,,,,,,,,,,,,,,,,,,,,,
150-PPINK,150-P,PINK,0,0,0,0,0,,,,,,,,,,,,,,,,,,,,,,,
145-PPINK,145-P,PINK,0,0,0,0,0,,,,,,,,,,,,,,,,,,,,,,,
133-PPINK,133-P,PINK,0,0,0,0,0,,,,,,,,,,,,,,,,,,,,,,,
147-PQPINK,147-PQ,PINK,0,0,0,0,0,,,,,,,,,,,,,,,,,,,,,,,
147-BPPINK,147-BP,PINK,0,0,0,0,0,,,,,,,,,,,,,,,,,,,,,,,
134-PPINK,134-P,PINK,0,0,0,0,0,,,,,,,,,,,,,,,,,,,,,,,
135-PPINK,135-P,PINK,0,0,0,0,0,,,,,,,,,,,,,,,,,,,,,,,
141-PPINK,141-P,PINK,0,0,0,0,0,,,,,,,,,,,,,,,,,,,,,,,
141-NPPINK,141-NP,PINK,0,0,0,0,0,,,,,,,,,,,,,,,,,,,,,,,
143-PPINK,143-P,PINK,0,0,0,0,0,,,,,,,,,,,,,,,,,,,,,,,
146-PPINK,146-P,PINK,0,0,0,0,0,,,,,,,,,,,,,,,,,,,,,,,
146-BPPINK,146-BP,PINK,0,0,0,0,0,,,,,,,,,,,,,,,,,,,,,,,
148-PPINK,148-P,PINK,0,0,0,0,0,,,,,,,,,,,,,,,,,,,,,,,
148-BPPINK,148-BP,PINK,0,0,0,0,0,,,,,,,,,,,,,,,,,,,,,,,
150-HPINK,150-H,PINK,0,0,0,0,0,,,,,,,,,,,,,,,,,,,,,,,
1375-VPINK,1375-V,PINK,0,0,0,0,0,,,,,,,,,,,,,,,,,,,,,,,
120-WSGREEN,120-WS,GREEN,0,0,0,0,0,,,,,,,,,,,,,,,,,,,,,,,
123GREEN,123,GREEN,0,0,0,0,0,,,,,,,,,,,,,,,,,,,,,,,
124GREEN,124,GREEN,0,0,0,0,0,,,,,,,,,,,,,,,,,,,,,,,
144-OGREEN,144-O,GREEN,0,0,0,0,0,,,,,,,,,,,,,,,,,,,,,,,
1391GREEN,1391,GREEN,0,0,0,0,0,,,,,,,,,,,,,,,,,,,,,,,
124-OGREEN,124-O,GREEN,0,0,0,0,0,,,,,,,,,,,,,,,,,,,,,,,
147GREEN,147,GREEN,0,0,0,0,0,,,,,,,,,,,,,,,,,,,,,,,
144-HGREEN,144-H,GREEN,0,0,0,0,0,,,,,,,,,,,,,,,,,,,,,,,
121-HGREEN,121-H,GREEN,0,0,0,0,0,,,,,,,,,,,,,,,,,,,,,,,
124-HGREEN,124-H,GREEN,0,0,0,0,0,,,,,,,,,,,,,,,,,,,,,,,
127GREEN,127,GREEN,0,0,0,0,0,,,,,,,,,,,,,,,,,,,,,,,
132GREEN,132,GREEN,0,0,0,0,0,,,,,,,,,,,,,,,,,,,,,,,
144-CGREEN,144-C,GREEN,0,0,0,0,0,,,,,,,,,,,,,,,,,,,,,,,
145GREEN,145,GREEN,0,0,0,0,0,,,,,,,,,,,,,,,,,,,,,,,
130-OGREEN,130-O,GREEN,0,0,0,0,0,,,,,,,,,,,,,,,,,,,,,,,
120-WGREEN,120-W,GREEN,0,0,0,0,0,,,,,,,,,,,,,,,,,,,,,,,
123-HGREEN,123-H,GREEN,0,0,0,0,0,,,,,,,,,,,,,,,,,,,,,,,
120GREEN,120,GREEN,0,0,0,0,0,,,,,,,,,,,,,,,,,,,,,,,
124-CGREEN,124-C,GREEN,0,0,0,0,0,,,,,,,,,,,,,,,,,,,,,,,
139GREEN,139,GREEN,0,0,0,0,0,,,,,,,,,,,,,,,,,,,,,,,
123-CGREEN,123-C,GREEN,0,0,0,0,0,,,,,,,,,,,,,,,,,,,,,,,
1491GREEN,1491,GREEN,0,0,0,0,0,,,,,,,,,,,,,,,,,,,,,,,
1491-HGREEN,1491-H,GREEN,0,0,0,0,0,,,,,,,,,,,,,,,,,,,,,,,
1323GREEN,1323,GREEN,0,0,0,0,0,,,,,,,,,,,,,,,,,,,,,,,
121-CGREEN,121-C,GREEN,0,0,0,0,0,,,,,,,,,,,,,,,,,,,,,,,
120-SGREEN,120-S,GREEN,0,0,0,0,0,,,,,,,,,,,,,,,,,,,,,,,
140GREEN,140,GREEN,0,0,0,0,0,,,,,,,,,,,,,,,,,,,,,,,
127-HGREEN,127-H,GREEN,0,0,0,0,0,,,,,,,,,,,,,,,,,,,,,,,
121-SGREEN,121-S,GREEN,0,0,0,0,0,,,,,,,,,,,,,,,,,,,,,,,
120-RGREEN,120-R,GREEN,0,0,0,0,0,,,,,,,,,,,,,,,,,,,,,,,
141GREEN,141,GREEN,0,0,0,0,0,,,,,,,,,,,,,,,,,,,,,,,
1441GREEN,1441,GREEN,0,0,0,0,0,,,,,,,,,,,,,,,,,,,,,,,
129-HGREEN,129-H,GREEN,0,0,0,0,0,,,,,,,,,,,,,,,,,,,,,,,
123-QGREEN,123-Q,GREEN,0,0,0,0,0,,,,,,,,,,,,,,,,,,,,,,,
1241GREEN,1241,GREEN,0,0,0,0,0,,,,,,,,,,,,,,,,,,,,,,,
121-RGREEN,121-R,GREEN,0,0,0,0,0,,,,,,,,,,,,,,,,,,,,,,,
120-MGREEN,120-M,GREEN,0,0,0,0,0,,,,,,,,,,,,,,,,,,,,,,,
144-TGREEN,144-T,GREEN,0,0,0,0,0,,,,,,,,,,,,,,,,,,,,,,,
1311-HGREEN,1311-H,GREEN,0,0,0,0,0,,,,,,,,,,,,,,,,,,,,,,,
123-OGREEN,123-O,GREEN,0,0,0,0,0,,,,,,,,,,,,,,,,,,,,,,,
144-SGREEN,144-S,GREEN,0,0,0,0,0,,,,,,,,,,,,,,,,,,,,,,,
121-EGREEN,121-E,GREEN,0,0,0,0,0,,,,,,,,,,,,,,,,,,,,,,,
120-CGREEN,120-C,GREEN,0,0,0,0,0,,,,,,,,,,,,,,,,,,,,,,,
131-HGREEN,131-H,GREEN,0,0,0,0,0,,,,,,,,,,,,,,,,,,,,,,,
130-QGREEN,130-Q,GREEN,0,0,0,0,0,,,,,,,,,,,,,,,,,,,,,,,
132-CGREEN,132-C,GREEN,0,0,0,0,0,,,,,,,,,,,,,,,,,,,,,,,
129-OGREEN,129-O,GREEN,0,0,0,0,0,,,,,,,,,,,,,,,,,,,,,,,
144-QGREEN,144-Q,GREEN,0,0,0,0,0,,,,,,,,,,,,,,,,,,,,,,,
131GREEN,131,GREEN,0,0,0,0,0,,,,,,,,,,,,,,,,,,,,,,,
149-NGREEN,149-N,GREEN,0,0,0,0,0,,,,,,,,,,,,,,,,,,,,,,,
141-OGREEN,141-O,GREEN,0,0,0,0,0,,,,,,,,,,,,,,,,,,,,,,,
123-FGREEN,123-F,GREEN,0,0,0,0,0,,,,,,,,,,,,,,,,,,,,,,,
124-FGREEN,124-F,GREEN,0,0,0,0,0,,,,,,,,,,,,,,,,,,,,,,,
124-SGREEN,124-S,GREEN,0,0,0,0,0,,,,,,,,,,,,,,,,,,,,,,,
144-RGREEN,144-R,GREEN,0,0,0,0,0,,,,,,,,,,,,,,,,,,,,,,,
130-HGREEN,130-H,GREEN,0,0,0,0,0,,,,,,,,,,,,,,,,,,,,,,,
1231GREEN,1231,GREEN,0,0,0,0,0,,,,,,,,,,,,,,,,,,,,,,,
129-CGREEN,129-C,GREEN,0,0,0,0,0,,,,,,,,,,,,,,,,,,,,,,,
131-CGREEN,131-C,GREEN,0,0,0,0,0,,,,,,,,,,,,,,,,,,,,,,,
121-VGREEN,121-V,GREEN,0,0,0,0,0,,,,,,,,,,,,,,,,,,,,,,,
125-OGREEN,125-O,GREEN,0,0,0,0,0,,,,,,,,,,,,,,,,,,,,,,,
121-BGREEN,121-B,GREEN,0,0,0,0,0,,,,,,,,,,,,,,,,,,,,,,,
145-OGREEN,145-O,GREEN,0,0,0,0,0,,,,,,,,,,,,,,,,,,,,,,,
144-EGREEN,144-E,GREEN,0,0,0,0,0,,,,,,,,,,,,,,,,,,,,,,,
1311GREEN,1311,GREEN,0,0,0,0,0,,,,,,,,,,,,,,,,,,,,,,,
130-RGREEN,130-R,GREEN,0,0,0,0,0,,,,,,,,,,,,,,,,,,,,,,,
145-HGREEN,145-H,GREEN,0,0,0,0,0,,,,,,,,,,,,,,,,,,,,,,,
132-RGREEN,132-R,GREEN,0,0,0,0,0,,,,,,,,,,,,,,,,,,,,,,,
127-CGREEN,127-C,GREEN,0,0,0,0,0,,,,,,,,,,,,,,,,,,,,,,,
147-HGREEN,147-H,GREEN,0,0,0,0,0,,,,,,,,,,,,,,,,,,,,,,,
1375-SGREEN,1375-S,GREEN,0,0,0,0,0,,,,,,,,,,,,,,,,,,,,,,,
147-OGREEN,147-O,GREEN,0,0,0,0,0,,,,,,,,,,,,,,,,,,,,,,,
144-PGREEN,144-P,GREEN,0,0,0,0,0,,,,,,,,,,,,,,,,,,,,,,,
147-CGREEN,147-C,GREEN,0,0,0,0,0,,,,,,,,,,,,,,,,,,,,,,,
124-BGREEN,124-B,GREEN,0,0,0,0,0,,,,,,,,,,,,,,,,,,,,,,,
1491-CGREEN,1491-C,GREEN,0,0,0,0,0,,,,,,,,,,,,,,,,,,,,,,,
123-RGREEN,123-R,GREEN,0,0,0,0,0,,,,,,,,,,,,,,,,,,,,,,,
124-EGREEN,124-E,GREEN,0,0,0,0,0,,,,,,,,,,,,,,,,,,,,,,,
144-BGREEN,144-B,GREEN,0,0,0,0,0,,,,,,,,,,,,,,,,,,,,,,,
149-OGREEN,149-O,GREEN,0,0,0,0,0,,,,,,,,,,,,,,,,,,,,,,,
130-CGREEN,130-C,GREEN,0,0,0,0,0,,,,,,,,,,,,,,,,,,,,,,,
145-CGREEN,145-C,GREEN,0,0,0,0,0,,,,,,,,,,,,,,,,,,,,,,,
1321GREEN,1321,GREEN,0,0,0,0,0,,,,,,,,,,,,,,,,,,,,,,,
142-OGREEN,142-O,GREEN,0,0,0,0,0,,,,,,,,,,,,,,,,,,,,,,,
1311-CGREEN,1311-C,GREEN,0,0,0,0,0,,,,,,,,,,,,,,,,,,,,,,,
133-HGREEN,133-H,GREEN,0,0,0,0,0,,,,,,,,,,,,,,,,,,,,,,,
137GREEN,137,GREEN,0,0,0,0,0,,,,,,,,,,,,,,,,,,,,,,,
129-SGREEN,129-S,GREEN,0,0,0,0,0,,,,,,,,,,,,,,,,,,,,,,,
123-CFGREEN,123-CF,GREEN,0,0,0,0,0,,,,,,,,,,,,,,,,,,,,,,,
121-PGREEN,121-P,GREEN,0,0,0,0,0,,,,,,,,,,,,,,,,,,,,,,,
130-SGREEN,130-S,GREEN,0,0,0,0,0,,,,,,,,,,,,,,,,,,,,,,,
1291GREEN,1291,GREEN,0,0,0,0,0,,,,,,,,,,,,,,,,,,,,,,,
146GREEN,146,GREEN,0,0,0,0,0,,,,,,,,,,,,,,,,,,,,,,,
130-UGREEN,130-U,GREEN,0,0,0,0,0,,,,,,,,,,,,,,,,,,,,,,,
132-QGREEN,132-Q,GREEN,0,0,0,0,0,,,,,,,,,,,,,,,,,,,,,,,
132-OGREEN,132-O,GREEN,0,0,0,0,0,,,,,,,,,,,,,,,,,,,,,,,
127-SGREEN,127-S,GREEN,0,0,0,0,0,,,,,,,,,,,,,,,,,,,,,,,
1322-SGREEN,1322-S,GREEN,0,0,0,0,0,,,,,,,,,,,,,,,,,,,,,,,
1375-OGREEN,1375-O,GREEN,0,0,0,0,0,,,,,,,,,,,,,,,,,,,,,,,
142-HGREEN,142-H,GREEN,0,0,0,0,0,,,,,,,,,,,,,,,,,,,,,,,
131-NGREEN,131-N,GREEN,0,0,0,0,0,,,,,,,,,,,,,,,,,,,,,,,
130-EGREEN,130-E,GREEN,0,0,0,0,0,,,,,,,,,,,,,,,,,,,,,,,
124-PGREEN,124-P,GREEN,0,0,0,0,0,,,,,,,,,,,,,,,,,,,,,,,
133-QGREEN,133-Q,GREEN,0,0,0,0,0,,,,,,,,,,,,,,,,,,,,,,,
129-QGREEN,129-Q,GREEN,0,0,0,0,0,,,,,,,,,,,,,,,,,,,,,,,
149-BGREEN,149-B,GREEN,0,0,0,0,0,,,,,,,,,,,,,,,,,,,,,,,
145-SGREEN,145-S,GREEN,0,0,0,0,0,,,,,,,,,,,,,,,,,,,,,,,
132-SGREEN,132-S,GREEN,0,0,0,0,0,,,,,,,,,,,,,,,,,,,,,,,
124-UGREEN,124-U,GREEN,0,0,0,0,0,,,,,,,,,,,,,,,,,,,,,,,
130-PGREEN,130-P,GREEN,0,0,0,0,0,,,,,,,,,,,,,,,,,,,,,,,
1375GREEN,1375,GREEN,0,0,0,0,0,,,,,,,,,,,,,,,,,,,,,,,
143-HGREEN,143-H,GREEN,0,0,0,0,0,,,,,,,,,,,,,,,,,,,,,,,
123-UGREEN,123-U,GREEN,0,0,0,0,0,,,,,,,,,,,,,,,,,,,,,,,
1451GREEN,1451,GREEN,0,0,0,0,0,,,,,,,,,,,,,,,,,,,,,,,
127-BGREEN,127-B,GREEN,0,0,0,0,0,,,,,,,,,,,,,,,,,,,,,,,
147-BGREEN,147-B,GREEN,0,0,0,0,0,,,,,,,,,,,,,,,,,,,,,,,
149-SGREEN,149-S,GREEN,0,0,0,0,0,,,,,,,,,,,,,,,,,,,,,,,
141-EGREEN,141-E,GREEN,0,0,0,0,0,,,,,,,,,,,,,,,,,,,,,,,
130-BGREEN,130-B,GREEN,0,0,0,0,0,,,,,,,,,,,,,,,,,,,,,,,
132-TGREEN,132-T,GREEN,0,0,0,0,0,,,,,,,,,,,,,,,,,,,,,,,
1375-CGREEN,1375-C,GREEN,0,0,0,0,0,,,,,,,,,,,,,,,,,,,,,,,
1375-RGREEN,1375-R,GREEN,0,0,0,0,0,,,,,,,,,,,,,,,,,,,,,,,
144-UGREEN,144-U,GREEN,0,0,0,0,0,,,,,,,,,,,,,,,,,,,,,,,
142-EGREEN,142-E,GREEN,0,0,0,0,0,,,,,,,,,,,,,,,,,,,,,,,
148GREEN,148,GREEN,0,0,0,0,0,,,,,,,,,,,,,,,,,,,,,,,
400-QGREEN,400-Q,GREEN,0,0,0,0,0,,,,,,,,,,,,,,,,,,,,,,,
129-BGREEN,129-B,GREEN,0,0,0,0,0,,,,,,,,,,,,,,,,,,,,,,,
133-CGREEN,133-C,GREEN,0,0,0,0,0,,,,,,,,,,,,,,,,,,,,,,,
127-PGREEN,127-P,GREEN,0,0,0,0,0,,,,,,,,,,,,,,,,,,,,,,,
147-RGREEN,147-R,GREEN,0,0,0,0,0,,,,,,,,,,,,,,,,,,,,,,,
123-EGREEN,123-E,GREEN,0,0,0,0,0,,,,,,,,,,,,,,,,,,,,,,,
145-QGREEN,145-Q,GREEN,0,0,0,0,0,,,,,,,,,,,,,,,,,,,,,,,
144-VGREEN,144-V,GREEN,0,0,0,0,0,,,,,,,,,,,,,,,,,,,,,,,
131-OGREEN,131-O,GREEN,0,0,0,0,0,,,,,,,,,,,,,,,,,,,,,,,
124-VGREEN,124-V,GREEN,0,0,0,0,0,,,,,,,,,,,,,,,,,,,,,,,
127-EGREEN,127-E,GREEN,0,0,0,0,0,,,,,,,,,,,,,,,,,,,,,,,
1431GREEN,1431,GREEN,0,0,0,0,0,,,,,,,,,,,,,,,,,,,,,,,
134GREEN,134,GREEN,0,0,0,0,0,,,,,,,,,,,,,,,,,,,,,,,
131-PGREEN,131-P,GREEN,0,0,0,0,0,,,,,,,,,,,,,,,,,,,,,,,
136GREEN,136,GREEN,0,0,0,0,0,,,,,,,,,,,,,,,,,,,,,,,
1411GREEN,1411,GREEN,0,0,0,0,0,,,,,,,,,,,,,,,,,,,,,,,
132-DGREEN,132-D,GREEN,0,0,0,0,0,,,,,,,,,,,,,,,,,,,,,,,
130-VGREEN,130-V,GREEN,0,0,0,0,0,,,,,,,,,,,,,,,,,,,,,,,
133-RGREEN,133-R,GREEN,0,0,0,0,0,,,,,,,,,,,,,,,,,,,,,,,
145-BGREEN,145-B,GREEN,0,0,0,0,0,,,,,,,,,,,,,,,,,,,,,,,
142-CGREEN,142-C,GREEN,0,0,0,0,0,,,,,,,,,,,,,,,,,,,,,,,
147-PGREEN,147-P,GREEN,0,0,0,0,0,,,,,,,,,,,,,,,,,,,,,,,
132-BGREEN,132-B,GREEN,0,0,0,0,0,,,,,,,,,,,,,,,,,,,,,,,
146-BGREEN,146-B,GREEN,0,0,0,0,0,,,,,,,,,,,,,,,,,,,,,,,
1375-QGREEN,1375-Q,GREEN,0,0,0,0,0,,,,,,,,,,,,,,,,,,,,,,,
1421GREEN,1421,GREEN,0,0,0,0,0,,,,,,,,,,,,,,,,,,,,,,,
133-OGREEN,133-O,GREEN,0,0,0,0,0,,,,,,,,,,,,,,,,,,,,,,,
138GREEN,138,GREEN,0,0,0,0,0,,,,,,,,,,,,,,,,,,,,,,,
144-DGREEN,144-D,GREEN,0,0,0,0,0,,,,,,,,,,,,,,,,,,,,,,,
1311-NGREEN,1311-N,GREEN,0,0,0,0,0,,,,,,,,,,,,,,,,,,,,,,,
133-SGREEN,133-S,GREEN,0,0,0,0,0,,,,,,,,,,,,,,,,,,,,,,,
122-OGREEN,122-O,GREEN,0,0,0,0,0,,,,,,,,,,,,,,,,,,,,,,,
1322-BGREEN,1322-B,GREEN,0,0,0,0,0,,,,,,,,,,,,,,,,,,,,,,,
132-OTGREEN,132-OT,GREEN,0,0,0,0,0,,,,,,,,,,,,,,,,,,,,,,,
127-VGREEN,127-V,GREEN,0,0,0,0,0,,,,,,,,,,,,,,,,,,,,,,,
134-RGREEN,134-R,GREEN,0,0,0,0,0,,,,,,,,,,,,,,,,,,,,,,,
142-PGREEN,142-P,GREEN,0,0,0,0,0,,,,,,,,,,,,,,,,,,,,,,,
147-EGREEN,147-E,GREEN,0,0,0,0,0,,,,,,,,,,,,,,,,,,,,,,,
132-EGREEN,132-E,GREEN,0,0,0,0,0,,,,,,,,,,,,,,,,,,,,,,,
145-RGREEN,145-R,GREEN,0,0,0,0,0,,,,,,,,,,,,,,,,,,,,,,,
148-BGREEN,148-B,GREEN,0,0,0,0,0,,,,,,,,,,,,,,,,,,,,,,,
143-EGREEN,143-E,GREEN,0,0,0,0,0,,,,,,,,,,,,,,,,,,,,,,,
400-RGREEN,400-R,GREEN,0,0,0,0,0,,,,,,,,,,,,,,,,,,,,,,,
129-UGREEN,129-U,GREEN,0,0,0,0,0,,,,,,,,,,,,,,,,,,,,,,,
145-UGREEN,145-U,GREEN,0,0,0,0,0,,,,,,,,,,,,,,,,,,,,,,,
129-RGREEN,129-R,GREEN,0,0,0,0,0,,,,,,,,,,,,,,,,,,,,,,,
127-OGREEN,127-O,GREEN,0,0,0,0,0,,,,,,,,,,,,,,,,,,,,,,,
133-EGREEN,133-E,GREEN,0,0,0,0,0,,,,,,,,,,,,,,,,,,,,,,,
132-UGREEN,132-U,GREEN,0,0,0,0,0,,,,,,,,,,,,,,,,,,,,,,,
129-DGREEN,129-D,GREEN,0,0,0,0,0,,,,,,,,,,,,,,,,,,,,,,,
123-DGREEN,123-D,GREEN,0,0,0,0,0,,,,,,,,,,,,,,,,,,,,,,,
129-EGREEN,129-E,GREEN,0,0,0,0,0,,,,,,,,,,,,,,,,,,,,,,,
149-VGREEN,149-V,GREEN,0,0,0,0,0,,,,,,,,,,,,,,,,,,,,,,,
134-HGREEN,134-H,GREEN,0,0,0,0,0,,,,,,,,,,,,,,,,,,,,,,,
1322-VGREEN,1322-V,GREEN,0,0,0,0,0,,,,,,,,,,,,,,,,,,,,,,,
133-UGREEN,133-U,GREEN,0,0,0,0,0,,,,,,,,,,,,,,,,,,,,,,,
133-DGREEN,133-D,GREEN,0,0,0,0,0,,,,,,,,,,,,,,,,,,,,,,,
141-HGREEN,141-H,GREEN,0,0,0,0,0,,,,,,,,,,,,,,,,,,,,,,,
124-EFGREEN,124-EF,GREEN,0,0,0,0,0,,,,,,,,,,,,,,,,,,,,,,,
1461GREEN,1461,GREEN,0,0,0,0,0,,,,,,,,,,,,,,,,,,,,,,,
133-BGREEN,133-B,GREEN,0,0,0,0,0,,,,,,,,,,,,,,,,,,,,,,,
145-DGREEN,145-D,GREEN,0,0,0,0,0,,,,,,,,,,,,,,,,,,,,,,,
134-CGREEN,134-C,GREEN,0,0,0,0,0,,,,,,,,,,,,,,,,,,,,,,,
130-DGREEN,130-D,GREEN,0,0,0,0,0,,,,,,,,,,,,,,,,,,,,,,,
146-EGREEN,146-E,GREEN,0,0,0,0,0,,,,,,,,,,,,,,,,,,,,,,,
145-EGREEN,145-E,GREEN,0,0,0,0,0,,,,,,,,,,,,,,,,,,,,,,,
146-CGREEN,146-C,GREEN,0,0,0,0,0,,,,,,,,,,,,,,,,,,,,,,,
150-OGREEN,150-O,GREEN,0,0,0,0,0,,,,,,,,,,,,,,,,,,,,,,,
148-HGREEN,148-H,GREEN,0,0,0,0,0,,,,,,,,,,,,,,,,,,,,,,,
1471GREEN,1471,GREEN,0,0,0,0,0,,,,,,,,,,,,,,,,,,,,,,,
146-OGREEN,146-O,GREEN,0,0,0,0,0,,,,,,,,,,,,,,,,,,,,,,,
123-EFGREEN,123-EF,GREEN,0,0,0,0,0,,,,,,,,,,,,,,,,,,,,,,,
132-VGREEN,132-V,GREEN,0,0,0,0,0,,,,,,,,,,,,,,,,,,,,,,,
146-HGREEN,146-H,GREEN,0,0,0,0,0,,,,,,,,,,,,,,,,,,,,,,,
1375-UGREEN,1375-U,GREEN,0,0,0,0,0,,,,,,,,,,,,,,,,,,,,,,,
123-NGREEN,123-N,GREEN,0,0,0,0,0,,,,,,,,,,,,,,,,,,,,,,,
123-CNGREEN,123-CN,GREEN,0,0,0,0,0,,,,,,,,,,,,,,,,,,,,,,,
124-RGREEN,124-R,GREEN,0,0,0,0,0,,,,,,,,,,,,,,,,,,,,,,,
129-VGREEN,129-V,GREEN,0,0,0,0,0,,,,,,,,,,,,,,,,,,,,,,,
124-FPGREEN,124-FP,GREEN,0,0,0,0,0,,,,,,,,,,,,,,,,,,,,,,,
135-RGREEN,135-R,GREEN,0,0,0,0,0,,,,,,,,,,,,,,,,,,,,,,,
1481GREEN,1481,GREEN,0,0,0,0,0,,,,,,,,,,,,,,,,,,,,,,,
135GREEN,135,GREEN,0,0,0,0,0,,,,,,,,,,,,,,,,,,,,,,,
150GREEN,150,GREEN,0,0,0,0,0,,,,,,,,,,,,,,,,,,,,,,,
134-OGREEN,134-O,GREEN,0,0,0,0,0,,,,,,,,,,,,,,,,,,,,,,,
1341GREEN,1341,GREEN,0,0,0,0,0,,,,,,,,,,,,,,,,,,,,,,,
133-VGREEN,133-V,GREEN,0,0,0,0,0,,,,,,,,,,,,,,,,,,,,,,,
1332GREEN,1332,GREEN,0,0,0,0,0,,,,,,,,,,,,,,,,,,,,,,,
147-SQGREEN,147-SQ,GREEN,0,0,0,0,0,,,,,,,,,,,,,,,,,,,,,,,
147-CQGREEN,147-CQ,GREEN,0,0,0,0,0,,,,,,,,,,,,,,,,,,,,,,,
132-PGREEN,132-P,GREEN,0,0,0,0,0,,,,,,,,,,,,,,,,,,,,,,,
1375-BGREEN,1375-B,GREEN,0,0,0,0,0,,,,,,,,,,,,,,,,,,,,,,,
1351GREEN,1351,GREEN,0,0,0,0,0,,,,,,,,,,,,,,,,,,,,,,,
129-PGREEN,129-P,GREEN,0,0,0,0,0,,,,,,,,,,,,,,,,,,,,,,,
145-VGREEN,145-V,GREEN,0,0,0,0,0,,,,,,,,,,,,,,,,,,,,,,,
1375-DGREEN,1375-D,GREEN,0,0,0,0,0,,,,,,,,,,,,,,,,,,,,,,,
147-VGREEN,147-V,GREEN,0,0,0,0,0,,,,,,,,,,,,,,,,,,,,,,,
123-ONGREEN,123-ON,GREEN,0,0,0,0,0,,,,,,,,,,,,,,,,,,,,,,,
143-OGREEN,143-O,GREEN,0,0,0,0,0,,,,,,,,,,,,,,,,,,,,,,,
148-OGREEN,148-O,GREEN,0,0,0,0,0,,,,,,,,,,,,,,,,,,,,,,,
146-BOGREEN,146-BO,GREEN,0,0,0,0,0,,,,,,,,,,,,,,,,,,,,,,,
148-BOGREEN,148-BO,GREEN,0,0,0,0,0,,,,,,,,,,,,,,,,,,,,,,,
147-OSQGREEN,147-OSQ,GREEN,0,0,0,0,0,,,,,,,,,,,,,,,,,,,,,,,
133-NEWGREEN,133-NEW,GREEN,0,0,0,0,0,,,,,,,,,,,,,,,,,,,,,,,
141-NGREEN,141-N,GREEN,0,0,0,0,0,,,,,,,,,,,,,,,,,,,,,,,
139-MGREEN,139-M,GREEN,0,0,0,0,0,,,,,,,,,,,,,,,,,,,,,,,
150-CGREEN,150-C,GREEN,0,0,0,0,0,,,,,,,,,,,,,,,,,,,,,,,
141-CGREEN,141-C,GREEN,0,0,0,0,0,,,,,,,,,,,,,,,,,,,,,,,
135-CGREEN,135-C,GREEN,0,0,0,0,0,,,,,,,,,,,,,,,,,,,,,,,
123-ENGREEN,123-EN,GREEN,0,0,0,0,0,,,,,,,,,,,,,,,,,,,,,,,
150-EGREEN,150-E,GREEN,0,0,0,0,0,,,,,,,,,,,,,,,,,,,,,,,
147-EQGREEN,147-EQ,GREEN,0,0,0,0,0,,,,,,,,,,,,,,,,,,,,,,,
1231-FGREEN,1231-F,GREEN,0,0,0,0,0,,,,,,,,,,,,,,,,,,,,,,,
1231-NGREEN,1231-N,GREEN,0,0,0,0,0,,,,,,,,,,,,,,,,,,,,,,,
1241-FGREEN,1241-F,GREEN,0,0,0,0,0,,,,,,,,,,,,,,,,,,,,,,,
1501GREEN,1501,GREEN,0,0,0,0,0,,,,,,,,,,,,,,,,,,,,,,,
1471-QGREEN,1471-Q,GREEN,0,0,0,0,0,,,,,,,,,,,,,,,,,,,,,,,
123-PGREEN,123-P,GREEN,0,0,0,0,0,,,,,,,,,,,,,,,,,,,,,,,
123-FPGREEN,123-FP,GREEN,0,0,0,0,0,,,,,,,,,,,,,,,,,,,,,,,
1375-PGREEN,1375-P,GREEN,0,0,0,0,0,,,,,,,,,,,,,,,,,,,,,,,
123-PNGREEN,123-PN,GREEN,0,0,0,0,0,,,,,,,,,,,,,,,,,,,,,,,
131-NPGREEN,131-NP,GREEN,0,0,0,0,0,,,,,,,,,,,,,,,,,,,,,,,
149-NPGREEN,149-NP,GREEN,0,0,0,0,0,,,,,,,,,,,,,,,,,,,,,,,
150-PGREEN,150-P,GREEN,0,0,0,0,0,,,,,,,,,,,,,,,,,,,,,,,
145-PGREEN,145-P,GREEN,0,0,0,0,0,,,,,,,,,,,,,,,,,,,,,,,
133-PGREEN,133-P,GREEN,0,0,0,0,0,,,,,,,,,,,,,,,,,,,,,,,
147-PQGREEN,147-PQ,GREEN,0,0,0,0,0,,,,,,,,,,,,,,,,,,,,,,,
147-BPGREEN,147-BP,GREEN,0,0,0,0,0,,,,,,,,,,,,,,,,,,,,,,,
134-PGREEN,134-P,GREEN,0,0,0,0,0,,,,,,,,,,,,,,,,,,,,,,,
135-PGREEN,135-P,GREEN,0,0,0,0,0,,,,,,,,,,,,,,,,,,,,,,,
141-PGREEN,141-P,GREEN,0,0,0,0,0,,,,,,,,,,,,,,,,,,,,,,,
141-NPGREEN,141-NP,GREEN,0,0,0,0,0,,,,,,,,,,,,,,,,,,,,,,,
143-PGREEN,143-P,GREEN,0,0,0,0,0,,,,,,,,,,,,,,,,,,,,,,,
146-PGREEN,146-P,GREEN,0,0,0,0,0,,,,,,,,,,,,,,,,,,,,,,,
146-BPGREEN,146-BP,GREEN,0,0,0,0,0,,,,,,,,,,,,,,,,,,,,,,,
148-PGREEN,148-P,GREEN,0,0,0,0,0,,,,,,,,,,,,,,,,,,,,,,,
148-BPGREEN,148-BP,GREEN,0,0,0,0,0,,,,,,,,,,,,,,,,,,,,,,,
150-HGREEN,150-H,GREEN,0,0,0,0,0,,,,,,,,,,,,,,,,,,,,,,,
1375-VGREEN,1375-V,GREEN,0,0,0,0,0,,,,,,,,,,,,,,,,,,,,,,,
121-OBURGUNDY,121-O,BURGUNDY,0,0,0,0,0,,,,,,,,,,,,,,,,,,,,,,,
120-WSBURGUNDY,120-WS,BURGUNDY,0,0,0,0,0,,,,,,,,,,,,,,,,,,,,,,,
144BURGUNDY,144,BURGUNDY,0,0,0,0,0,,,,,,,,,,,,,,,,,,,,,,,
121BURGUNDY,121,BURGUNDY,0,0,0,0,0,,,,,,,,,,,,,,,,,,,,,,,
123BURGUNDY,123,BURGUNDY,0,0,0,0,0,,,,,,,,,,,,,,,,,,,,,,,
129BURGUNDY,129,BURGUNDY,0,0,0,0,0,,,,,,,,,,,,,,,,,,,,,,,
124BURGUNDY,124,BURGUNDY,0,0,0,0,0,,,,,,,,,,,,,,,,,,,,,,,
144-OBURGUNDY,144-O,BURGUNDY,0,0,0,0,0,,,,,,,,,,,,,,,,,,,,,,,
1391BURGUNDY,1391,BURGUNDY,0,0,0,0,0,,,,,,,,,,,,,,,,,,,,,,,
130BURGUNDY,130,BURGUNDY,0,0,0,0,0,,,,,,,,,,,,,,,,,,,,,,,
124-OBURGUNDY,124-O,BURGUNDY,0,0,0,0,0,,,,,,,,,,,,,,,,,,,,,,,
147BURGUNDY,147,BURGUNDY,0,0,0,0,0,,,,,,,,,,,,,,,,,,,,,,,
144-HBURGUNDY,144-H,BURGUNDY,0,0,0,0,0,,,,,,,,,,,,,,,,,,,,,,,
143BURGUNDY,143,BURGUNDY,0,0,0,0,0,,,,,,,,,,,,,,,,,,,,,,,
121-HBURGUNDY,121-H,BURGUNDY,0,0,0,0,0,,,,,,,,,,,,,,,,,,,,,,,
142BURGUNDY,142,BURGUNDY,0,0,0,0,0,,,,,,,,,,,,,,,,,,,,,,,
124-HBURGUNDY,124-H,BURGUNDY,0,0,0,0,0,,,,,,,,,,,,,,,,,,,,,,,
127BURGUNDY,127,BURGUNDY,0,0,0,0,0,,,,,,,,,,,,,,,,,,,,,,,
144-CBURGUNDY,144-C,BURGUNDY,0,0,0,0,0,,,,,,,,,,,,,,,,,,,,,,,
145BURGUNDY,145,BURGUNDY,0,0,0,0,0,,,,,,,,,,,,,,,,,,,,,,,
130-OBURGUNDY,130-O,BURGUNDY,0,0,0,0,0,,,,,,,,,,,,,,,,,,,,,,,
120-WBURGUNDY,120-W,BURGUNDY,0,0,0,0,0,,,,,,,,,,,,,,,,,,,,,,,
123-HBURGUNDY,123-H,BURGUNDY,0,0,0,0,0,,,,,,,,,,,,,,,,,,,,,,,
120BURGUNDY,120,BURGUNDY,0,0,0,0,0,,,,,,,,,,,,,,,,,,,,,,,
124-CBURGUNDY,124-C,BURGUNDY,0,0,0,0,0,,,,,,,,,,,,,,,,,,,,,,,
139BURGUNDY,139,BURGUNDY,0,0,0,0,0,,,,,,,,,,,,,,,,,,,,,,,
123-CBURGUNDY,123-C,BURGUNDY,0,0,0,0,0,,,,,,,,,,,,,,,,,,,,,,,
1491BURGUNDY,1491,BURGUNDY,0,0,0,0,0,,,,,,,,,,,,,,,,,,,,,,,
1491-HBURGUNDY,1491-H,BURGUNDY,0,0,0,0,0,,,,,,,,,,,,,,,,,,,,,,,
1323BURGUNDY,1323,BURGUNDY,0,0,0,0,0,,,,,,,,,,,,,,,,,,,,,,,
121-CBURGUNDY,121-C,BURGUNDY,0,0,0,0,0,,,,,,,,,,,,,,,,,,,,,,,
120-SBURGUNDY,120-S,BURGUNDY,0,0,0,0,0,,,,,,,,,,,,,,,,,,,,,,,
140BURGUNDY,140,BURGUNDY,0,0,0,0,0,,,,,,,,,,,,,,,,,,,,,,,
127-HBURGUNDY,127-H,BURGUNDY,0,0,0,0,0,,,,,,,,,,,,,,,,,,,,,,,
121-SBURGUNDY,121-S,BURGUNDY,0,0,0,0,0,,,,,,,,,,,,,,,,,,,,,,,
120-RBURGUNDY,120-R,BURGUNDY,0,0,0,0,0,,,,,,,,,,,,,,,,,,,,,,,
141BURGUNDY,141,BURGUNDY,0,0,0,0,0,,,,,,,,,,,,,,,,,,,,,,,
1441BURGUNDY,1441,BURGUNDY,0,0,0,0,0,,,,,,,,,,,,,,,,,,,,,,,
129-HBURGUNDY,129-H,BURGUNDY,0,0,0,0,0,,,,,,,,,,,,,,,,,,,,,,,
123-QBURGUNDY,123-Q,BURGUNDY,0,0,0,0,0,,,,,,,,,,,,,,,,,,,,,,,
1241BURGUNDY,1241,BURGUNDY,0,0,0,0,0,,,,,,,,,,,,,,,,,,,,,,,
121-RBURGUNDY,121-R,BURGUNDY,0,0,0,0,0,,,,,,,,,,,,,,,,,,,,,,,
120-MBURGUNDY,120-M,BURGUNDY,0,0,0,0,0,,,,,,,,,,,,,,,,,,,,,,,
144-TBURGUNDY,144-T,BURGUNDY,0,0,0,0,0,,,,,,,,,,,,,,,,,,,,,,,
1311-HBURGUNDY,1311-H,BURGUNDY,0,0,0,0,0,,,,,,,,,,,,,,,,,,,,,,,
123-OBURGUNDY,123-O,BURGUNDY,0,0,0,0,0,,,,,,,,,,,,,,,,,,,,,,,
144-SBURGUNDY,144-S,BURGUNDY,0,0,0,0,0,,,,,,,,,,,,,,,,,,,,,,,
121-EBURGUNDY,121-E,BURGUNDY,0,0,0,0,0,,,,,,,,,,,,,,,,,,,,,,,
120-CBURGUNDY,120-C,BURGUNDY,0,0,0,0,0,,,,,,,,,,,,,,,,,,,,,,,
131-HBURGUNDY,131-H,BURGUNDY,0,0,0,0,0,,,,,,,,,,,,,,,,,,,,,,,
130-QBURGUNDY,130-Q,BURGUNDY,0,0,0,0,0,,,,,,,,,,,,,,,,,,,,,,,
132-CBURGUNDY,132-C,BURGUNDY,0,0,0,0,0,,,,,,,,,,,,,,,,,,,,,,,
129-OBURGUNDY,129-O,BURGUNDY,0,0,0,0,0,,,,,,,,,,,,,,,,,,,,,,,
144-QBURGUNDY,144-Q,BURGUNDY,0,0,0,0,0,,,,,,,,,,,,,,,,,,,,,,,
131BURGUNDY,131,BURGUNDY,0,0,0,0,0,,,,,,,,,,,,,,,,,,,,,,,
149-NBURGUNDY,149-N,BURGUNDY,0,0,0,0,0,,,,,,,,,,,,,,,,,,,,,,,
141-OBURGUNDY,141-O,BURGUNDY,0,0,0,0,0,,,,,,,,,,,,,,,,,,,,,,,
123-FBURGUNDY,123-F,BURGUNDY,0,0,0,0,0,,,,,,,,,,,,,,,,,,,,,,,
124-FBURGUNDY,124-F,BURGUNDY,0,0,0,0,0,,,,,,,,,,,,,,,,,,,,,,,
124-SBURGUNDY,124-S,BURGUNDY,0,0,0,0,0,,,,,,,,,,,,,,,,,,,,,,,
144-RBURGUNDY,144-R,BURGUNDY,0,0,0,0,0,,,,,,,,,,,,,,,,,,,,,,,
130-HBURGUNDY,130-H,BURGUNDY,0,0,0,0,0,,,,,,,,,,,,,,,,,,,,,,,
1231BURGUNDY,1231,BURGUNDY,0,0,0,0,0,,,,,,,,,,,,,,,,,,,,,,,
129-CBURGUNDY,129-C,BURGUNDY,0,0,0,0,0,,,,,,,,,,,,,,,,,,,,,,,
131-CBURGUNDY,131-C,BURGUNDY,0,0,0,0,0,,,,,,,,,,,,,,,,,,,,,,,
121-VBURGUNDY,121-V,BURGUNDY,0,0,0,0,0,,,,,,,,,,,,,,,,,,,,,,,
125-OBURGUNDY,125-O,BURGUNDY,0,0,0,0,0,,,,,,,,,,,,,,,,,,,,,,,
121-BBURGUNDY,121-B,BURGUNDY,0,0,0,0,0,,,,,,,,,,,,,,,,,,,,,,,
145-OBURGUNDY,145-O,BURGUNDY,0,0,0,0,0,,,,,,,,,,,,,,,,,,,,,,,
144-EBURGUNDY,144-E,BURGUNDY,0,0,0,0,0,,,,,,,,,,,,,,,,,,,,,,,
1311BURGUNDY,1311,BURGUNDY,0,0,0,0,0,,,,,,,,,,,,,,,,,,,,,,,
130-RBURGUNDY,130-R,BURGUNDY,0,0,0,0,0,,,,,,,,,,,,,,,,,,,,,,,
145-HBURGUNDY,145-H,BURGUNDY,0,0,0,0,0,,,,,,,,,,,,,,,,,,,,,,,
132-RBURGUNDY,132-R,BURGUNDY,0,0,0,0,0,,,,,,,,,,,,,,,,,,,,,,,
127-CBURGUNDY,127-C,BURGUNDY,0,0,0,0,0,,,,,,,,,,,,,,,,,,,,,,,
147-HBURGUNDY,147-H,BURGUNDY,0,0,0,0,0,,,,,,,,,,,,,,,,,,,,,,,
1375-SBURGUNDY,1375-S,BURGUNDY,0,0,0,0,0,,,,,,,,,,,,,,,,,,,,,,,
147-OBURGUNDY,147-O,BURGUNDY,0,0,0,0,0,,,,,,,,,,,,,,,,,,,,,,,
144-PBURGUNDY,144-P,BURGUNDY,0,0,0,0,0,,,,,,,,,,,,,,,,,,,,,,,
147-CBURGUNDY,147-C,BURGUNDY,0,0,0,0,0,,,,,,,,,,,,,,,,,,,,,,,
124-BBURGUNDY,124-B,BURGUNDY,0,0,0,0,0,,,,,,,,,,,,,,,,,,,,,,,
1491-CBURGUNDY,1491-C,BURGUNDY,0,0,0,0,0,,,,,,,,,,,,,,,,,,,,,,,
123-RBURGUNDY,123-R,BURGUNDY,0,0,0,0,0,,,,,,,,,,,,,,,,,,,,,,,
124-EBURGUNDY,124-E,BURGUNDY,0,0,0,0,0,,,,,,,,,,,,,,,,,,,,,,,
144-BBURGUNDY,144-B,BURGUNDY,0,0,0,0,0,,,,,,,,,,,,,,,,,,,,,,,
149-OBURGUNDY,149-O,BURGUNDY,0,0,0,0,0,,,,,,,,,,,,,,,,,,,,,,,
130-CBURGUNDY,130-C,BURGUNDY,0,0,0,0,0,,,,,,,,,,,,,,,,,,,,,,,
145-CBURGUNDY,145-C,BURGUNDY,0,0,0,0,0,,,,,,,,,,,,,,,,,,,,,,,
142-OBURGUNDY,142-O,BURGUNDY,0,0,0,0,0,,,,,,,,,,,,,,,,,,,,,,,
1311-CBURGUNDY,1311-C,BURGUNDY,0,0,0,0,0,,,,,,,,,,,,,,,,,,,,,,,
133-HBURGUNDY,133-H,BURGUNDY,0,0,0,0,0,,,,,,,,,,,,,,,,,,,,,,,
137BURGUNDY,137,BURGUNDY,0,0,0,0,0,,,,,,,,,,,,,,,,,,,,,,,
129-SBURGUNDY,129-S,BURGUNDY,0,0,0,0,0,,,,,,,,,,,,,,,,,,,,,,,
123-CFBURGUNDY,123-CF,BURGUNDY,0,0,0,0,0,,,,,,,,,,,,,,,,,,,,,,,
121-PBURGUNDY,121-P,BURGUNDY,0,0,0,0,0,,,,,,,,,,,,,,,,,,,,,,,
130-SBURGUNDY,130-S,BURGUNDY,0,0,0,0,0,,,,,,,,,,,,,,,,,,,,,,,
1291BURGUNDY,1291,BURGUNDY,0,0,0,0,0,,,,,,,,,,,,,,,,,,,,,,,
146BURGUNDY,146,BURGUNDY,0,0,0,0,0,,,,,,,,,,,,,,,,,,,,,,,
130-UBURGUNDY,130-U,BURGUNDY,0,0,0,0,0,,,,,,,,,,,,,,,,,,,,,,,
132-QBURGUNDY,132-Q,BURGUNDY,0,0,0,0,0,,,,,,,,,,,,,,,,,,,,,,,
132-OBURGUNDY,132-O,BURGUNDY,0,0,0,0,0,,,,,,,,,,,,,,,,,,,,,,,
127-SBURGUNDY,127-S,BURGUNDY,0,0,0,0,0,,,,,,,,,,,,,,,,,,,,,,,
1322-SBURGUNDY,1322-S,BURGUNDY,0,0,0,0,0,,,,,,,,,,,,,,,,,,,,,,,
1375-OBURGUNDY,1375-O,BURGUNDY,0,0,0,0,0,,,,,,,,,,,,,,,,,,,,,,,
142-HBURGUNDY,142-H,BURGUNDY,0,0,0,0,0,,,,,,,,,,,,,,,,,,,,,,,
131-NBURGUNDY,131-N,BURGUNDY,0,0,0,0,0,,,,,,,,,,,,,,,,,,,,,,,
130-EBURGUNDY,130-E,BURGUNDY,0,0,0,0,0,,,,,,,,,,,,,,,,,,,,,,,
124-PBURGUNDY,124-P,BURGUNDY,0,0,0,0,0,,,,,,,,,,,,,,,,,,,,,,,
133-QBURGUNDY,133-Q,BURGUNDY,0,0,0,0,0,,,,,,,,,,,,,,,,,,,,,,,
129-QBURGUNDY,129-Q,BURGUNDY,0,0,0,0,0,,,,,,,,,,,,,,,,,,,,,,,
149-BBURGUNDY,149-B,BURGUNDY,0,0,0,0,0,,,,,,,,,,,,,,,,,,,,,,,
145-SBURGUNDY,145-S,BURGUNDY,0,0,0,0,0,,,,,,,,,,,,,,,,,,,,,,,
132-SBURGUNDY,132-S,BURGUNDY,0,0,0,0,0,,,,,,,,,,,,,,,,,,,,,,,
124-UBURGUNDY,124-U,BURGUNDY,0,0,0,0,0,,,,,,,,,,,,,,,,,,,,,,,
130-PBURGUNDY,130-P,BURGUNDY,0,0,0,0,0,,,,,,,,,,,,,,,,,,,,,,,
1375BURGUNDY,1375,BURGUNDY,0,0,0,0,0,,,,,,,,,,,,,,,,,,,,,,,
143-HBURGUNDY,143-H,BURGUNDY,0,0,0,0,0,,,,,,,,,,,,,,,,,,,,,,,
123-UBURGUNDY,123-U,BURGUNDY,0,0,0,0,0,,,,,,,,,,,,,,,,,,,,,,,
1451BURGUNDY,1451,BURGUNDY,0,0,0,0,0,,,,,,,,,,,,,,,,,,,,,,,
127-BBURGUNDY,127-B,BURGUNDY,0,0,0,0,0,,,,,,,,,,,,,,,,,,,,,,,
147-BBURGUNDY,147-B,BURGUNDY,0,0,0,0,0,,,,,,,,,,,,,,,,,,,,,,,
149-SBURGUNDY,149-S,BURGUNDY,0,0,0,0,0,,,,,,,,,,,,,,,,,,,,,,,
141-EBURGUNDY,141-E,BURGUNDY,0,0,0,0,0,,,,,,,,,,,,,,,,,,,,,,,
130-BBURGUNDY,130-B,BURGUNDY,0,0,0,0,0,,,,,,,,,,,,,,,,,,,,,,,
132-TBURGUNDY,132-T,BURGUNDY,0,0,0,0,0,,,,,,,,,,,,,,,,,,,,,,,
1375-CBURGUNDY,1375-C,BURGUNDY,0,0,0,0,0,,,,,,,,,,,,,,,,,,,,,,,
1375-RBURGUNDY,1375-R,BURGUNDY,0,0,0,0,0,,,,,,,,,,,,,,,,,,,,,,,
144-UBURGUNDY,144-U,BURGUNDY,0,0,0,0,0,,,,,,,,,,,,,,,,,,,,,,,
142-EBURGUNDY,142-E,BURGUNDY,0,0,0,0,0,,,,,,,,,,,,,,,,,,,,,,,
148BURGUNDY,148,BURGUNDY,0,0,0,0,0,,,,,,,,,,,,,,,,,,,,,,,
400-QBURGUNDY,400-Q,BURGUNDY,0,0,0,0,0,,,,,,,,,,,,,,,,,,,,,,,
129-BBURGUNDY,129-B,BURGUNDY,0,0,0,0,0,,,,,,,,,,,,,,,,,,,,,,,
133-CBURGUNDY,133-C,BURGUNDY,0,0,0,0,0,,,,,,,,,,,,,,,,,,,,,,,
127-PBURGUNDY,127-P,BURGUNDY,0,0,0,0,0,,,,,,,,,,,,,,,,,,,,,,,
147-RBURGUNDY,147-R,BURGUNDY,0,0,0,0,0,,,,,,,,,,,,,,,,,,,,,,,
123-EBURGUNDY,123-E,BURGUNDY,0,0,0,0,0,,,,,,,,,,,,,,,,,,,,,,,
145-QBURGUNDY,145-Q,BURGUNDY,0,0,0,0,0,,,,,,,,,,,,,,,,,,,,,,,
144-VBURGUNDY,144-V,BURGUNDY,0,0,0,0,0,,,,,,,,,,,,,,,,,,,,,,,
131-OBURGUNDY,131-O,BURGUNDY,0,0,0,0,0,,,,,,,,,,,,,,,,,,,,,,,
124-VBURGUNDY,124-V,BURGUNDY,0,0,0,0,0,,,,,,,,,,,,,,,,,,,,,,,
127-EBURGUNDY,127-E,BURGUNDY,0,0,0,0,0,,,,,,,,,,,,,,,,,,,,,,,
1431BURGUNDY,1431,BURGUNDY,0,0,0,0,0,,,,,,,,,,,,,,,,,,,,,,,
134BURGUNDY,134,BURGUNDY,0,0,0,0,0,,,,,,,,,,,,,,,,,,,,,,,
131-PBURGUNDY,131-P,BURGUNDY,0,0,0,0,0,,,,,,,,,,,,,,,,,,,,,,,
136BURGUNDY,136,BURGUNDY,0,0,0,0,0,,,,,,,,,,,,,,,,,,,,,,,
1411BURGUNDY,1411,BURGUNDY,0,0,0,0,0,,,,,,,,,,,,,,,,,,,,,,,
132-DBURGUNDY,132-D,BURGUNDY,0,0,0,0,0,,,,,,,,,,,,,,,,,,,,,,,
130-VBURGUNDY,130-V,BURGUNDY,0,0,0,0,0,,,,,,,,,,,,,,,,,,,,,,,
133-RBURGUNDY,133-R,BURGUNDY,0,0,0,0,0,,,,,,,,,,,,,,,,,,,,,,,
145-BBURGUNDY,145-B,BURGUNDY,0,0,0,0,0,,,,,,,,,,,,,,,,,,,,,,,
142-CBURGUNDY,142-C,BURGUNDY,0,0,0,0,0,,,,,,,,,,,,,,,,,,,,,,,
147-PBURGUNDY,147-P,BURGUNDY,0,0,0,0,0,,,,,,,,,,,,,,,,,,,,,,,
132-BBURGUNDY,132-B,BURGUNDY,0,0,0,0,0,,,,,,,,,,,,,,,,,,,,,,,
146-BBURGUNDY,146-B,BURGUNDY,0,0,0,0,0,,,,,,,,,,,,,,,,,,,,,,,
1375-QBURGUNDY,1375-Q,BURGUNDY,0,0,0,0,0,,,,,,,,,,,,,,,,,,,,,,,
1421BURGUNDY,1421,BURGUNDY,0,0,0,0,0,,,,,,,,,,,,,,,,,,,,,,,
133-OBURGUNDY,133-O,BURGUNDY,0,0,0,0,0,,,,,,,,,,,,,,,,,,,,,,,
138BURGUNDY,138,BURGUNDY,0,0,0,0,0,,,,,,,,,,,,,,,,,,,,,,,
144-DBURGUNDY,144-D,BURGUNDY,0,0,0,0,0,,,,,,,,,,,,,,,,,,,,,,,
1311-NBURGUNDY,1311-N,BURGUNDY,0,0,0,0,0,,,,,,,,,,,,,,,,,,,,,,,
133-SBURGUNDY,133-S,BURGUNDY,0,0,0,0,0,,,,,,,,,,,,,,,,,,,,,,,
122-OBURGUNDY,122-O,BURGUNDY,0,0,0,0,0,,,,,,,,,,,,,,,,,,,,,,,
1322-BBURGUNDY,1322-B,BURGUNDY,0,0,0,0,0,,,,,,,,,,,,,,,,,,,,,,,
132-OTBURGUNDY,132-OT,BURGUNDY,0,0,0,0,0,,,,,,,,,,,,,,,,,,,,,,,
127-VBURGUNDY,127-V,BURGUNDY,0,0,0,0,0,,,,,,,,,,,,,,,,,,,,,,,
134-RBURGUNDY,134-R,BURGUNDY,0,0,0,0,0,,,,,,,,,,,,,,,,,,,,,,,
142-PBURGUNDY,142-P,BURGUNDY,0,0,0,0,0,,,,,,,,,,,,,,,,,,,,,,,
147-EBURGUNDY,147-E,BURGUNDY,0,0,0,0,0,,,,,,,,,,,,,,,,,,,,,,,
132-EBURGUNDY,132-E,BURGUNDY,0,0,0,0,0,,,,,,,,,,,,,,,,,,,,,,,
145-RBURGUNDY,145-R,BURGUNDY,0,0,0,0,0,,,,,,,,,,,,,,,,,,,,,,,
148-BBURGUNDY,148-B,BURGUNDY,0,0,0,0,0,,,,,,,,,,,,,,,,,,,,,,,
143-EBURGUNDY,143-E,BURGUNDY,0,0,0,0,0,,,,,,,,,,,,,,,,,,,,,,,
400-RBURGUNDY,400-R,BURGUNDY,0,0,0,0,0,,,,,,,,,,,,,,,,,,,,,,,
129-UBURGUNDY,129-U,BURGUNDY,0,0,0,0,0,,,,,,,,,,,,,,,,,,,,,,,
145-UBURGUNDY,145-U,BURGUNDY,0,0,0,0,0,,,,,,,,,,,,,,,,,,,,,,,
129-RBURGUNDY,129-R,BURGUNDY,0,0,0,0,0,,,,,,,,,,,,,,,,,,,,,,,
127-OBURGUNDY,127-O,BURGUNDY,0,0,0,0,0,,,,,,,,,,,,,,,,,,,,,,,
133-EBURGUNDY,133-E,BURGUNDY,0,0,0,0,0,,,,,,,,,,,,,,,,,,,,,,,
132-UBURGUNDY,132-U,BURGUNDY,0,0,0,0,0,,,,,,,,,,,,,,,,,,,,,,,
129-DBURGUNDY,129-D,BURGUNDY,0,0,0,0,0,,,,,,,,,,,,,,,,,,,,,,,
123-DBURGUNDY,123-D,BURGUNDY,0,0,0,0,0,,,,,,,,,,,,,,,,,,,,,,,
129-EBURGUNDY,129-E,BURGUNDY,0,0,0,0,0,,,,,,,,,,,,,,,,,,,,,,,
149-VBURGUNDY,149-V,BURGUNDY,0,0,0,0,0,,,,,,,,,,,,,,,,,,,,,,,
134-HBURGUNDY,134-H,BURGUNDY,0,0,0,0,0,,,,,,,,,,,,,,,,,,,,,,,
1322-VBURGUNDY,1322-V,BURGUNDY,0,0,0,0,0,,,,,,,,,,,,,,,,,,,,,,,
133-UBURGUNDY,133-U,BURGUNDY,0,0,0,0,0,,,,,,,,,,,,,,,,,,,,,,,
133-DBURGUNDY,133-D,BURGUNDY,0,0,0,0,0,,,,,,,,,,,,,,,,,,,,,,,
141-HBURGUNDY,141-H,BURGUNDY,0,0,0,0,0,,,,,,,,,,,,,,,,,,,,,,,
124-EFBURGUNDY,124-EF,BURGUNDY,0,0,0,0,0,,,,,,,,,,,,,,,,,,,,,,,
1461BURGUNDY,1461,BURGUNDY,0,0,0,0,0,,,,,,,,,,,,,,,,,,,,,,,
133-BBURGUNDY,133-B,BURGUNDY,0,0,0,0,0,,,,,,,,,,,,,,,,,,,,,,,
145-DBURGUNDY,145-D,BURGUNDY,0,0,0,0,0,,,,,,,,,,,,,,,,,,,,,,,
134-CBURGUNDY,134-C,BURGUNDY,0,0,0,0,0,,,,,,,,,,,,,,,,,,,,,,,
130-DBURGUNDY,130-D,BURGUNDY,0,0,0,0,0,,,,,,,,,,,,,,,,,,,,,,,
146-EBURGUNDY,146-E,BURGUNDY,0,0,0,0,0,,,,,,,,,,,,,,,,,,,,,,,
145-EBURGUNDY,145-E,BURGUNDY,0,0,0,0,0,,,,,,,,,,,,,,,,,,,,,,,
146-CBURGUNDY,146-C,BURGUNDY,0,0,0,0,0,,,,,,,,,,,,,,,,,,,,,,,
150-OBURGUNDY,150-O,BURGUNDY,0,0,0,0,0,,,,,,,,,,,,,,,,,,,,,,,
148-HBURGUNDY,148-H,BURGUNDY,0,0,0,0,0,,,,,,,,,,,,,,,,,,,,,,,
1471BURGUNDY,1471,BURGUNDY,0,0,0,0,0,,,,,,,,,,,,,,,,,,,,,,,
146-OBURGUNDY,146-O,BURGUNDY,0,0,0,0,0,,,,,,,,,,,,,,,,,,,,,,,
123-EFBURGUNDY,123-EF,BURGUNDY,0,0,0,0,0,,,,,,,,,,,,,,,,,,,,,,,
132-VBURGUNDY,132-V,BURGUNDY,0,0,0,0,0,,,,,,,,,,,,,,,,,,,,,,,
146-HBURGUNDY,146-H,BURGUNDY,0,0,0,0,0,,,,,,,,,,,,,,,,,,,,,,,
1375-UBURGUNDY,1375-U,BURGUNDY,0,0,0,0,0,,,,,,,,,,,,,,,,,,,,,,,
123-NBURGUNDY,123-N,BURGUNDY,0,0,0,0,0,,,,,,,,,,,,,,,,,,,,,,,
123-CNBURGUNDY,123-CN,BURGUNDY,0,0,0,0,0,,,,,,,,,,,,,,,,,,,,,,,
124-RBURGUNDY,124-R,BURGUNDY,0,0,0,0,0,,,,,,,,,,,,,,,,,,,,,,,
129-VBURGUNDY,129-V,BURGUNDY,0,0,0,0,0,,,,,,,,,,,,,,,,,,,,,,,
124-FPBURGUNDY,124-FP,BURGUNDY,0,0,0,0,0,,,,,,,,,,,,,,,,,,,,,,,
135-RBURGUNDY,135-R,BURGUNDY,0,0,0,0,0,,,,,,,,,,,,,,,,,,,,,,,
1481BURGUNDY,1481,BURGUNDY,0,0,0,0,0,,,,,,,,,,,,,,,,,,,,,,,
135BURGUNDY,135,BURGUNDY,0,0,0,0,0,,,,,,,,,,,,,,,,,,,,,,,
150BURGUNDY,150,BURGUNDY,0,0,0,0,0,,,,,,,,,,,,,,,,,,,,,,,
134-OBURGUNDY,134-O,BURGUNDY,0,0,0,0,0,,,,,,,,,,,,,,,,,,,,,,,
1341BURGUNDY,1341,BURGUNDY,0,0,0,0,0,,,,,,,,,,,,,,,,,,,,,,,
133-VBURGUNDY,133-V,BURGUNDY,0,0,0,0,0,,,,,,,,,,,,,,,,,,,,,,,
1332BURGUNDY,1332,BURGUNDY,0,0,0,0,0,,,,,,,,,,,,,,,,,,,,,,,
147-SQBURGUNDY,147-SQ,BURGUNDY,0,0,0,0,0,,,,,,,,,,,,,,,,,,,,,,,
147-CQBURGUNDY,147-CQ,BURGUNDY,0,0,0,0,0,,,,,,,,,,,,,,,,,,,,,,,
132-PBURGUNDY,132-P,BURGUNDY,0,0,0,0,0,,,,,,,,,,,,,,,,,,,,,,,
1375-BBURGUNDY,1375-B,BURGUNDY,0,0,0,0,0,,,,,,,,,,,,,,,,,,,,,,,
1351BURGUNDY,1351,BURGUNDY,0,0,0,0,0,,,,,,,,,,,,,,,,,,,,,,,
129-PBURGUNDY,129-P,BURGUNDY,0,0,0,0,0,,,,,,,,,,,,,,,,,,,,,,,
145-VBURGUNDY,145-V,BURGUNDY,0,0,0,0,0,,,,,,,,,,,,,,,,,,,,,,,
1375-DBURGUNDY,1375-D,BURGUNDY,0,0,0,0,0,,,,,,,,,,,,,,,,,,,,,,,
147-VBURGUNDY,147-V,BURGUNDY,0,0,0,0,0,,,,,,,,,,,,,,,,,,,,,,,
123-ONBURGUNDY,123-ON,BURGUNDY,0,0,0,0,0,,,,,,,,,,,,,,,,,,,,,,,
143-OBURGUNDY,143-O,BURGUNDY,0,0,0,0,0,,,,,,,,,,,,,,,,,,,,,,,
148-OBURGUNDY,148-O,BURGUNDY,0,0,0,0,0,,,,,,,,,,,,,,,,,,,,,,,
146-BOBURGUNDY,146-BO,BURGUNDY,0,0,0,0,0,,,,,,,,,,,,,,,,,,,,,,,
148-BOBURGUNDY,148-BO,BURGUNDY,0,0,0,0,0,,,,,,,,,,,,,,,,,,,,,,,
147-OSQBURGUNDY,147-OSQ,BURGUNDY,0,0,0,0,0,,,,,,,,,,,,,,,,,,,,,,,
133-NEWBURGUNDY,133-NEW,BURGUNDY,0,0,0,0,0,,,,,,,,,,,,,,,,,,,,,,,
141-NBURGUNDY,141-N,BURGUNDY,0,0,0,0,0,,,,,,,,,,,,,,,,,,,,,,,
139-MBURGUNDY,139-M,BURGUNDY,0,0,0,0,0,,,,,,,,,,,,,,,,,,,,,,,
150-CBURGUNDY,150-C,BURGUNDY,0,0,0,0,0,,,,,,,,,,,,,,,,,,,,,,,
141-CBURGUNDY,141-C,BURGUNDY,0,0,0,0,0,,,,,,,,,,,,,,,,,,,,,,,
135-CBURGUNDY,135-C,BURGUNDY,0,0,0,0,0,,,,,,,,,,,,,,,,,,,,,,,
123-ENBURGUNDY,123-EN,BURGUNDY,0,0,0,0,0,,,,,,,,,,,,,,,,,,,,,,,
150-EBURGUNDY,150-E,BURGUNDY,0,0,0,0,0,,,,,,,,,,,,,,,,,,,,,,,
147-EQBURGUNDY,147-EQ,BURGUNDY,0,0,0,0,0,,,,,,,,,,,,,,,,,,,,,,,
1231-FBURGUNDY,1231-F,BURGUNDY,0,0,0,0,0,,,,,,,,,,,,,,,,,,,,,,,
1231-NBURGUNDY,1231-N,BURGUNDY,0,0,0,0,0,,,,,,,,,,,,,,,,,,,,,,,
1241-FBURGUNDY,1241-F,BURGUNDY,0,0,0,0,0,,,,,,,,,,,,,,,,,,,,,,,
1501BURGUNDY,1501,BURGUNDY,0,0,0,0,0,,,,,,,,,,,,,,,,,,,,,,,
1471-QBURGUNDY,1471-Q,BURGUNDY,0,0,0,0,0,,,,,,,,,,,,,,,,,,,,,,,
123-PBURGUNDY,123-P,BURGUNDY,0,0,0,0,0,,,,,,,,,,,,,,,,,,,,,,,
123-FPBURGUNDY,123-FP,BURGUNDY,0,0,0,0,0,,,,,,,,,,,,,,,,,,,,,,,
1375-PBURGUNDY,1375-P,BURGUNDY,0,0,0,0,0,,,,,,,,,,,,,,,,,,,,,,,
123-PNBURGUNDY,123-PN,BURGUNDY,0,0,0,0,0,,,,,,,,,,,,,,,,,,,,,,,
131-NPBURGUNDY,131-NP,BURGUNDY,0,0,0,0,0,,,,,,,,,,,,,,,,,,,,,,,
149-NPBURGUNDY,149-NP,BURGUNDY,0,0,0,0,0,,,,,,,,,,,,,,,,,,,,,,,
150-PBURGUNDY,150-P,BURGUNDY,0,0,0,0,0,,,,,,,,,,,,,,,,,,,,,,,
145-PBURGUNDY,145-P,BURGUNDY,0,0,0,0,0,,,,,,,,,,,,,,,,,,,,,,,
133-PBURGUNDY,133-P,BURGUNDY,0,0,0,0,0,,,,,,,,,,,,,,,,,,,,,,,
147-PQBURGUNDY,147-PQ,BURGUNDY,0,0,0,0,0,,,,,,,,,,,,,,,,,,,,,,,
147-BPBURGUNDY,147-BP,BURGUNDY,0,0,0,0,0,,,,,,,,,,,,,,,,,,,,,,,
134-PBURGUNDY,134-P,BURGUNDY,0,0,0,0,0,,,,,,,,,,,,,,,,,,,,,,,
135-PBURGUNDY,135-P,BURGUNDY,0,0,0,0,0,,,,,,,,,,,,,,,,,,,,,,,
141-PBURGUNDY,141-P,BURGUNDY,0,0,0,0,0,,,,,,,,,,,,,,,,,,,,,,,
141-NPBURGUNDY,141-NP,BURGUNDY,0,0,0,0,0,,,,,,,,,,,,,,,,,,,,,,,
143-PBURGUNDY,143-P,BURGUNDY,0,0,0,0,0,,,,,,,,,,,,,,,,,,,,,,,
146-PBURGUNDY,146-P,BURGUNDY,0,0,0,0,0,,,,,,,,,,,,,,,,,,,,,,,
146-BPBURGUNDY,146-BP,BURGUNDY,0,0,0,0,0,,,,,,,,,,,,,,,,,,,,,,,
148-PBURGUNDY,148-P,BURGUNDY,0,0,0,0,0,,,,,,,,,,,,,,,,,,,,,,,
148-BPBURGUNDY,148-BP,BURGUNDY,0,0,0,0,0,,,,,,,,,,,,,,,,,,,,,,,
150-HBURGUNDY,150-H,BURGUNDY,0,0,0,0,0,,,,,,,,,,,,,,,,,,,,,,,
1375-VBURGUNDY,1375-V,BURGUNDY,0,0,0,0,0,,,,,,,,,,,,,,,,,,,,,,,
120-WSM GREEN,120-WS,M GREEN,0,0,0,0,0,,,,,,,,,,,,,,,,,,,,,,,
144M GREEN,144,M GREEN,0,0,0,0,0,,,,,,,,,,,,,,,,,,,,,,,
121M GREEN,121,M GREEN,0,0,0,0,0,,,,,,,,,,,,,,,,,,,,,,,
123M GREEN,123,M GREEN,0,0,0,0,0,,,,,,,,,,,,,,,,,,,,,,,
129M GREEN,129,M GREEN,0,0,0,0,0,,,,,,,,,,,,,,,,,,,,,,,
124M GREEN,124,M GREEN,0,0,0,0,0,,,,,,,,,,,,,,,,,,,,,,,
144-OM GREEN,144-O,M GREEN,0,0,0,0,0,,,,,,,,,,,,,,,,,,,,,,,
1391M GREEN,1391,M GREEN,0,0,0,0,0,,,,,,,,,,,,,,,,,,,,,,,
130M GREEN,130,M GREEN,0,0,0,0,0,,,,,,,,,,,,,,,,,,,,,,,
124-OM GREEN,124-O,M GREEN,0,0,0,0,0,,,,,,,,,,,,,,,,,,,,,,,
147M GREEN,147,M GREEN,0,0,0,0,0,,,,,,,,,,,,,,,,,,,,,,,
144-HM GREEN,144-H,M GREEN,0,0,0,0,0,,,,,,,,,,,,,,,,,,,,,,,
121-HM GREEN,121-H,M GREEN,0,0,0,0,0,,,,,,,,,,,,,,,,,,,,,,,
142M GREEN,142,M GREEN,0,0,0,0,0,,,,,,,,,,,,,,,,,,,,,,,
124-HM GREEN,124-H,M GREEN,0,0,0,0,0,,,,,,,,,,,,,,,,,,,,,,,
127M GREEN,127,M GREEN,0,0,0,0,0,,,,,,,,,,,,,,,,,,,,,,,
132M GREEN,132,M GREEN,0,0,0,0,0,,,,,,,,,,,,,,,,,,,,,,,
144-CM GREEN,144-C,M GREEN,0,0,0,0,0,,,,,,,,,,,,,,,,,,,,,,,
145M GREEN,145,M GREEN,0,0,0,0,0,,,,,,,,,,,,,,,,,,,,,,,
130-OM GREEN,130-O,M GREEN,0,0,0,0,0,,,,,,,,,,,,,,,,,,,,,,,
120-WM GREEN,120-W,M GREEN,0,0,0,0,0,,,,,,,,,,,,,,,,,,,,,,,
123-HM GREEN,123-H,M GREEN,0,0,0,0,0,,,,,,,,,,,,,,,,,,,,,,,
120M GREEN,120,M GREEN,0,0,0,0,0,,,,,,,,,,,,,,,,,,,,,,,
124-CM GREEN,124-C,M GREEN,0,0,0,0,0,,,,,,,,,,,,,,,,,,,,,,,
139M GREEN,139,M GREEN,0,0,0,0,0,,,,,,,,,,,,,,,,,,,,,,,
123-CM GREEN,123-C,M GREEN,0,0,0,0,0,,,,,,,,,,,,,,,,,,,,,,,
1491M GREEN,1491,M GREEN,0,0,0,0,0,,,,,,,,,,,,,,,,,,,,,,,
1491-HM GREEN,1491-H,M GREEN,0,0,0,0,0,,,,,,,,,,,,,,,,,,,,,,,
1323M GREEN,1323,M GREEN,0,0,0,0,0,,,,,,,,,,,,,,,,,,,,,,,
121-CM GREEN,121-C,M GREEN,0,0,0,0,0,,,,,,,,,,,,,,,,,,,,,,,
120-SM GREEN,120-S,M GREEN,0,0,0,0,0,,,,,,,,,,,,,,,,,,,,,,,
140M GREEN,140,M GREEN,0,0,0,0,0,,,,,,,,,,,,,,,,,,,,,,,
127-HM GREEN,127-H,M GREEN,0,0,0,0,0,,,,,,,,,,,,,,,,,,,,,,,
121-SM GREEN,121-S,M GREEN,0,0,0,0,0,,,,,,,,,,,,,,,,,,,,,,,
120-RM GREEN,120-R,M GREEN,0,0,0,0,0,,,,,,,,,,,,,,,,,,,,,,,
141M GREEN,141,M GREEN,0,0,0,0,0,,,,,,,,,,,,,,,,,,,,,,,
1441M GREEN,1441,M GREEN,0,0,0,0,0,,,,,,,,,,,,,,,,,,,,,,,
129-HM GREEN,129-H,M GREEN,0,0,0,0,0,,,,,,,,,,,,,,,,,,,,,,,
123-QM GREEN,123-Q,M GREEN,0,0,0,0,0,,,,,,,,,,,,,,,,,,,,,,,
1241M GREEN,1241,M GREEN,0,0,0,0,0,,,,,,,,,,,,,,,,,,,,,,,
121-RM GREEN,121-R,M GREEN,0,0,0,0,0,,,,,,,,,,,,,,,,,,,,,,,
120-MM GREEN,120-M,M GREEN,0,0,0,0,0,,,,,,,,,,,,,,,,,,,,,,,
144-TM GREEN,144-T,M GREEN,0,0,0,0,0,,,,,,,,,,,,,,,,,,,,,,,
1311-HM GREEN,1311-H,M GREEN,0,0,0,0,0,,,,,,,,,,,,,,,,,,,,,,,
123-OM GREEN,123-O,M GREEN,0,0,0,0,0,,,,,,,,,,,,,,,,,,,,,,,
144-SM GREEN,144-S,M GREEN,0,0,0,0,0,,,,,,,,,,,,,,,,,,,,,,,
121-EM GREEN,121-E,M GREEN,0,0,0,0,0,,,,,,,,,,,,,,,,,,,,,,,
120-CM GREEN,120-C,M GREEN,0,0,0,0,0,,,,,,,,,,,,,,,,,,,,,,,
131-HM GREEN,131-H,M GREEN,0,0,0,0,0,,,,,,,,,,,,,,,,,,,,,,,
130-QM GREEN,130-Q,M GREEN,0,0,0,0,0,,,,,,,,,,,,,,,,,,,,,,,
132-CM GREEN,132-C,M GREEN,0,0,0,0,0,,,,,,,,,,,,,,,,,,,,,,,
129-OM GREEN,129-O,M GREEN,0,0,0,0,0,,,,,,,,,,,,,,,,,,,,,,,
144-QM GREEN,144-Q,M GREEN,0,0,0,0,0,,,,,,,,,,,,,,,,,,,,,,,
131M GREEN,131,M GREEN,0,0,0,0,0,,,,,,,,,,,,,,,,,,,,,,,
149-NM GREEN,149-N,M GREEN,0,0,0,0,0,,,,,,,,,,,,,,,,,,,,,,,
141-OM GREEN,141-O,M GREEN,0,0,0,0,0,,,,,,,,,,,,,,,,,,,,,,,
123-FM GREEN,123-F,M GREEN,0,0,0,0,0,,,,,,,,,,,,,,,,,,,,,,,
124-FM GREEN,124-F,M GREEN,0,0,0,0,0,,,,,,,,,,,,,,,,,,,,,,,
124-SM GREEN,124-S,M GREEN,0,0,0,0,0,,,,,,,,,,,,,,,,,,,,,,,
144-RM GREEN,144-R,M GREEN,0,0,0,0,0,,,,,,,,,,,,,,,,,,,,,,,
130-HM GREEN,130-H,M GREEN,0,0,0,0,0,,,,,,,,,,,,,,,,,,,,,,,
1231M GREEN,1231,M GREEN,0,0,0,0,0,,,,,,,,,,,,,,,,,,,,,,,
129-CM GREEN,129-C,M GREEN,0,0,0,0,0,,,,,,,,,,,,,,,,,,,,,,,
131-CM GREEN,131-C,M GREEN,0,0,0,0,0,,,,,,,,,,,,,,,,,,,,,,,
121-VM GREEN,121-V,M GREEN,0,0,0,0,0,,,,,,,,,,,,,,,,,,,,,,,
125-OM GREEN,125-O,M GREEN,0,0,0,0,0,,,,,,,,,,,,,,,,,,,,,,,
121-BM GREEN,121-B,M GREEN,0,0,0,0,0,,,,,,,,,,,,,,,,,,,,,,,
145-OM GREEN,145-O,M GREEN,0,0,0,0,0,,,,,,,,,,,,,,,,,,,,,,,
144-EM GREEN,144-E,M GREEN,0,0,0,0,0,,,,,,,,,,,,,,,,,,,,,,,
1311M GREEN,1311,M GREEN,0,0,0,0,0,,,,,,,,,,,,,,,,,,,,,,,
130-RM GREEN,130-R,M GREEN,0,0,0,0,0,,,,,,,,,,,,,,,,,,,,,,,
145-HM GREEN,145-H,M GREEN,0,0,0,0,0,,,,,,,,,,,,,,,,,,,,,,,
132-RM GREEN,132-R,M GREEN,0,0,0,0,0,,,,,,,,,,,,,,,,,,,,,,,
127-CM GREEN,127-C,M GREEN,0,0,0,0,0,,,,,,,,,,,,,,,,,,,,,,,
147-HM GREEN,147-H,M GREEN,0,0,0,0,0,,,,,,,,,,,,,,,,,,,,,,,
1375-SM GREEN,1375-S,M GREEN,0,0,0,0,0,,,,,,,,,,,,,,,,,,,,,,,
147-OM GREEN,147-O,M GREEN,0,0,0,0,0,,,,,,,,,,,,,,,,,,,,,,,
144-PM GREEN,144-P,M GREEN,0,0,0,0,0,,,,,,,,,,,,,,,,,,,,,,,
147-CM GREEN,147-C,M GREEN,0,0,0,0,0,,,,,,,,,,,,,,,,,,,,,,,
124-BM GREEN,124-B,M GREEN,0,0,0,0,0,,,,,,,,,,,,,,,,,,,,,,,
1491-CM GREEN,1491-C,M GREEN,0,0,0,0,0,,,,,,,,,,,,,,,,,,,,,,,
123-RM GREEN,123-R,M GREEN,0,0,0,0,0,,,,,,,,,,,,,,,,,,,,,,,
124-EM GREEN,124-E,M GREEN,0,0,0,0,0,,,,,,,,,,,,,,,,,,,,,,,
144-BM GREEN,144-B,M GREEN,0,0,0,0,0,,,,,,,,,,,,,,,,,,,,,,,
149-OM GREEN,149-O,M GREEN,0,0,0,0,0,,,,,,,,,,,,,,,,,,,,,,,
130-CM GREEN,130-C,M GREEN,0,0,0,0,0,,,,,,,,,,,,,,,,,,,,,,,
145-CM GREEN,145-C,M GREEN,0,0,0,0,0,,,,,,,,,,,,,,,,,,,,,,,
1321M GREEN,1321,M GREEN,0,0,0,0,0,,,,,,,,,,,,,,,,,,,,,,,
142-OM GREEN,142-O,M GREEN,0,0,0,0,0,,,,,,,,,,,,,,,,,,,,,,,
1311-CM GREEN,1311-C,M GREEN,0,0,0,0,0,,,,,,,,,,,,,,,,,,,,,,,
133-HM GREEN,133-H,M GREEN,0,0,0,0,0,,,,,,,,,,,,,,,,,,,,,,,
137M GREEN,137,M GREEN,0,0,0,0,0,,,,,,,,,,,,,,,,,,,,,,,
129-SM GREEN,129-S,M GREEN,0,0,0,0,0,,,,,,,,,,,,,,,,,,,,,,,
123-CFM GREEN,123-CF,M GREEN,0,0,0,0,0,,,,,,,,,,,,,,,,,,,,,,,
121-PM GREEN,121-P,M GREEN,0,0,0,0,0,,,,,,,,,,,,,,,,,,,,,,,
130-SM GREEN,130-S,M GREEN,0,0,0,0,0,,,,,,,,,,,,,,,,,,,,,,,
1291M GREEN,1291,M GREEN,0,0,0,0,0,,,,,,,,,,,,,,,,,,,,,,,
146M GREEN,146,M GREEN,0,0,0,0,0,,,,,,,,,,,,,,,,,,,,,,,
130-UM GREEN,130-U,M GREEN,0,0,0,0,0,,,,,,,,,,,,,,,,,,,,,,,
132-QM GREEN,132-Q,M GREEN,0,0,0,0,0,,,,,,,,,,,,,,,,,,,,,,,
132-OM GREEN,132-O,M GREEN,0,0,0,0,0,,,,,,,,,,,,,,,,,,,,,,,
127-SM GREEN,127-S,M GREEN,0,0,0,0,0,,,,,,,,,,,,,,,,,,,,,,,
1322-SM GREEN,1322-S,M GREEN,0,0,0,0,0,,,,,,,,,,,,,,,,,,,,,,,
1375-OM GREEN,1375-O,M GREEN,0,0,0,0,0,,,,,,,,,,,,,,,,,,,,,,,
142-HM GREEN,142-H,M GREEN,0,0,0,0,0,,,,,,,,,,,,,,,,,,,,,,,
131-NM GREEN,131-N,M GREEN,0,0,0,0,0,,,,,,,,,,,,,,,,,,,,,,,
130-EM GREEN,130-E,M GREEN,0,0,0,0,0,,,,,,,,,,,,,,,,,,,,,,,
124-PM GREEN,124-P,M GREEN,0,0,0,0,0,,,,,,,,,,,,,,,,,,,,,,,
133-QM GREEN,133-Q,M GREEN,0,0,0,0,0,,,,,,,,,,,,,,,,,,,,,,,
129-QM GREEN,129-Q,M GREEN,0,0,0,0,0,,,,,,,,,,,,,,,,,,,,,,,
149-BM GREEN,149-B,M GREEN,0,0,0,0,0,,,,,,,,,,,,,,,,,,,,,,,
145-SM GREEN,145-S,M GREEN,0,0,0,0,0,,,,,,,,,,,,,,,,,,,,,,,
132-SM GREEN,132-S,M GREEN,0,0,0,0,0,,,,,,,,,,,,,,,,,,,,,,,
124-UM GREEN,124-U,M GREEN,0,0,0,0,0,,,,,,,,,,,,,,,,,,,,,,,
130-PM GREEN,130-P,M GREEN,0,0,0,0,0,,,,,,,,,,,,,,,,,,,,,,,
1375M GREEN,1375,M GREEN,0,0,0,0,0,,,,,,,,,,,,,,,,,,,,,,,
143-HM GREEN,143-H,M GREEN,0,0,0,0,0,,,,,,,,,,,,,,,,,,,,,,,
123-UM GREEN,123-U,M GREEN,0,0,0,0,0,,,,,,,,,,,,,,,,,,,,,,,
1451M GREEN,1451,M GREEN,0,0,0,0,0,,,,,,,,,,,,,,,,,,,,,,,
127-BM GREEN,127-B,M GREEN,0,0,0,0,0,,,,,,,,,,,,,,,,,,,,,,,
147-BM GREEN,147-B,M GREEN,0,0,0,0,0,,,,,,,,,,,,,,,,,,,,,,,
149-SM GREEN,149-S,M GREEN,0,0,0,0,0,,,,,,,,,,,,,,,,,,,,,,,
141-EM GREEN,141-E,M GREEN,0,0,0,0,0,,,,,,,,,,,,,,,,,,,,,,,
130-BM GREEN,130-B,M GREEN,0,0,0,0,0,,,,,,,,,,,,,,,,,,,,,,,
132-TM GREEN,132-T,M GREEN,0,0,0,0,0,,,,,,,,,,,,,,,,,,,,,,,
1375-CM GREEN,1375-C,M GREEN,0,0,0,0,0,,,,,,,,,,,,,,,,,,,,,,,
1375-RM GREEN,1375-R,M GREEN,0,0,0,0,0,,,,,,,,,,,,,,,,,,,,,,,
144-UM GREEN,144-U,M GREEN,0,0,0,0,0,,,,,,,,,,,,,,,,,,,,,,,
142-EM GREEN,142-E,M GREEN,0,0,0,0,0,,,,,,,,,,,,,,,,,,,,,,,
148M GREEN,148,M GREEN,0,0,0,0,0,,,,,,,,,,,,,,,,,,,,,,,
400-QM GREEN,400-Q,M GREEN,0,0,0,0,0,,,,,,,,,,,,,,,,,,,,,,,
129-BM GREEN,129-B,M GREEN,0,0,0,0,0,,,,,,,,,,,,,,,,,,,,,,,
133-CM GREEN,133-C,M GREEN,0,0,0,0,0,,,,,,,,,,,,,,,,,,,,,,,
127-PM GREEN,127-P,M GREEN,0,0,0,0,0,,,,,,,,,,,,,,,,,,,,,,,
147-RM GREEN,147-R,M GREEN,0,0,0,0,0,,,,,,,,,,,,,,,,,,,,,,,
123-EM GREEN,123-E,M GREEN,0,0,0,0,0,,,,,,,,,,,,,,,,,,,,,,,
145-QM GREEN,145-Q,M GREEN,0,0,0,0,0,,,,,,,,,,,,,,,,,,,,,,,
144-VM GREEN,144-V,M GREEN,0,0,0,0,0,,,,,,,,,,,,,,,,,,,,,,,
131-OM GREEN,131-O,M GREEN,0,0,0,0,0,,,,,,,,,,,,,,,,,,,,,,,
124-VM GREEN,124-V,M GREEN,0,0,0,0,0,,,,,,,,,,,,,,,,,,,,,,,
127-EM GREEN,127-E,M GREEN,0,0,0,0,0,,,,,,,,,,,,,,,,,,,,,,,
1431M GREEN,1431,M GREEN,0,0,0,0,0,,,,,,,,,,,,,,,,,,,,,,,
134M GREEN,134,M GREEN,0,0,0,0,0,,,,,,,,,,,,,,,,,,,,,,,
131-PM GREEN,131-P,M GREEN,0,0,0,0,0,,,,,,,,,,,,,,,,,,,,,,,
136M GREEN,136,M GREEN,0,0,0,0,0,,,,,,,,,,,,,,,,,,,,,,,
1411M GREEN,1411,M GREEN,0,0,0,0,0,,,,,,,,,,,,,,,,,,,,,,,
132-DM GREEN,132-D,M GREEN,0,0,0,0,0,,,,,,,,,,,,,,,,,,,,,,,
130-VM GREEN,130-V,M GREEN,0,0,0,0,0,,,,,,,,,,,,,,,,,,,,,,,
133-RM GREEN,133-R,M GREEN,0,0,0,0,0,,,,,,,,,,,,,,,,,,,,,,,
145-BM GREEN,145-B,M GREEN,0,0,0,0,0,,,,,,,,,,,,,,,,,,,,,,,
142-CM GREEN,142-C,M GREEN,0,0,0,0,0,,,,,,,,,,,,,,,,,,,,,,,
147-PM GREEN,147-P,M GREEN,0,0,0,0,0,,,,,,,,,,,,,,,,,,,,,,,
132-BM GREEN,132-B,M GREEN,0,0,0,0,0,,,,,,,,,,,,,,,,,,,,,,,
146-BM GREEN,146-B,M GREEN,0,0,0,0,0,,,,,,,,,,,,,,,,,,,,,,,
1375-QM GREEN,1375-Q,M GREEN,0,0,0,0,0,,,,,,,,,,,,,,,,,,,,,,,
1421M GREEN,1421,M GREEN,0,0,0,0,0,,,,,,,,,,,,,,,,,,,,,,,
133-OM GREEN,133-O,M GREEN,0,0,0,0,0,,,,,,,,,,,,,,,,,,,,,,,
138M GREEN,138,M GREEN,0,0,0,0,0,,,,,,,,,,,,,,,,,,,,,,,
144-DM GREEN,144-D,M GREEN,0,0,0,0,0,,,,,,,,,,,,,,,,,,,,,,,
1311-NM GREEN,1311-N,M GREEN,0,0,0,0,0,,,,,,,,,,,,,,,,,,,,,,,
133-SM GREEN,133-S,M GREEN,0,0,0,0,0,,,,,,,,,,,,,,,,,,,,,,,
122-OM GREEN,122-O,M GREEN,0,0,0,0,0,,,,,,,,,,,,,,,,,,,,,,,
1322-BM GREEN,1322-B,M GREEN,0,0,0,0,0,,,,,,,,,,,,,,,,,,,,,,,
132-OTM GREEN,132-OT,M GREEN,0,0,0,0,0,,,,,,,,,,,,,,,,,,,,,,,
127-VM GREEN,127-V,M GREEN,0,0,0,0,0,,,,,,,,,,,,,,,,,,,,,,,
134-RM GREEN,134-R,M GREEN,0,0,0,0,0,,,,,,,,,,,,,,,,,,,,,,,
142-PM GREEN,142-P,M GREEN,0,0,0,0,0,,,,,,,,,,,,,,,,,,,,,,,
147-EM GREEN,147-E,M GREEN,0,0,0,0,0,,,,,,,,,,,,,,,,,,,,,,,
132-EM GREEN,132-E,M GREEN,0,0,0,0,0,,,,,,,,,,,,,,,,,,,,,,,
145-RM GREEN,145-R,M GREEN,0,0,0,0,0,,,,,,,,,,,,,,,,,,,,,,,
148-BM GREEN,148-B,M GREEN,0,0,0,0,0,,,,,,,,,,,,,,,,,,,,,,,
143-EM GREEN,143-E,M GREEN,0,0,0,0,0,,,,,,,,,,,,,,,,,,,,,,,
400-RM GREEN,400-R,M GREEN,0,0,0,0,0,,,,,,,,,,,,,,,,,,,,,,,
129-UM GREEN,129-U,M GREEN,0,0,0,0,0,,,,,,,,,,,,,,,,,,,,,,,
145-UM GREEN,145-U,M GREEN,0,0,0,0,0,,,,,,,,,,,,,,,,,,,,,,,
129-RM GREEN,129-R,M GREEN,0,0,0,0,0,,,,,,,,,,,,,,,,,,,,,,,
127-OM GREEN,127-O,M GREEN,0,0,0,0,0,,,,,,,,,,,,,,,,,,,,,,,
133-EM GREEN,133-E,M GREEN,0,0,0,0,0,,,,,,,,,,,,,,,,,,,,,,,
132-UM GREEN,132-U,M GREEN,0,0,0,0,0,,,,,,,,,,,,,,,,,,,,,,,
129-DM GREEN,129-D,M GREEN,0,0,0,0,0,,,,,,,,,,,,,,,,,,,,,,,
123-DM GREEN,123-D,M GREEN,0,0,0,0,0,,,,,,,,,,,,,,,,,,,,,,,
129-EM GREEN,129-E,M GREEN,0,0,0,0,0,,,,,,,,,,,,,,,,,,,,,,,
149-VM GREEN,149-V,M GREEN,0,0,0,0,0,,,,,,,,,,,,,,,,,,,,,,,
134-HM GREEN,134-H,M GREEN,0,0,0,0,0,,,,,,,,,,,,,,,,,,,,,,,
1322-VM GREEN,1322-V,M GREEN,0,0,0,0,0,,,,,,,,,,,,,,,,,,,,,,,
133-UM GREEN,133-U,M GREEN,0,0,0,0,0,,,,,,,,,,,,,,,,,,,,,,,
133-DM GREEN,133-D,M GREEN,0,0,0,0,0,,,,,,,,,,,,,,,,,,,,,,,
141-HM GREEN,141-H,M GREEN,0,0,0,0,0,,,,,,,,,,,,,,,,,,,,,,,
124-EFM GREEN,124-EF,M GREEN,0,0,0,0,0,,,,,,,,,,,,,,,,,,,,,,,
1461M GREEN,1461,M GREEN,0,0,0,0,0,,,,,,,,,,,,,,,,,,,,,,,
133-BM GREEN,133-B,M GREEN,0,0,0,0,0,,,,,,,,,,,,,,,,,,,,,,,
145-DM GREEN,145-D,M GREEN,0,0,0,0,0,,,,,,,,,,,,,,,,,,,,,,,
134-CM GREEN,134-C,M GREEN,0,0,0,0,0,,,,,,,,,,,,,,,,,,,,,,,
130-DM GREEN,130-D,M GREEN,0,0,0,0,0,,,,,,,,,,,,,,,,,,,,,,,
146-EM GREEN,146-E,M GREEN,0,0,0,0,0,,,,,,,,,,,,,,,,,,,,,,,
145-EM GREEN,145-E,M GREEN,0,0,0,0,0,,,,,,,,,,,,,,,,,,,,,,,
146-CM GREEN,146-C,M GREEN,0,0,0,0,0,,,,,,,,,,,,,,,,,,,,,,,
150-OM GREEN,150-O,M GREEN,0,0,0,0,0,,,,,,,,,,,,,,,,,,,,,,,
148-HM GREEN,148-H,M GREEN,0,0,0,0,0,,,,,,,,,,,,,,,,,,,,,,,
1471M GREEN,1471,M GREEN,0,0,0,0,0,,,,,,,,,,,,,,,,,,,,,,,
146-OM GREEN,146-O,M GREEN,0,0,0,0,0,,,,,,,,,,,,,,,,,,,,,,,
123-EFM GREEN,123-EF,M GREEN,0,0,0,0,0,,,,,,,,,,,,,,,,,,,,,,,
132-VM GREEN,132-V,M GREEN,0,0,0,0,0,,,,,,,,,,,,,,,,,,,,,,,
146-HM GREEN,146-H,M GREEN,0,0,0,0,0,,,,,,,,,,,,,,,,,,,,,,,
1375-UM GREEN,1375-U,M GREEN,0,0,0,0,0,,,,,,,,,,,,,,,,,,,,,,,
123-NM GREEN,123-N,M GREEN,0,0,0,0,0,,,,,,,,,,,,,,,,,,,,,,,
123-CNM GREEN,123-CN,M GREEN,0,0,0,0,0,,,,,,,,,,,,,,,,,,,,,,,
124-RM GREEN,124-R,M GREEN,0,0,0,0,0,,,,,,,,,,,,,,,,,,,,,,,
129-VM GREEN,129-V,M GREEN,0,0,0,0,0,,,,,,,,,,,,,,,,,,,,,,,
124-FPM GREEN,124-FP,M GREEN,0,0,0,0,0,,,,,,,,,,,,,,,,,,,,,,,
135-RM GREEN,135-R,M GREEN,0,0,0,0,0,,,,,,,,,,,,,,,,,,,,,,,
1481M GREEN,1481,M GREEN,0,0,0,0,0,,,,,,,,,,,,,,,,,,,,,,,
135M GREEN,135,M GREEN,0,0,0,0,0,,,,,,,,,,,,,,,,,,,,,,,
150M GREEN,150,M GREEN,0,0,0,0,0,,,,,,,,,,,,,,,,,,,,,,,
134-OM GREEN,134-O,M GREEN,0,0,0,0,0,,,,,,,,,,,,,,,,,,,,,,,
1341M GREEN,1341,M GREEN,0,0,0,0,0,,,,,,,,,,,,,,,,,,,,,,,
133-VM GREEN,133-V,M GREEN,0,0,0,0,0,,,,,,,,,,,,,,,,,,,,,,,
1332M GREEN,1332,M GREEN,0,0,0,0,0,,,,,,,,,,,,,,,,,,,,,,,
147-SQM GREEN,147-SQ,M GREEN,0,0,0,0,0,,,,,,,,,,,,,,,,,,,,,,,
147-CQM GREEN,147-CQ,M GREEN,0,0,0,0,0,,,,,,,,,,,,,,,,,,,,,,,
132-PM GREEN,132-P,M GREEN,0,0,0,0,0,,,,,,,,,,,,,,,,,,,,,,,
1375-BM GREEN,1375-B,M GREEN,0,0,0,0,0,,,,,,,,,,,,,,,,,,,,,,,
1351M GREEN,1351,M GREEN,0,0,0,0,0,,,,,,,,,,,,,,,,,,,,,,,
129-PM GREEN,129-P,M GREEN,0,0,0,0,0,,,,,,,,,,,,,,,,,,,,,,,
145-VM GREEN,145-V,M GREEN,0,0,0,0,0,,,,,,,,,,,,,,,,,,,,,,,
1375-DM GREEN,1375-D,M GREEN,0,0,0,0,0,,,,,,,,,,,,,,,,,,,,,,,
147-VM GREEN,147-V,M GREEN,0,0,0,0,0,,,,,,,,,,,,,,,,,,,,,,,
123-ONM GREEN,123-ON,M GREEN,0,0,0,0,0,,,,,,,,,,,,,,,,,,,,,,,
143-OM GREEN,143-O,M GREEN,0,0,0,0,0,,,,,,,,,,,,,,,,,,,,,,,
148-OM GREEN,148-O,M GREEN,0,0,0,0,0,,,,,,,,,,,,,,,,,,,,,,,
146-BOM GREEN,146-BO,M GREEN,0,0,0,0,0,,,,,,,,,,,,,,,,,,,,,,,
148-BOM GREEN,148-BO,M GREEN,0,0,0,0,0,,,,,,,,,,,,,,,,,,,,,,,
147-OSQM GREEN,147-OSQ,M GREEN,0,0,0,0,0,,,,,,,,,,,,,,,,,,,,,,,
133-NEWM GREEN,133-NEW,M GREEN,0,0,0,0,0,,,,,,,,,,,,,,,,,,,,,,,
141-NM GREEN,141-N,M GREEN,0,0,0,0,0,,,,,,,,,,,,,,,,,,,,,,,
139-MM GREEN,139-M,M GREEN,0,0,0,0,0,,,,,,,,,,,,,,,,,,,,,,,
150-CM GREEN,150-C,M GREEN,0,0,0,0,0,,,,,,,,,,,,,,,,,,,,,,,
141-CM GREEN,141-C,M GREEN,0,0,0,0,0,,,,,,,,,,,,,,,,,,,,,,,
135-CM GREEN,135-C,M GREEN,0,0,0,0,0,,,,,,,,,,,,,,,,,,,,,,,
123-ENM GREEN,123-EN,M GREEN,0,0,0,0,0,,,,,,,,,,,,,,,,,,,,,,,
150-EM GREEN,150-E,M GREEN,0,0,0,0,0,,,,,,,,,,,,,,,,,,,,,,,
147-EQM GREEN,147-EQ,M GREEN,0,0,0,0,0,,,,,,,,,,,,,,,,,,,,,,,
1231-FM GREEN,1231-F,M GREEN,0,0,0,0,0,,,,,,,,,,,,,,,,,,,,,,,
1231-NM GREEN,1231-N,M GREEN,0,0,0,0,0,,,,,,,,,,,,,,,,,,,,,,,
1241-FM GREEN,1241-F,M GREEN,0,0,0,0,0,,,,,,,,,,,,,,,,,,,,,,,
1501M GREEN,1501,M GREEN,0,0,0,0,0,,,,,,,,,,,,,,,,,,,,,,,
1471-QM GREEN,1471-Q,M GREEN,0,0,0,0,0,,,,,,,,,,,,,,,,,,,,,,,
123-PM GREEN,123-P,M GREEN,0,0,0,0,0,,,,,,,,,,,,,,,,,,,,,,,
123-FPM GREEN,123-FP,M GREEN,0,0,0,0,0,,,,,,,,,,,,,,,,,,,,,,,
1375-PM GREEN,1375-P,M GREEN,0,0,0,0,0,,,,,,,,,,,,,,,,,,,,,,,
123-PNM GREEN,123-PN,M GREEN,0,0,0,0,0,,,,,,,,,,,,,,,,,,,,,,,
131-NPM GREEN,131-NP,M GREEN,0,0,0,0,0,,,,,,,,,,,,,,,,,,,,,,,
149-NPM GREEN,149-NP,M GREEN,0,0,0,0,0,,,,,,,,,,,,,,,,,,,,,,,
150-PM GREEN,150-P,M GREEN,0,0,0,0,0,,,,,,,,,,,,,,,,,,,,,,,
145-PM GREEN,145-P,M GREEN,0,0,0,0,0,,,,,,,,,,,,,,,,,,,,,,,
133-PM GREEN,133-P,M GREEN,0,0,0,0,0,,,,,,,,,,,,,,,,,,,,,,,
147-PQM GREEN,147-PQ,M GREEN,0,0,0,0,0,,,,,,,,,,,,,,,,,,,,,,,
147-BPM GREEN,147-BP,M GREEN,0,0,0,0,0,,,,,,,,,,,,,,,,,,,,,,,
134-PM GREEN,134-P,M GREEN,0,0,0,0,0,,,,,,,,,,,,,,,,,,,,,,,
135-PM GREEN,135-P,M GREEN,0,0,0,0,0,,,,,,,,,,,,,,,,,,,,,,,
141-PM GREEN,141-P,M GREEN,0,0,0,0,0,,,,,,,,,,,,,,,,,,,,,,,
141-NPM GREEN,141-NP,M GREEN,0,0,0,0,0,,,,,,,,,,,,,,,,,,,,,,,
143-PM GREEN,143-P,M GREEN,0,0,0,0,0,,,,,,,,,,,,,,,,,,,,,,,
146-PM GREEN,146-P,M GREEN,0,0,0,0,0,,,,,,,,,,,,,,,,,,,,,,,
146-BPM GREEN,146-BP,M GREEN,0,0,0,0,0,,,,,,,,,,,,,,,,,,,,,,,
148-PM GREEN,148-P,M GREEN,0,0,0,0,0,,,,,,,,,,,,,,,,,,,,,,,
148-BPM GREEN,148-BP,M GREEN,0,0,0,0,0,,,,,,,,,,,,,,,,,,,,,,,
150-HM GREEN,150-H,M GREEN,0,0,0,0,0,,,,,,,,,,,,,,,,,,,,,,,
1375-VM GREEN,1375-V,M GREEN,0,0,0,0,0,,,,,,,,,,,,,,,,,,,,,,,
142-PWHITE,142-P,WHITE,-118,0,0,0,0,,,,,,,,,,,,,,,,,,,,,,,
143GREEN,143,GREEN,-190,0,0,0,0,,,,,,,,,,,,,,,,,,,,,,,
147-EQWHITE,147-EQ,WHITE,0,0,0,0,0,,,,,,,,,,,,,,,,,,,,,,,
1375-UIVORY,1375-U,IVORY,0,0,0,0,0,,,,,,,,,,,,,,,,,,,,,,,
147PINK,147,PINK,0,0,0,0,0,,,,,,,,,,,,,,,,,,,,,,,
150-CIVORY,150-C,IVORY,0,0,0,0,0,,,,,,,,,,,,,,,,,,,,,,,
146-OIVORY,146-O,IVORY,-92,0,0,0,0,,,,,,,,,,,,,,,,,,,,,,,
143-PWHITE,143-P,WHITE,-7,0,0,0,0,,,,,,,,,,,,,,,,,,,,,,,
123-PNWHITE,123-PN,WHITE,-8,0,0,0,0,,,,,,,,,,,,,,,,,,,,,,,
127-VIVORY,127-V,IVORY,-8,0,0,0,0,,,,,,,,,,,,,,,,,,,,,,,
1351IVORY,1351,IVORY,-6,0,0,0,0,,,,,,,,,,,,,,,,,,,,,,,
141-NIVORY,141-N,IVORY,-16,0,0,0,0,,,,,,,,,,,,,,,,,,,,,,,
135-RWHITE,135-R,WHITE,-6,0,0,0,0,,,,,,,,,,,,,,,,,,,,,,,
146-CWHITE,146-C,WHITE,-74,0,0,0,0,,,,,,,,,,,,,,,,,,,,,,,
146-BIVORY,146-B,IVORY,-21,0,0,0,0,,,,,,,,,,,,,,,,,,,,,,,
148-BIVORY,148-B,IVORY,-25,0,0,0,0,,,,,,,,,,,,,,,,,,,,,,,
1321BURGUNDY,1321,BURGUNDY,-26,0,0,0,0,,,,,,,,,,,,,,,,,,,,,,,
145-CIVORY,145-C,IVORY,-27,0,0,0,0,,,,,,,,,,,,,,,,,,,,,,,
134-HIVORY,134-H,IVORY,-30,0,0,0,0,,,,,,,,,,,,,,,,,,,,,,,
1375-VIVORY,1375-V,IVORY,-21,0,0,0,0,,,,,,,,,,,,,,,,,,,,,,,
129GREEN,129,GREEN,-46,0,0,0,0,,,,,,,,,,,,,,,,,,,,,,,
130-UIVORY,130-U,IVORY,-60,0,0,0,0,,,,,,,,,,,,,,,,,,,,,,,
124-VWHITE,124-V,WHITE,-73,0,0,0,0,,,,,,,,,,,,,,,,,,,,,,,
133-EIVORY,133-E,IVORY,-77,0,0,0,0,,,,,,,,,,,,,,,,,,,,,,,
145-UIVORY,145-U,IVORY,-82,0,0,0,0,,,,,,,,,,,,,,,,,,,,,,,
125-OPINK,125-O,PINK,0,0,0,0,0,,,,,,,,,,,,,,,,,,,,,,,
139PINK,139,PINK,-114,0,0,0,0,,,,,,,,,,,,,,,,,,,,,,,
143-EIVORY,143-E,IVORY,-116,0,0,0,0,,,,,,,,,,,,,,,,,,,,,,,
1322-BIVORY,1322-B,IVORY,-290,0,0,0,0,,,,,,,,,,,,,,,,,,,,,,,
141-PIVORY,141-P,IVORY,-128,0,0,0,0,,,,,,,,,,,,,,,,,,,,,,,
147-EWHITE,147-E,WHITE,-105,0,0,0,0,,,,,,,,,,,,,,,,,,,,,,,
146-EIVORY,146-E,IVORY,-158,0,0,0,0,,,,,,,,,,,,,,,,,,,,,,,
1481IVORY,1481,IVORY,-162,0,0,0,0,,,,,,,,,,,,,,,,,,,,,,,
133-CIVORY,133-C,IVORY,-175,0,0,0,0,,,,,,,,,,,,,,,,,,,,,,,
143M GREEN,143,M GREEN,0,0,0,0,0,,,,,,,,,,,,,,,,,,,,,,,
145-VWHITE,145-V,WHITE,-195,0,0,0,0,,,,,,,,,,,,,,,,,,,,,,,
130GREEN,130,GREEN,-204,0,0,0,0,,,,,,,,,,,,,,,,,,,,,,,
127-VWHITE,127-V,WHITE,-89,0,0,0,0,,,,,,,,,,,,,,,,,,,,,,,
124-UIVORY,124-U,IVORY,-223,0,0,0,0,,,,,,,,,,,,,,,,,,,,,,,
142GREEN,142,GREEN,-250,0,0,0,0,,,,,,,,,,,,,,,,,,,,,,,
124PINK,124,PINK,-390,0,0,0,0,,,,,,,,,,,,,,,,,,,,,,,
1241-FIVORY,1241-F,IVORY,-306,0,0,0,0,,,,,,,,,,,,,,,,,,,,,,,
124-EFIVORY,124-EF,IVORY,-320,0,0,0,0,,,,,,,,,,,,,,,,,,,,,,,
1231-FIVORY,1231-F,IVORY,-403,0,0,0,0,,,,,,,,,,,,,,,,,,,,,,,
130-CIVORY,130-C,IVORY,-437,0,0,0,0,,,,,,,,,,,,,,,,,,,,,,,
144GREEN,144,GREEN,-449,0,0,0,0,,,,,,,,,,,,,,,,,,,,,,,
1481WHITE,1481,WHITE,-434,0,0,0,0,,,,,,,,,,,,,,,,,,,,,,,
121-OGREEN,121-O,GREEN,-566,0,0,0,0,,,,,,,,,,,,,,,,,,,,,,,
120-MPINK,120-M,PINK,0,0,0,0,0,,,,,,,,,,,,,,,,,,,,,,,
132BURGUNDY,132,BURGUNDY,-648,0,0,0,0,,,,,,,,,,,,,,,,,,,,,,,
124-RIVORY,124-R,IVORY,-688,0,0,0,0,,,,,,,,,,,,,,,,,,,,,,,
121GREEN,121,GREEN,0,0,0,0,0,,,,,,,,,,,,,,,,,,,,,,,
141-EIVORY,141-E,IVORY,-1488,0,0,0,0,,,,,,,,,,,,,,,,,,,,,,,
123-EIVORY,123-E,IVORY,-2518,0,0,0,0,,,,,,,,,,,,,,,,,,,,,,,
124-FHIVORY,124-FH,IVORY,-310,0,0,0,0,,,,,,,,,,,,,,,,,,,,,,,
123-FHIVORY,123-FH,IVORY,-116,0,0,0,0,,,,,,,,,,,,,,,,,,,,,,,
144-NIVORY,144-N,IVORY,-80,0,0,0,0,,,,,,,,,,,,,,,,,,,,,,,
124-NIVORY,124-N,IVORY,-102,0,0,0,0,,,,,,,,,,,,,,,,,,,,,,,
130-RNWHITE,130-RN,WHITE,-100,0,0,0,0,,,,,,,,,,,,,,,,,,,,,,,
123-LIVORY,123-L,IVORY,-12,0,0,0,0,,,,,,,,,,,,,,,,,,,,,,,
121-LIVORY,121-L,IVORY,-38,0,0,0,0,,,,,,,,,,,,,,,,,,,,,,,
130-NIVORY,130-N,IVORY,-14,0,0,0,0,,,,,,,,,,,,,,,,,,,,,,,
129-IWHITE,129-I,WHITE,-5,0,0,0,0,,,,,,,,,,,,,,,,,,,,,,,
129-IIVORY,129-I,IVORY,-26,0,0,0,0,,,,,,,,,,,,,,,,,,,,,,,
129-NIVORY,129-N,IVORY,-44,0,0,0,0,,,,,,,,,,,,,,,,,,,,,,,
145-NIVORY,145-N,IVORY,-35,0,0,0,0,,,,,,,,,,,,,,,,,,,,,,,
132-NIVORY,132-N,IVORY,-28,0,0,0,0,,,,,,,,,,,,,,,,,,,,,,,
1375-IWHITE,1375-I,WHITE,0,0,0,0,0,,,,,,,,,,,,,,,,,,,,,,,
145-IIVORY,145-I,IVORY,-5,0,0,0,0,,,,,,,,,,,,,,,,,,,,,,,
150-RWHITE,150-R,WHITE,-4,0,0,0,0,,,,,,,,,,,,,,,,,,,,,,,
150-RIVORY,150-R,IVORY,-18,0,0,0,0,,,,,,,,,,,,,,,,,,,,,,,
147-LIVORY,147-L,IVORY,-4,0,0,0,0,,,,,,,,,,,,,,,,,,,,,,,
132-LIVORY,132-L,IVORY,-4,0,0,0,0,,,,,,,,,,,,,,,,,,,,,,,
131-IWHITE,131-I,WHITE,-16,0,0,0,0,,,,,,,,,,,,,,,,,,,,,,,
131-IIVORY,131-I,IVORY,-19,0,0,0,0,,,,,,,,,,,,,,,,,,,,,,,
147-IQWHITE,147-IQ,WHITE,-9,0,0,0,0,,,,,,,,,,,,,,,,,,,,,,,
147-IQIVORY,147-IQ,IVORY,-4,0,0,0,0,,,,,,,,,,,,,,,,,,,,,,,
150-IIVORY,150-I,IVORY,-40,0,0,0,0,,,,,,,,,,,,,,,,,,,,,,,
134-UIVORY,134-U,IVORY,-3,0,0,0,0,,,,,,,,,,,,,,,,,,,,,,,
135-DWHITE,135-D,WHITE,0,0,0,0,0,,,,,,,,,,,,,,,,,,,,,,,
135-DIVORY,135-D,IVORY,-3,0,0,0,0,,,,,,,,,,,,,,,,,,,,,,,
147-RQWHITE,147-RQ,WHITE,-39,0,0,0,0,,,,,,,,,,,,,,,,,,,,,,,
147-RQIVORY,147-RQ,IVORY,-56,0,0,0,0,,,,,,,,,,,,,,,,,,,,,,,
1861IVORY,1861,IVORY,-482,0,0,0,0,,,,,,,,,,,,,,,,,,,,,,,
124-IIVORY,124-I,IVORY,-56,0,0,0,0,,,,,,,,,,,,,,,,,,,,,,,
144BLUE,144,BLUE,-31,0,0,0,0,,,,,,,,,,,,,,,,,,,,,,,
123BLUE,123,BLUE,-134,0,0,0,0,,,,,,,,,,,,,,,,,,,,,,,
124BLUE,124,BLUE,-154,0,0,0,0,,,,,,,,,,,,,,,,,,,,,,,
129BLUE,129,BLUE,-15,0,0,0,0,,,,,,,,,,,,,,,,,,,,,,,
130BLUE,130,BLUE,-333,0,0,0,0,,,,,,,,,,,,,,,,,,,,,,,
143BLUE,143,BLUE,-614,0,0,0,0,,,,,,,,,,,,,,,,,,,,,,,
145BLUE,145,BLUE,-57,0,0,0,0,,,,,,,,,,,,,,,,,,,,,,,
142BLUE,142,BLUE,-634,0,0,0,0,,,,,,,,,,,,,,,,,,,,,,,
134-DIVORY,134-D,IVORY,-4,0,0,0,0,,,,,,,,,,,,,,,,,,,,,,,
135-EWHITE,135-E,WHITE,-8,0,0,0,0,,,,,,,,,,,,,,,,,,,,,,,
121-OBLUE,121-O,BLUE,-48,0,0,0,0,,,,,,,,,,,,,,,,,,,,,,,
1322-HNIVORY,1322-HN,IVORY,-53,0,0,0,0,,,,,,,,,,,,,,,,,,,,,,,
,,,0,0,0,0,0,,,,,,,,,,,,,,,,,,,,,,,
,,,0,0,0,0,0,,,,,,,,,,,,,,,,,,,,,,,
,,,0,0,0,0,0,,,,,,,,,,,,,,,,,,,,,,,
,,,0,0,0,0,0,,,,,,,,,,,,,,,,,,,,,,,
,,,0,0,0,0,0,,,,,,,,,,,,,,,,,,,,,,,
,,,0,0,0,0,0,,,,,,,,,,,,,,,,,,,,,,,
,,,0,0,0,0,0,,,,,,,,,,,,,,,,,,,,,,,
,,,0,0,0,0,0,,,,,,,,,,,,,,,,,,,,,,,
,,,0,0,0,0,0,,,,,,,,,,,,,,,,,,,,,,,
,,,0,0,0,0,0,,,,,,,,,,,,,,,,,,,,,,,
,,,0,0,0,0,0,,,,,,,,,,,,,,,,,,,,,,,
,,,0,0,0,0,0,,,,,,,,,,,,,,,,,,,,,,,
,,,0,0,0,0,0,,,,,,,,,,,,,,,,,,,,,,,
,,,0,0,0,0,0,,,,,,,,,,,,,,,,,,,,,,,
,,,0,0,0,0,0,,,,,,,,,,,,,,,,,,,,,,,
,,,0,0,0,0,0,,,,,,,,,,,,,,,,,,,,,,,
,,,0,0,0,0,0,,,,,,,,,,,,,,,,,,,,,,,
,,,0,0,0,0,0,,,,,,,,,,,,,,,,,,,,,,,
,,,0,0,0,0,0,,,,,,,,,,,,,,,,,,,,,,,
,,,0,0,0,0,0,,,,,,,,,,,,,,,,,,,,,,,
,,,0,0,0,0,0,,,,,,,,,,,,,,,,,,,,,,,
,,,0,0,0,0,0,,,,,,,,,,,,,,,,,,,,,,,
,,,0,0,0,0,0,,,,,,,,,,,,,,,,,,,,,,,
,,,0,0,0,0,0,,,,,,,,,,,,,,,,,,,,,,,
,,,0,0,0,0,0,,,,,,,,,,,,,,,,,,,,,,,
,,,0,0,0,0,0,,,,,,,,,,,,,,,,,,,,,,,
,,,0,0,0,0,0,,,,,,,,,,,,,,,,,,,,,,,
,,,0,0,0,0,0,,,,,,,,,,,,,,,,,,,,,,,
,,,0,0,0,0,0,,,,,,,,,,,,,,,,,,,,,,,
,,,0,0,0,0,0,,,,,,,,,,,,,,,,,,,,,,,
,,,0,0,0,0,0,,,,,,,,,,,,,,,,,,,,,,,
,,,0,0,0,0,0,,,,,,,,,,,,,,,,,,,,,,,
,,,0,0,0,0,0,,,,,,,,,,,,,,,,,,,,,,,
,,,0,0,0,0,0,,,,,,,,,,,,,,,,,,,,,,,
,,,0,0,0,0,0,,,,,,,,,,,,,,,,,,,,,,,
,,,0,0,0,0,0,,,,,,,,,,,,,,,,,,,,,,,
,,,0,0,0,0,0,,,,,,,,,,,,,,,,,,,,,,,
,,,0,0,0,0,0,,,,,,,,,,,,,,,,,,,,,,,
,,,0,0,0,0,0,,,,,,,,,,,,,,,,,,,,,,,
,,,0,0,0,0,0,,,,,,,,,,,,,,,,,,,,,,,
,,,0,0,0,0,0,,,,,,,,,,,,,,,,,,,,,,,
,,,0,0,0,0,0,,,,,,,,,,,,,,,,,,,,,,,
,,,0,0,0,0,0,,,,,,,,,,,,,,,,,,,,,,,
,,,0,0,0,0,0,,,,,,,,,,,,,,,,,,,,,,,
,,,,,,,,,,,,,,,,,,,,,,,,,,,,,,
,,,,,,,,,,,,,,,,,,,,,,,,,,,,,,
,,,,,,,,,,,,,,,,,,,,,,,,,,,,,,
,,,,,,,,,,,,,,,,,,,,,,,,,,,,,,
,,,,,,,,,,,,,,,,,,,,,,,,,,,,,,
,,,,,,,,,,,,,,,,,,,,,,,,,,,,,,
,,,,,,,,,,,,,,,,,,,,,,,,,,,,,,
,,,,,,,,,,,,,,,,,,,,,,,,,,,,,,
,,,,,,,,,,,,,,,,,,,,,,,,,,,,,,
,,,,,,,,,,,,,,,,,,,,,,,,,,,,,,
,,,,,,,,,,,,,,,,,,,,,,,,,,,,,,
,,,,,,,,,,,,,,,,,,,,,,,,,,,,,,
,,,,,,,,,,,,,,,,,,,,,,,,,,,,,,
,,,,,,,,,,,,,,,,,,,,,,,,,,,,,,
,,,,,,,,,,,,,,,,,,,,,,,,,,,,,,
,,,,,,,,,,,,,,,,,,,,,,,,,,,,,,
,,,,,,,,,,,,,,,,,,,,,,,,,,,,,,
,,,,,,,,,,,,,,,,,,,,,,,,,,,,,,
,,,,,,,,,,,,,,,,,,,,,,,,,,,,,,
,,,,,,,,,,,,,,,,,,,,,,,,,,,,,,
,,,,,,,,,,,,,,,,,,,,,,,,,,,,,,
,,,,,,,,,,,,,,,,,,,,,,,,,,,,,,
,,,,,,,,,,,,,,,,,,,,,,,,,,,,,,
,,,,,,,,,,,,,,,,,,,,,,,,,,,,,,
,,,,,,,,,,,,,,,,,,,,,,,,,,,,,,
,,,,,,,,,,,,,,,,,,,,,,,,,,,,,,
,,,,,,,,,,,,,,,,,,,,,,,,,,,,,,
,,,,,,,,,,,,,,,,,,,,,,,,,,,,,,
,,,,,,,,,,,,,,,,,,,,,,,,,,,,,,
,,,,,,,,,,,,,,,,,,,,,,,,,,,,,,
,,,,,,,,,,,,,,,,,,,,,,,,,,,,,,
,,,,,,,,,,,,,,,,,,,,,,,,,,,,,,
,,,,,,,,,,,,,,,,,,,,,,,,,,,,,,
,,,,,,,,,,,,,,,,,,,,,,,,,,,,,,
,,,,,,,,,,,,,,,,,,,,,,,,,,,,,,
,,,,,,,,,,,,,,,,,,,,,,,,,,,,,,
,,,,,,,,,,,,,,,,,,,,,,,,,,,,,,
,,,,,,,,,,,,,,,,,,,,,,,,,,,,,,
,,,,,,,,,,,,,,,,,,,,,,,,,,,,,,
,,,,,,,,,,,,,,,,,,,,,,,,,,,,,,
,,,,,,,,,,,,,,,,,,,,,,,,,,,,,,
,,,,,,,,,,,,,,,,,,,,,,,,,,,,,,
,,,,,,,,,,,,,,,,,,,,,,,,,,,,,,
,,,,,,,,,,,,,,,,,,,,,,,,,,,,,,
,,,,,,,,,,,,,,,,,,,,,,,,,,,,,,
,,,,,,,,,,,,,,,,,,,,,,,,,,,,,,
,,,,,,,,,,,,,,,,,,,,,,,,,,,,,,
,,,,,,,,,,,,,,,,,,,,,,,,,,,,,,
,,,,,,,,,,,,,,,,,,,,,,,,,,,,,,
,,,,,,,,,,,,,,,,,,,,,,,,,,,,,,
,,,,,,,,,,,,,,,,,,,,,,,,,,,,,,
,,,,,,,,,,,,,,,,,,,,,,,,,,,,,,
,,,,,,,,,,,,,,,,,,,,,,,,,,,,,,
,,,,,,,,,,,,,,,,,,,,,,,,,,,,,,
,,,,,,,,,,,,,,,,,,,,,,,,,,,,,,
,,,,,,,,,,,,,,,,,,,,,,,,,,,,,,
,,,,,,,,,,,,,,,,,,,,,,,,,,,,,,
,,,,,,,,,,,,,,,,,,,,,,,,,,,,,,
,,,,,,,,,,,,,,,,,,,,,,,,,,,,,,
,,,,,,,,,,,,,,,,,,,,,,,,,,,,,,
,,,,,,,,,,,,,,,,,,,,,,,,,,,,,,
,,,,,,,,,,,,,,,,,,,,,,,,,,,,,,
,,,,,,,,,,,,,,,,,,,,,,,,,,,,,,
,,,,,,,,,,,,,,,,,,,,,,,,,,,,,,
,,,,,,,,,,,,,,,,,,,,,,,,,,,,,,
,,,,,,,,,,,,,,,,,,,,,,,,,,,,,,
,,,,,,,,,,,,,,,,,,,,,,,,,,,,,,
,,,,,,,,,,,,,,,,,,,,,,,,,,,,,,
,,,,,,,,,,,,,,,,,,,,,,,,,,,,,,
,,,,,,,,,,,,,,,,,,,,,,,,,,,,,,
,,,,,,,,,,,,,,,,,,,,,,,,,,,,,,
,,,,,,,,,,,,,,,,,,,,,,,,,,,,,,
,,,,,,,,,,,,,,,,,,,,,,,,,,,,,,
,,,,,,,,,,,,,,,,,,,,,,,,,,,,,,
,,,,,,,,,,,,,,,,,,,,,,,,,,,,,,
,,,,,,,,,,,,,,,,,,,,,,,,,,,,,,
,,,,,,,,,,,,,,,,,,,,,,,,,,,,,,
,,,,,,,,,,,,,,,,,,,,,,,,,,,,,,
,,,,,,,,,,,,,,,,,,,,,,,,,,,,,,
,,,,,,,,,,,,,,,,,,,,,,,,,,,,,,
,,,,,,,,,,,,,,,,,,,,,,,,,,,,,,
,,,,,,,,,,,,,,,,,,,,,,,,,,,,,,
,,,,,,,,,,,,,,,,,,,,,,,,,,,,,,
,,,,,,,,,,,,,,,,,,,,,,,,,,,,,,
,,,,,,,,,,,,,,,,,,,,,,,,,,,,,,
,,,,,,,,,,,,,,,,,,,,,,,,,,,,,,
,,,,,,,,,,,,,,,,,,,,,,,,,,,,,,
,,,,,,,,,,,,,,,,,,,,,,,,,,,,,,
,,,,,,,,,,,,,,,,,,,,,,,,,,,,,,
,,,,,,,,,,,,,,,,,,,,,,,,,,,,,,
,,,,,,,,,,,,,,,,,,,,,,,,,,,,,,
,,,,,,,,,,,,,,,,,,,,,,,,,,,,,,
,,,,,,,,,,,,,,,,,,,,,,,,,,,,,,
,,,,,,,,,,,,,,,,,,,,,,,,,,,,,,
,,,,,,,,,,,,,,,,,,,,,,,,,,,,,,
,,,,,,,,,,,,,,,,,,,,,,,,,,,,,,
,,,,,,,,,,,,,,,,,,,,,,,,,,,,,,
,,,,,,,,,,,,,,,,,,,,,,,,,,,,,,
,,,,,,,,,,,,,,,,,,,,,,,,,,,,,,
,,,,,,,,,,,,,,,,,,,,,,,,,,,,,,
,,,,,,,,,,,,,,,,,,,,,,,,,,,,,,
,,,,,,,,,,,,,,,,,,,,,,,,,,,,,,
,,,,,,,,,,,,,,,,,,,,,,,,,,,,,,
,,,,,,,,,,,,,,,,,,,,,,,,,,,,,,
,,,,,,,,,,,,,,,,,,,,,,,,,,,,,,
,,,,,,,,,,,,,,,,,,,,,,,,,,,,,,
,,,,,,,,,,,,,,,,,,,,,,,,,,,,,,
,,,,,,,,,,,,,,,,,,,,,,,,,,,,,,
,,,,,,,,,,,,,,,,,,,,,,,,,,,,,,
,,,,,,,,,,,,,,,,,,,,,,,,,,,,,,
,,,,,,,,,,,,,,,,,,,,,,,,,,,,,,
,,,,,,,,,,,,,,,,,,,,,,,,,,,,,,
,,,,,,,,,,,,,,,,,,,,,,,,,,,,,,
,,,,,,,,,,,,,,,,,,,,,,,,,,,,,,
,,,,,,,,,,,,,,,,,,,,,,,,,,,,,,
,,,,,,,,,,,,,,,,,,,,,,,,,,,,,,
,,,,,,,,,,,,,,,,,,,,,,,,,,,,,,
,,,,,,,,,,,,,,,,,,,,,,,,,,,,,,
,,,,,,,,,,,,,,,,,,,,,,,,,,,,,,
,,,,,,,,,,,,,,,,,,,,,,,,,,,,,,
,,,,,,,,,,,,,,,,,,,,,,,,,,,,,,
,,,,,,,,,,,,,,,,,,,,,,,,,,,,,,
,,,,,,,,,,,,,,,,,,,,,,,,,,,,,,
,,,,,,,,,,,,,,,,,,,,,,,,,,,,,,
,,,,,,,,,,,,,,,,,,,,,,,,,,,,,,
,,,,,,,,,,,,,,,,,,,,,,,,,,,,,,
,,,,,,,,,,,,,,,,,,,,,,,,,,,,,,
,,,,,,,,,,,,,,,,,,,,,,,,,,,,,,
,,,,,,,,,,,,,,,,,,,,,,,,,,,,,,
,,,,,,,,,,,,,,,,,,,,,,,,,,,,,,
,,,,,,,,,,,,,,,,,,,,,,,,,,,,,,
,,,,,,,,,,,,,,,,,,,,,,,,,,,,,,
,,,,,,,,,,,,,,,,,,,,,,,,,,,,,,
,,,,,,,,,,,,,,,,,,,,,,,,,,,,,,
,,,,,,,,,,,,,,,,,,,,,,,,,,,,,,
,,,,,,,,,,,,,,,,,,,,,,,,,,,,,,
,,,,,,,,,,,,,,,,,,,,,,,,,,,,,,
,,,,,,,,,,,,,,,,,,,,,,,,,,,,,,
,,,,,,,,,,,,,,,,,,,,,,,,,,,,,,
,,,,,,,,,,,,,,,,,,,,,,,,,,,,,,
,,,,,,,,,,,,,,,,,,,,,,,,,,,,,,
,,,,,,,,,,,,,,,,,,,,,,,,,,,,,,
,,,,,,,,,,,,,,,,,,,,,,,,,,,,,,
,,,,,,,,,,,,,,,,,,,,,,,,,,,,,,
,,,,,,,,,,,,,,,,,,,,,,,,,,,,,,
,,,,,,,,,,,,,,,,,,,,,,,,,,,,,,
,,,,,,,,,,,,,,,,,,,,,,,,,,,,,,
,,,,,,,,,,,,,,,,,,,,,,,,,,,,,,
,,,,,,,,,,,,,,,,,,,,,,,,,,,,,,
,,,,,,,,,,,,,,,,,,,,,,,,,,,,,,
,,,,,,,,,,,,,,,,,,,,,,,,,,,,,,
,,,,,,,,,,,,,,,,,,,,,,,,,,,,,,
,,,,,,,,,,,,,,,,,,,,,,,,,,,,,,
,,,,,,,,,,,,,,,,,,,,,,,,,,,,,,
,,,,,,,,,,,,,,,,,,,,,,,,,,,,,,
,,,,,,,,,,,,,,,,,,,,,,,,,,,,,,
,,,,,,,,,,,,,,,,,,,,,,,,,,,,,,
,,,,,,,,,,,,,,,,,,,,,,,,,,,,,,
,,,,,,,,,,,,,,,,,,,,,,,,,,,,,,
,,,,,,,,,,,,,,,,,,,,,,,,,,,,,,
,,,,,,,,,,,,,,,,,,,,,,,,,,,,,,
,,,,,,,,,,,,,,,,,,,,,,,,,,,,,,
,,,,,,,,,,,,,,,,,,,,,,,,,,,,,,
,,,,,,,,,,,,,,,,,,,,,,,,,,,,,,
,,,,,,,,,,,,,,,,,,,,,,,,,,,,,,
,,,,,,,,,,,,,,,,,,,,,,,,,,,,,,
,,,,,,,,,,,,,,,,,,,,,,,,,,,,,,
,,,,,,,,,,,,,,,,,,,,,,,,,,,,,,
,,,,,,,,,,,,,,,,,,,,,,,,,,,,,,
,,,,,,,,,,,,,,,,,,,,,,,,,,,,,,
,,,,,,,,,,,,,,,,,,,,,,,,,,,,,,
,,,,,,,,,,,,,,,,,,,,,,,,,,,,,,
,,,,,,,,,,,,,,,,,,,,,,,,,,,,,,
,,,,,,,,,,,,,,,,,,,,,,,,,,,,,,
,,,,,,,,,,,,,,,,,,,,,,,,,,,,,,
,,,,,,,,,,,,,,,,,,,,,,,,,,,,,,
,,,,,,,,,,,,,,,,,,,,,,,,,,,,,,
,,,,,,,,,,,,,,,,,,,,,,,,,,,,,,
,,,,,,,,,,,,,,,,,,,,,,,,,,,,,,
,,,,,,,,,,,,,,,,,,,,,,,,,,,,,,
,,,,,,,,,,,,,,,,,,,,,,,,,,,,,,
,,,,,,,,,,,,,,,,,,,,,,,,,,,,,,
,,,,,,,,,,,,,,,,,,,,,,,,,,,,,,
,,,,,,,,,,,,,,,,,,,,,,,,,,,,,,
,,,,,,,,,,,,,,,,,,,,,,,,,,,,,,
,,,,,,,,,,,,,,,,,,,,,,,,,,,,,,
,,,,,,,,,,,,,,,,,,,,,,,,,,,,,,
,,,,,,,,,,,,,,,,,,,,,,,,,,,,,,
,,,,,,,,,,,,,,,,,,,,,,,,,,,,,,
,,,,,,,,,,,,,,,,,,,,,,,,,,,,,,
,,,,,,,,,,,,,,,,,,,,,,,,,,,,,,
,,,,,,,,,,,,,,,,,,,,,,,,,,,,,,
,,,,,,,,,,,,,,,,,,,,,,,,,,,,,,
,,,,,,,,,,,,,,,,,,,,,,,,,,,,,,
,,,,,,,,,,,,,,,,,,,,,,,,,,,,,,
,,,,,,,,,,,,,,,,,,,,,,,,,,,,,,
,,,,,,,,,,,,,,,,,,,,,,,,,,,,,,
,,,,,,,,,,,,,,,,,,,,,,,,,,,,,,
,,,,,,,,,,,,,,,,,,,,,,,,,,,,,,
,,,,,,,,,,,,,,,,,,,,,,,,,,,,,,
,,,,,,,,,,,,,,,,,,,,,,,,,,,,,,
,,,,,,,,,,,,,,,,,,,,,,,,,,,,,,
,,,,,,,,,,,,,,,,,,,,,,,,,,,,,,
,,,,,,,,,,,,,,,,,,,,,,,,,,,,,,
,,,,,,,,,,,,,,,,,,,,,,,,,,,,,,
,,,,,,,,,,,,,,,,,,,,,,,,,,,,,,
,,,,,,,,,,,,,,,,,,,,,,,,,,,,,,
,,,,,,,,,,,,,,,,,,,,,,,,,,,,,,
,,,,,,,,,,,,,,,,,,,,,,,,,,,,,,
,,,,,,,,,,,,,,,,,,,,,,,,,,,,,,
,,,,,,,,,,,,,,,,,,,,,,,,,,,,,,
,,,,,,,,,,,,,,,,,,,,,,,,,,,,,,
,,,,,,,,,,,,,,,,,,,,,,,,,,,,,,
,,,,,,,,,,,,,,,,,,,,,,,,,,,,,,
,,,,,,,,,,,,,,,,,,,,,,,,,,,,,,
,,,,,,,,,,,,,,,,,,,,,,,,,,,,,,
,,,,,,,,,,,,,,,,,,,,,,,,,,,,,,
,,,,,,,,,,,,,,,,,,,,,,,,,,,,,,
,,,,,,,,,,,,,,,,,,,,,,,,,,,,,,
,,,,,,,,,,,,,,,,,,,,,,,,,,,,,,
,,,,,,,,,,,,,,,,,,,,,,,,,,,,,,
,,,,,,,,,,,,,,,,,,,,,,,,,,,,,,
,,,,,,,,,,,,,,,,,,,,,,,,,,,,,,
,,,,,,,,,,,,,,,,,,,,,,,,,,,,,,
,,,,,,,,,,,,,,,,,,,,,,,,,,,,,,
,,,,,,,,,,,,,,,,,,,,,,,,,,,,,,
,,,,,,,,,,,,,,,,,,,,,,,,,,,,,,
,,,,,,,,,,,,,,,,,,,,,,,,,,,,,,
,,,,,,,,,,,,,,,,,,,,,,,,,,,,,,
,,,,,,,,,,,,,,,,,,,,,,,,,,,,,,
,,,,,,,,,,,,,,,,,,,,,,,,,,,,,,
,,,,,,,,,,,,,,,,,,,,,,,,,,,,,,
,,,,,,,,,,,,,,,,,,,,,,,,,,,,,,
,,,,,,,,,,,,,,,,,,,,,,,,,,,,,,
,,,,,,,,,,,,,,,,,,,,,,,,,,,,,,
,,,,,,,,,,,,,,,,,,,,,,,,,,,,,,
,,,,,,,,,,,,,,,,,,,,,,,,,,,,,,
,,,,,,,,,,,,,,,,,,,,,,,,,,,,,,
,,,,,,,,,,,,,,,,,,,,,,,,,,,,,,
,,,,,,,,,,,,,,,,,,,,,,,,,,,,,,
,,,,,,,,,,,,,,,,,,,,,,,,,,,,,,
,,,,,,,,,,,,,,,,,,,,,,,,,,,,,,
,,,,,,,,,,,,,,,,,,,,,,,,,,,,,,
,,,,,,,,,,,,,,,,,,,,,,,,,,,,,,
,,,,,,,,,,,,,,,,,,,,,,,,,,,,,,
,,,,,,,,,,,,,,,,,,,,,,,,,,,,,,
,,,,,,,,,,,,,,,,,,,,,,,,,,,,,,
,,,,,,,,,,,,,,,,,,,,,,,,,,,,,,
,,,,,,,,,,,,,,,,,,,,,,,,,,,,,,
,,,,,,,,,,,,,,,,,,,,,,,,,,,,,,
,,,,,,,,,,,,,,,,,,,,,,,,,,,,,,
,,,,,,,,,,,,,,,,,,,,,,,,,,,,,,
,,,,,,,,,,,,,,,,,,,,,,,,,,,,,,
,,,,,,,,,,,,,,,,,,,,,,,,,,,,,,
,,,,,,,,,,,,,,,,,,,,,,,,,,,,,,
,,,,,,,,,,,,,,,,,,,,,,,,,,,,,,
,,,,,,,,,,,,,,,,,,,,,,,,,,,,,,
,,,,,,,,,,,,,,,,,,,,,,,,,,,,,,
,,,,,,,,,,,,,,,,,,,,,,,,,,,,,,
,,,,,,,,,,,,,,,,,,,,,,,,,,,,,,
,,,,,,,,,,,,,,,,,,,,,,,,,,,,,,
,,,,,,,,,,,,,,,,,,,,,,,,,,,,,,
,,,,,,,,,,,,,,,,,,,,,,,,,,,,,,
,,,,,,,,,,,,,,,,,,,,,,,,,,,,,,
,,,,,,,,,,,,,,,,,,,,,,,,,,,,,,
,,,,,,,,,,,,,,,,,,,,,,,,,,,,,,
,,,,,,,,,,,,,,,,,,,,,,,,,,,,,,
,,,,,,,,,,,,,,,,,,,,,,,,,,,,,,
,,,,,,,,,,,,,,,,,,,,,,,,,,,,,,
,,,,,,,,,,,,,,,,,,,,,,,,,,,,,,
,,,,,,,,,,,,,,,,,,,,,,,,,,,,,,
,,,,,,,,,,,,,,,,,,,,,,,,,,,,,,
,,,,,,,,,,,,,,,,,,,,,,,,,,,,,,
,,,,,,,,,,,,,,,,,,,,,,,,,,,,,,
,,,,,,,,,,,,,,,,,,,,,,,,,,,,,,
,,,,,,,,,,,,,,,,,,,,,,,,,,,,,,
,,,,,,,,,,,,,,,,,,,,,,,,,,,,,,
,,,,,,,,,,,,,,,,,,,,,,,,,,,,,,
,,,,,,,,,,,,,,,,,,,,,,,,,,,,,,
,,,,,,,,,,,,,,,,,,,,,,,,,,,,,,
,,,,,,,,,,,,,,,,,,,,,,,,,,,,,,
,,,,,,,,,,,,,,,,,,,,,,,,,,,,,,
,,,,,,,,,,,,,,,,,,,,,,,,,,,,,,
,,,,,,,,,,,,,,,,,,,,,,,,,,,,,,
,,,,,,,,,,,,,,,,,,,,,,,,,,,,,,
,,,,,,,,,,,,,,,,,,,,,,,,,,,,,,
,,,,,,,,,,,,,,,,,,,,,,,,,,,,,,
,,,,,,,,,,,,,,,,,,,,,,,,,,,,,,
,,,,,,,,,,,,,,,,,,,,,,,,,,,,,,
,,,,,,,,,,,,,,,,,,,,,,,,,,,,,,
,,,,,,,,,,,,,,,,,,,,,,,,,,,,,,
,,,,,,,,,,,,,,,,,,,,,,,,,,,,,,
,,,,,,,,,,,,,,,,,,,,,,,,,,,,,,
,,,,,,,,,,,,,,,,,,,,,,,,,,,,,,
,,,,,,,,,,,,,,,,,,,,,,,,,,,,,,
,,,,,,,,,,,,,,,,,,,,,,,,,,,,,,
,,,,,,,,,,,,,,,,,,,,,,,,,,,,,,
,,,,,,,,,,,,,,,,,,,,,,,,,,,,,,
,,,,,,,,,,,,,,,,,,,,,,,,,,,,,,
,,,,,,,,,,,,,,,,,,,,,,,,,,,,,,
,,,,,,,,,,,,,,,,,,,,,,,,,,,,,,
,,,,,,,,,,,,,,,,,,,,,,,,,,,,,,
,,,,,,,,,,,,,,,,,,,,,,,,,,,,,,
,,,,,,,,,,,,,,,,,,,,,,,,,,,,,,
,,,,,,,,,,,,,,,,,,,,,,,,,,,,,,
,,,,,,,,,,,,,,,,,,,,,,,,,,,,,,
,,,,,,,,,,,,,,,,,,,,,,,,,,,,,,
,,,,,,,,,,,,,,,,,,,,,,,,,,,,,,
,,,,,,,,,,,,,,,,,,,,,,,,,,,,,,
,,,,,,,,,,,,,,,,,,,,,,,,,,,,,,
,,,,,,,,,,,,,,,,,,,,,,,,,,,,,,
,,,,,,,,,,,,,,,,,,,,,,,,,,,,,,
,,,,,,,,,,,,,,,,,,,,,,,,,,,,,,
,,,,,,,,,,,,,,,,,,,,,,,,,,,,,,
,,,,,,,,,,,,,,,,,,,,,,,,,,,,,,
,,,,,,,,,,,,,,,,,,,,,,,,,,,,,,
,,,,,,,,,,,,,,,,,,,,,,,,,,,,,,
,,,,,,,,,,,,,,,,,,,,,,,,,,,,,,