category,item_code,colour
Cocks Standard,120-C,BURGUNDY
Cocks Standard,120-C,GREEN
Cocks Standard,120-C,IVORY
Cocks Standard,120-C,M GREEN
Cocks Standard,120-C,PINK
Cocks Standard,120-C,WHITE
Cocks Standard,120-M,BURGUNDY
Cocks Standard,120-M,GREEN
Cocks Standard,120-M,IVORY
Cocks Standard,120-M,M GREEN
Cocks Standard,120-M,PINK
Cocks Standard,120-M,WHITE
Cocks Standard,120-R,BURGUNDY
Cocks Standard,120-R,GREEN
Cocks Standard,120-R,IVORY
Cocks Standard,120-R,M GREEN
Cocks Standard,120-R,PINK
Cocks Standard,120-R,WHITE
Cocks Standard,120-S,BURGUNDY
Cocks Standard,120-S,GREEN
Cocks Standard,120-S,IVORY
Cocks Standard,120-S,M GREEN
Cocks Standard,120-S,PINK
Cocks Standard,120-S,WHITE
Cocks Standard,120-W,BURGUNDY
Cocks Standard,120-W,GREEN
Cocks Standard,120-W,IVORY
Cocks Standard,120-W,M GREEN
Cocks Standard,120-W,PINK
Cocks Standard,120-W,WHITE
Cocks Standard,120-WS,BURGUNDY
Cocks Standard,120-WS,GREEN
Cocks Standard,120-WS,IVORY
Cocks Standard,120-WS,M GREEN
Cocks Standard,120-WS,PINK
Cocks Standard,120-WS,WHITE
Cocks Standard,120.0,BURGUNDY
Cocks Standard,120.0,GREEN
Cocks Standard,120.0,IVORY
Cocks Standard,120.0,M GREEN
Cocks Standard,120.0,PINK
Cocks Standard,120.0,WHITE
Cocks Standard,121-A,IVORY
Cocks Standard,121-A,WHITE
Cocks Standard,121-AB,BLACK
Cocks Standard,121-ABF,BLACK
Cocks Standard,121-AF,WHITE
Cocks Standard,121-AP,IVORY
Cocks Standard,121-AP,WHITE
Cocks Standard,121-APF,IVORY
Cocks Standard,121-AS,IVORY
Cocks Standard,121-AS,WHITE
Cocks Standard,121-ASF,IVORY
Cocks Standard,121-ASF,WHITE
Cocks Standard,121-B,BURGUNDY
Cocks Standard,121-B,GREEN
Cocks Standard,121-B,IVORY
Cocks Standard,121-B,M GREEN
Cocks Standard,121-B,PINK
Cocks Standard,121-B,WHITE
Cocks Standard,121-BF,WHITE
Cocks Standard,121-C,.
Cocks Standard,121-C,BURGUNDY
Cocks Standard,121-C,GREEN
Cocks Standard,121-C,IVORY
Cocks Standard,121-C,M GREEN
Cocks Standard,121-C,WHITE
Cocks Standard,121-CF,.
Cocks Standard,121-E,BURGUNDY
Cocks Standard,121-E,GREEN
Cocks Standard,121-E,IVORY
Cocks Standard,121-E,M GREEN
Cocks Standard,121-E,PINK
Cocks Standard,121-E,WHITE
Cocks Standard,121-EB,IVORY
Cocks Standard,121-EB,WHITE
Cocks Standard,121-EBF,.
Cocks Standard,121-F,IVORY
Cocks Standard,121-F,WHITE
Cocks Standard,121-FB,BLUE
Cocks Standard,121-H,BURGUNDY
Cocks Standard,121-H,GREEN
Cocks Standard,121-H,IVORY
Cocks Standard,121-H,M GREEN
Cocks Standard,121-H,PINK
Cocks Standard,121-H,WHITE
Cocks Standard,121-I,IVORY
Cocks Standard,121-I,WHITE
Cocks Standard,121-JJM,IVORY
Cocks Standard,121-JJM,PINK
Cocks Standard,121-JJM,WHITE
Cocks Standard,121-K,WHITE
Cocks Standard,121-KF,WHITE
Cocks Standard,121-L,IVORY
Cocks Standard,121-L,WHITE
Cocks Standard,121-LSF,.
Cocks Standard,121-LSFB,BLUE
Cocks Standard,121-O,.
Cocks Standard,121-O,BLUE
Cocks Standard,121-O,BURGUNDY
Cocks Standard,121-O,GREEN
Cocks Standard,121-O,IVORY
Cocks Standard,121-O,M GREEN
Cocks Standard,121-O,PINK
Cocks Standard,121-O,WHITE
Cocks Standard,121-P,BURGUNDY
Cocks Standard,121-P,GREEN
Cocks Standard,121-P,IVORY
Cocks Standard,121-P,M GREEN
Cocks Standard,121-P,PINK
Cocks Standard,121-P,WHITE
Cocks Standard,121-PF,.
Cocks Standard,121-R,BURGUNDY
Cocks Standard,121-R,GREEN
Cocks Standard,121-R,IVORY
Cocks Standard,121-R,M GREEN
Cocks Standard,121-R,PINK
Cocks Standard,121-R,WHITE
Cocks Standard,121-S,BURGUNDY
Cocks Standard,121-S,GREEN
Cocks Standard,121-S,IVORY
Cocks Standard,121-S,M GREEN
Cocks Standard,121-S,PINK
Cocks Standard,121-S,WHITE
Cocks Standard,121-V,BURGUNDY
Cocks Standard,121-V,GREEN
Cocks Standard,121-V,IVORY
Cocks Standard,121-V,M GREEN
Cocks Standard,121-V,PINK
Cocks Standard,121-V,WHITE
Cocks Standard,121.0,BLUE
Cocks Standard,121.0,BURGUNDY
Cocks Standard,121.0,GREEN
Cocks Standard,121.0,IVORY
Cocks Standard,121.0,M GREEN
Cocks Standard,121.0,PINK
Cocks Standard,121.0,WHITE
Cocks Standard,122-O,BURGUNDY
Cocks Standard,122-O,GREEN
Cocks Standard,122-O,IVORY
Cocks Standard,122-O,M GREEN
Cocks Standard,122-O,PINK
Cocks Standard,122-O,WHITE
Cocks Standard,123,BLUE
Cocks Standard,123-A,IVORY
Cocks Standard,123-A,WHITE
Cocks Standard,123-AB,BLACK
Cocks Standard,123-ABF,BLACK
Cocks Standard,123-ABN,.
Cocks Standard,123-AF,IVORY
Cocks Standard,123-AF,WHITE
Cocks Standard,123-AN,WHITE
Cocks Standard,123-C,BURGUNDY
Cocks Standard,123-C,GREEN
Cocks Standard,123-C,IVORY
Cocks Standard,123-C,M GREEN
Cocks Standard,123-C,PINK
Cocks Standard,123-C,WHITE
Cocks Standard,123-CF,BURGUNDY
Cocks Standard,123-CF,GREEN
Cocks Standard,123-CF,IVORY
Cocks Standard,123-CF,M GREEN
Cocks Standard,123-CF,PINK
Cocks Standard,123-CF,WHITE
Cocks Standard,123-CN,BURGUNDY
Cocks Standard,123-CN,GREEN
Cocks Standard,123-CN,IVORY
Cocks Standard,123-CN,M GREEN
Cocks Standard,123-CN,PINK
Cocks Standard,123-CN,WHITE
Cocks Standard,123-D,BURGUNDY
Cocks Standard,123-D,GREEN
Cocks Standard,123-D,IVORY
Cocks Standard,123-D,M GREEN
Cocks Standard,123-D,PINK
Cocks Standard,123-D,WHITE
Cocks Standard,123-DB,BLACK
Cocks Standard,123-E,BURGUNDY
Cocks Standard,123-E,GREEN
Cocks Standard,123-E,IVORY
Cocks Standard,123-E,M GREEN
Cocks Standard,123-E,PINK
Cocks Standard,123-E,WHITE
Cocks Standard,123-EF,BURGUNDY
Cocks Standard,123-EF,GREEN
Cocks Standard,123-EF,IVORY
Cocks Standard,123-EF,M GREEN
Cocks Standard,123-EF,PINK
Cocks Standard,123-EF,WHITE
Cocks Standard,123-EN,BURGUNDY
Cocks Standard,123-EN,GREEN
Cocks Standard,123-EN,IVORY
Cocks Standard,123-EN,M GREEN
Cocks Standard,123-EN,PINK
Cocks Standard,123-EN,WHITE
Cocks Standard,123-F,BURGUNDY
Cocks Standard,123-F,GREEN
Cocks Standard,123-F,IVORY
Cocks Standard,123-F,M GREEN
Cocks Standard,123-F,PINK
Cocks Standard,123-F,WHITE
Cocks Standard,123-FH,IVORY
Cocks Standard,123-FH,WHITE
Cocks Standard,123-FP,BURGUNDY
Cocks Standard,123-FP,GREEN
Cocks Standard,123-FP,IVORY
Cocks Standard,123-FP,M GREEN
Cocks Standard,123-FP,PINK
Cocks Standard,123-FP,WHITE
Cocks Standard,123-H,BURGUNDY
Cocks Standard,123-H,GREEN
Cocks Standard,123-H,IVORY
Cocks Standard,123-H,M GREEN
Cocks Standard,123-H,PINK
Cocks Standard,123-H,WHITE
Cocks Standard,123-I,IVORY
Cocks Standard,123-I,WHITE
Cocks Standard,123-K,WHITE
Cocks Standard,123-KF,WHITE
Cocks Standard,123-KN,WHITE
Cocks Standard,123-L,IVORY
Cocks Standard,123-L,WHITE
Cocks Standard,123-LS,WHITE
Cocks Standard,123-LSB,BLUE
Cocks Standard,123-LSF,IVORY
Cocks Standard,123-LSFB,BLUE
Cocks Standard,123-LSN,WHITE
Cocks Standard,123-LSNB,BLUE
Cocks Standard,123-N,BURGUNDY
Cocks Standard,123-N,GREEN
Cocks Standard,123-N,IVORY
Cocks Standard,123-N,M GREEN
Cocks Standard,123-N,PINK
Cocks Standard,123-N,WHITE
Cocks Standard,123-NN,IVORY
Cocks Standard,123-NN,WHITE
Cocks Standard,123-O,BURGUNDY
Cocks Standard,123-O,GREEN
Cocks Standard,123-O,IVORY
Cocks Standard,123-O,M GREEN
Cocks Standard,123-O,PINK
Cocks Standard,123-O,WHITE
Cocks Standard,123-ON,BURGUNDY
Cocks Standard,123-ON,GREEN
Cocks Standard,123-ON,IVORY
Cocks Standard,123-ON,M GREEN
Cocks Standard,123-ON,PINK
Cocks Standard,123-ON,WHITE
Cocks Standard,123-P,BURGUNDY
Cocks Standard,123-P,GREEN
Cocks Standard,123-P,IVORY
Cocks Standard,123-P,M GREEN
Cocks Standard,123-P,PINK
Cocks Standard,123-P,WHITE
Cocks Standard,123-PN,BURGUNDY
Cocks Standard,123-PN,GREEN
Cocks Standard,123-PN,IVORY
Cocks Standard,123-PN,M GREEN
Cocks Standard,123-PN,PINK
Cocks Standard,123-PN,WHITE
Cocks Standard,123-Q,BURGUNDY
Cocks Standard,123-Q,GREEN
Cocks Standard,123-Q,IVORY
Cocks Standard,123-Q,M GREEN
Cocks Standard,123-Q,PINK
Cocks Standard,123-Q,WHITE
Cocks Standard,123-R,BURGUNDY
Cocks Standard,123-R,GREEN
Cocks Standard,123-R,IVORY
Cocks Standard,123-R,M GREEN
Cocks Standard,123-R,PINK
Cocks Standard,123-R,WHITE
Cocks Standard,123-S,IVORY
Cocks Standard,123-S,WHITE
Cocks Standard,123-U,BURGUNDY
Cocks Standard,123-U,GREEN
Cocks Standard,123-U,IVORY
Cocks Standard,123-U,M GREEN
Cocks Standard,123-U,PINK
Cocks Standard,123-U,WHITE
Cocks Standard,123-WS,IVORY
Cocks Standard,123-WS,WHITE
Cocks Standard,123.0,BURGUNDY
Cocks Standard,123.0,GREEN
Cocks Standard,123.0,IVORY
Cocks Standard,123.0,M GREEN
Cocks Standard,123.0,PINK
Cocks Standard,123.0,WHITE
Cocks Standard,1231-F,BURGUNDY
Cocks Standard,1231-F,GREEN
Cocks Standard,1231-F,IVORY
Cocks Standard,1231-F,M GREEN
Cocks Standard,1231-F,PINK
Cocks Standard,1231-F,WHITE
Cocks Standard,1231-N,BURGUNDY
Cocks Standard,1231-N,GREEN
Cocks Standard,1231-N,IVORY
Cocks Standard,1231-N,M GREEN
Cocks Standard,1231-N,PINK
Cocks Standard,1231-N,WHITE
Cocks Standard,1231.0,BURGUNDY
Cocks Standard,1231.0,GREEN
Cocks Standard,1231.0,IVORY
Cocks Standard,1231.0,M GREEN
Cocks Standard,1231.0,PINK
Cocks Standard,1231.0,WHITE
Cocks Standard,124-A,IVORY
Cocks Standard,124-A,WHITE
Cocks Standard,124-AB,BLACK
Cocks Standard,124-ABF,BLACK
Cocks Standard,124-AF,IVORY
Cocks Standard,124-AF,WHITE
Cocks Standard,124-AP,IVORY
Cocks Standard,124-AP,WHITE
Cocks Standard,124-AS,IVORY
Cocks Standard,124-AS,WHITE
Cocks Standard,124-B,BURGUNDY
Cocks Standard,124-B,GREEN
Cocks Standard,124-B,IVORY
Cocks Standard,124-B,M GREEN
Cocks Standard,124-B,PINK
Cocks Standard,124-B,WHITE
Cocks Standard,124-BF,IVORY
Cocks Standard,124-BF,WHITE
Cocks Standard,124-C,BURGUNDY
Cocks Standard,124-C,GREEN
Cocks Standard,124-C,IVORY
Cocks Standard,124-C,M GREEN
Cocks Standard,124-C,PINK
Cocks Standard,124-C,WHITE
Cocks Standard,124-CF,WHITE
Cocks Standard,124-D,IVORY
Cocks Standard,124-D,WHITE
Cocks Standard,124-DB,BLACK
Cocks Standard,124-DG,GOLD
Cocks Standard,124-DR,R BLUE
Cocks Standard,124-DW,WINE
Cocks Standard,124-E,BURGUNDY
Cocks Standard,124-E,GREEN
Cocks Standard,124-E,IVORY
Cocks Standard,124-E,M GREEN
Cocks Standard,124-E,PINK
Cocks Standard,124-E,WHITE
Cocks Standard,124-EB,IVORY
Cocks Standard,124-EB,WHITE
Cocks Standard,124-EF,BURGUNDY
Cocks Standard,124-EF,GREEN
Cocks Standard,124-EF,IVORY
Cocks Standard,124-EF,M GREEN
Cocks Standard,124-EF,PINK
Cocks Standard,124-EF,WHITE
Cocks Standard,124-F,BURGUNDY
Cocks Standard,124-F,GREEN
Cocks Standard,124-F,IVORY
Cocks Standard,124-F,M GREEN
Cocks Standard,124-F,PINK
Cocks Standard,124-F,WHITE
Cocks Standard,124-FH,IVORY
Cocks Standard,124-FH,WHITE
Cocks Standard,124-FP,BURGUNDY
Cocks Standard,124-FP,GREEN
Cocks Standard,124-FP,IVORY
Cocks Standard,124-FP,M GREEN
Cocks Standard,124-FP,PINK
Cocks Standard,124-FP,WHITE
Cocks Standard,124-H,BURGUNDY
Cocks Standard,124-H,GREEN
Cocks Standard,124-H,IVORY
Cocks Standard,124-H,M GREEN
Cocks Standard,124-H,PINK
Cocks Standard,124-H,WHITE
Cocks Standard,124-I,IVORY
Cocks Standard,124-I,WHITE
Cocks Standard,124-K,WHITE
Cocks Standard,124-KF,WHITE
Cocks Standard,124-L,WHITE
Cocks Standard,124-LS,WHITE
Cocks Standard,124-LSB,BLUE
Cocks Standard,124-LSF,WHITE
Cocks Standard,124-LSFB,BLUE
Cocks Standard,124-N,IVORY
Cocks Standard,124-N,WHITE
Cocks Standard,124-O,BURGUNDY
Cocks Standard,124-O,GREEN
Cocks Standard,124-O,IVORY
Cocks Standard,124-O,M GREEN
Cocks Standard,124-O,PINK
Cocks Standard,124-O,WHITE
Cocks Standard,124-P,BURGUNDY
Cocks Standard,124-P,GREEN
Cocks Standard,124-P,IVORY
Cocks Standard,124-P,M GREEN
Cocks Standard,124-P,PINK
Cocks Standard,124-P,WHITE
Cocks Standard,124-R,BURGUNDY
Cocks Standard,124-R,GREEN
Cocks Standard,124-R,IVORY
Cocks Standard,124-R,M GREEN
Cocks Standard,124-R,PINK
Cocks Standard,124-R,WHITE
Cocks Standard,124-S,BURGUNDY
Cocks Standard,124-S,GREEN
Cocks Standard,124-S,IVORY
Cocks Standard,124-S,M GREEN
Cocks Standard,124-S,PINK
Cocks Standard,124-S,WHITE
Cocks Standard,124-U,BURGUNDY
Cocks Standard,124-U,GREEN
Cocks Standard,124-U,IVORY
Cocks Standard,124-U,M GREEN
Cocks Standard,124-U,PINK
Cocks Standard,124-U,WHITE
Cocks Standard,124-V,BURGUNDY
Cocks Standard,124-V,GREEN
Cocks Standard,124-V,IVORY
Cocks Standard,124-V,M GREEN
Cocks Standard,124-V,PINK
Cocks Standard,124-V,WHITE
Cocks Standard,124-W,IVORY
Cocks Standard,124-W,WHITE
Cocks Standard,124-WS,IVORY
Cocks Standard,124-WS,WHITE
Cocks Standard,124.0,BLUE
Cocks Standard,124.0,BURGUNDY
Cocks Standard,124.0,GREEN
Cocks Standard,124.0,IVORY
Cocks Standard,124.0,M GREEN
Cocks Standard,124.0,PINK
Cocks Standard,124.0,WHITE
Cocks Standard,1241-F,BURGUNDY
Cocks Standard,1241-F,GREEN
Cocks Standard,1241-F,IVORY
Cocks Standard,1241-F,M GREEN
Cocks Standard,1241-F,PINK
Cocks Standard,1241-F,WHITE
Cocks Standard,1241.0,BURGUNDY
Cocks Standard,1241.0,GREEN
Cocks Standard,1241.0,IVORY
Cocks Standard,1241.0,M GREEN
Cocks Standard,1241.0,PINK
Cocks Standard,1241.0,WHITE
Cocks Standard,125-O,BURGUNDY
Cocks Standard,125-O,GREEN
Cocks Standard,125-O,IVORY
Cocks Standard,125-O,M GREEN
Cocks Standard,125-O,PINK
Cocks Standard,125-O,WHITE
Cocks Standard,125-S,IVORY
Cocks Standard,125-S,WHITE
Cocks Standard,125-WS,IVORY
Cocks Standard,125-WS,WHITE
Cocks Standard,127-A,WHITE
Cocks Standard,127-AB,.
Cocks Standard,127-AP,IVORY
Cocks Standard,127-AP,WHITE
Cocks Standard,127-AS,IVORY
Cocks Standard,127-AS,WHITE
Cocks Standard,127-B,BURGUNDY
Cocks Standard,127-B,GREEN
Cocks Standard,127-B,IVORY
Cocks Standard,127-B,M GREEN
Cocks Standard,127-B,PINK
Cocks Standard,127-B,WHITE
Cocks Standard,127-C,BURGUNDY
Cocks Standard,127-C,GREEN
Cocks Standard,127-C,IVORY
Cocks Standard,127-C,M GREEN
Cocks Standard,127-C,PINK
Cocks Standard,127-C,WHITE
Cocks Standard,127-D,WHITE
Cocks Standard,127-DB,BLACK
Cocks Standard,127-DG,.
Cocks Standard,127-DP,PEACH
Cocks Standard,127-DR,R BLUE
Cocks Standard,127-DW,.
Cocks Standard,127-E,BURGUNDY
Cocks Standard,127-E,GREEN
Cocks Standard,127-E,IVORY
Cocks Standard,127-E,M GREEN
Cocks Standard,127-E,PINK
Cocks Standard,127-E,WHITE
Cocks Standard,127-EB,IVORY
Cocks Standard,127-EB,WHITE
Cocks Standard,127-H,BURGUNDY
Cocks Standard,127-H,GREEN
Cocks Standard,127-H,IVORY
Cocks Standard,127-H,M GREEN
Cocks Standard,127-H,PINK
Cocks Standard,127-H,WHITE
Cocks Standard,127-K,WHITE
Cocks Standard,127-LS,WHITE
Cocks Standard,127-LSB,BLUE
Cocks Standard,127-O,BURGUNDY
Cocks Standard,127-O,GREEN
Cocks Standard,127-O,IVORY
Cocks Standard,127-O,M GREEN
Cocks Standard,127-O,PINK
Cocks Standard,127-O,WHITE
Cocks Standard,127-P,BURGUNDY
Cocks Standard,127-P,GREEN
Cocks Standard,127-P,IVORY
Cocks Standard,127-P,M GREEN
Cocks Standard,127-P,PINK
Cocks Standard,127-P,WHITE
Cocks Standard,127-S,BURGUNDY
Cocks Standard,127-S,GREEN
Cocks Standard,127-S,IVORY
Cocks Standard,127-S,M GREEN
Cocks Standard,127-S,PINK
Cocks Standard,127-S,WHITE
Cocks Standard,127-V,BURGUNDY
Cocks Standard,127-V,GREEN
Cocks Standard,127-V,IVORY
Cocks Standard,127-V,M GREEN
Cocks Standard,127-V,PINK
Cocks Standard,127-V,WHITE
Cocks Standard,127.0,BURGUNDY
Cocks Standard,127.0,GREEN
Cocks Standard,127.0,IVORY
Cocks Standard,127.0,M GREEN
Cocks Standard,127.0,PINK
Cocks Standard,127.0,WHITE
Cocks Standard,129,BLUE
Cocks Standard,129-A,WHITE
Cocks Standard,129-AB,.
Cocks Standard,129-AP,IVORY
Cocks Standard,129-AP,WHITE
Cocks Standard,129-AS,IVORY
Cocks Standard,129-AS,WHITE
Cocks Standard,129-B,BURGUNDY
Cocks Standard,129-B,GREEN
Cocks Standard,129-B,IVORY
Cocks Standard,129-B,M GREEN
Cocks Standard,129-B,PINK
Cocks Standard,129-B,WHITE
Cocks Standard,129-C,BURGUNDY
Cocks Standard,129-C,GREEN
Cocks Standard,129-C,IVORY
Cocks Standard,129-C,M GREEN
Cocks Standard,129-C,PINK
Cocks Standard,129-C,WHITE
Cocks Standard,129-D,BURGUNDY
Cocks Standard,129-D,GREEN
Cocks Standard,129-D,IVORY
Cocks Standard,129-D,M GREEN
Cocks Standard,129-D,PINK
Cocks Standard,129-D,WHITE
Cocks Standard,129-DB,BLACK
Cocks Standard,129-E,BURGUNDY
Cocks Standard,129-E,GREEN
Cocks Standard,129-E,IVORY
Cocks Standard,129-E,M GREEN
Cocks Standard,129-E,PINK
Cocks Standard,129-E,WHITE
Cocks Standard,129-EB,IVORY
Cocks Standard,129-EB,WHITE
Cocks Standard,129-H,BURGUNDY
Cocks Standard,129-H,GREEN
Cocks Standard,129-H,IVORY
Cocks Standard,129-H,M GREEN
Cocks Standard,129-H,PINK
Cocks Standard,129-H,WHITE
Cocks Standard,129-I,IVORY
Cocks Standard,129-I,WHITE
Cocks Standard,129-K,WHITE
Cocks Standard,129-L,WHITE
Cocks Standard,129-LS,WHITE
Cocks Standard,129-LSB,BLUE
Cocks Standard,129-N,IVORY
Cocks Standard,129-N,WHITE
Cocks Standard,129-O,BURGUNDY
Cocks Standard,129-O,GREEN
Cocks Standard,129-O,IVORY
Cocks Standard,129-O,M GREEN
Cocks Standard,129-O,PINK
Cocks Standard,129-O,WHITE
Cocks Standard,129-P,BURGUNDY
Cocks Standard,129-P,GREEN
Cocks Standard,129-P,IVORY
Cocks Standard,129-P,M GREEN
Cocks Standard,129-P,PINK
Cocks Standard,129-P,WHITE
Cocks Standard,129-Q,BURGUNDY
Cocks Standard,129-Q,GREEN
Cocks Standard,129-Q,IVORY
Cocks Standard,129-Q,M GREEN
Cocks Standard,129-Q,PINK
Cocks Standard,129-Q,WHITE
Cocks Standard,129-R,BURGUNDY
Cocks Standard,129-R,GREEN
Cocks Standard,129-R,IVORY
Cocks Standard,129-R,M GREEN
Cocks Standard,129-R,PINK
Cocks Standard,129-R,WHITE
Cocks Standard,129-S,BURGUNDY
Cocks Standard,129-S,GREEN
Cocks Standard,129-S,IVORY
Cocks Standard,129-S,M GREEN
Cocks Standard,129-S,PINK
Cocks Standard,129-S,WHITE
Cocks Standard,129-U,BURGUNDY
Cocks Standard,129-U,GREEN
Cocks Standard,129-U,IVORY
Cocks Standard,129-U,M GREEN
Cocks Standard,129-U,PINK
Cocks Standard,129-U,WHITE
Cocks Standard,129-V,BURGUNDY
Cocks Standard,129-V,GREEN
Cocks Standard,129-V,IVORY
Cocks Standard,129-V,M GREEN
Cocks Standard,129-V,PINK
Cocks Standard,129-V,WHITE
Cocks Standard,129.0,BURGUNDY
Cocks Standard,129.0,GREEN
Cocks Standard,129.0,IVORY
Cocks Standard,129.0,M GREEN
Cocks Standard,129.0,PINK
Cocks Standard,129.0,WHITE
Cocks Standard,1291.0,BURGUNDY
Cocks Standard,1291.0,GREEN
Cocks Standard,1291.0,IVORY
Cocks Standard,1291.0,M GREEN
Cocks Standard,1291.0,PINK
Cocks Standard,1291.0,WHITE
Cocks Standard,130-A,WHITE
Cocks Standard,130-AB,.
Cocks Standard,130-AP,IVORY
Cocks Standard,130-AP,WHITE
Cocks Standard,130-AS,IVORY
Cocks Standard,130-AS,WHITE
Cocks Standard,130-B,BURGUNDY
Cocks Standard,130-B,GREEN
Cocks Standard,130-B,IVORY
Cocks Standard,130-B,M GREEN
Cocks Standard,130-B,PINK
Cocks Standard,130-B,WHITE
Cocks Standard,130-C,BURGUNDY
Cocks Standard,130-C,GREEN
Cocks Standard,130-C,IVORY
Cocks Standard,130-C,M GREEN
Cocks Standard,130-C,PINK
Cocks Standard,130-C,WHITE
Cocks Standard,130-D,BURGUNDY
Cocks Standard,130-D,GREEN
Cocks Standard,130-D,IVORY
Cocks Standard,130-D,M GREEN
Cocks Standard,130-D,PINK
Cocks Standard,130-D,WHITE
Cocks Standard,130-DB,BLACK
Cocks Standard,130-E,BURGUNDY
Cocks Standard,130-E,GREEN
Cocks Standard,130-E,IVORY
Cocks Standard,130-E,M GREEN
Cocks Standard,130-E,PINK
Cocks Standard,130-E,WHITE
Cocks Standard,130-EB,IVORY
Cocks Standard,130-EB,WHITE
Cocks Standard,130-H,BURGUNDY
Cocks Standard,130-H,GREEN
Cocks Standard,130-H,IVORY
Cocks Standard,130-H,M GREEN
Cocks Standard,130-H,PINK
Cocks Standard,130-H,WHITE
Cocks Standard,130-I,IVORY
Cocks Standard,130-I,WHITE
Cocks Standard,130-K,WHITE
Cocks Standard,130-L,WHITE
Cocks Standard,130-LS,WHITE
Cocks Standard,130-LSB,BLUE
Cocks Standard,130-N,IVORY
Cocks Standard,130-N,WHITE
Cocks Standard,130-O,BURGUNDY
Cocks Standard,130-O,GREEN
Cocks Standard,130-O,IVORY
Cocks Standard,130-O,M GREEN
Cocks Standard,130-O,PINK
Cocks Standard,130-O,WHITE
Cocks Standard,130-P,BURGUNDY
Cocks Standard,130-P,GREEN
Cocks Standard,130-P,IVORY
Cocks Standard,130-P,M GREEN
Cocks Standard,130-P,PINK
Cocks Standard,130-P,WHITE
Cocks Standard,130-Q,BURGUNDY
Cocks Standard,130-Q,GREEN
Cocks Standard,130-Q,IVORY
Cocks Standard,130-Q,M GREEN
Cocks Standard,130-Q,PINK
Cocks Standard,130-Q,WHITE
Cocks Standard,130-R,BURGUNDY
Cocks Standard,130-R,GREEN
Cocks Standard,130-R,IVORY
Cocks Standard,130-R,M GREEN
Cocks Standard,130-R,PINK
Cocks Standard,130-R,WHITE
Cocks Standard,130-RN,IVORY
Cocks Standard,130-RN,WHITE
Cocks Standard,130-S,BURGUNDY
Cocks Standard,130-S,GREEN
Cocks Standard,130-S,IVORY
Cocks Standard,130-S,M GREEN
Cocks Standard,130-S,PINK
Cocks Standard,130-S,WHITE
Cocks Standard,130-U,BURGUNDY
Cocks Standard,130-U,GREEN
Cocks Standard,130-U,IVORY
Cocks Standard,130-U,M GREEN
Cocks Standard,130-U,PINK
Cocks Standard,130-U,WHITE
Cocks Standard,130-V,BURGUNDY
Cocks Standard,130-V,GREEN
Cocks Standard,130-V,IVORY
Cocks Standard,130-V,M GREEN
Cocks Standard,130-V,PINK
Cocks Standard,130-V,WHITE
Cocks Standard,130.0,BLUE
Cocks Standard,130.0,BURGUNDY
Cocks Standard,130.0,GREEN
Cocks Standard,130.0,IVORY
Cocks Standard,130.0,M GREEN
Cocks Standard,130.0,PINK
Cocks Standard,130.0,WHITE
Cocks Standard,131-A,IVORY
Cocks Standard,131-A,WHITE
Cocks Standard,131-AB,.
Cocks Standard,131-C,BURGUNDY
Cocks Standard,131-C,GREEN
Cocks Standard,131-C,IVORY
Cocks Standard,131-C,M GREEN
Cocks Standard,131-C,PINK
Cocks Standard,131-C,WHITE
Cocks Standard,131-D,IVORY
Cocks Standard,131-DB,BLACK
Cocks Standard,131-DG,.
Cocks Standard,131-DP,PEACH
Cocks Standard,131-DR,R BLUE
Cocks Standard,131-DW,.
Cocks Standard,131-H,BURGUNDY
Cocks Standard,131-H,GREEN
Cocks Standard,131-H,IVORY
Cocks Standard,131-H,M GREEN
Cocks Standard,131-H,PINK
Cocks Standard,131-H,WHITE
Cocks Standard,131-I,IVORY
Cocks Standard,131-I,WHITE
Cocks Standard,131-K,WHITE
Cocks Standard,131-L,WHITE
Cocks Standard,131-LS,WHITE
Cocks Standard,131-LSB,BLUE
Cocks Standard,131-N,BURGUNDY
Cocks Standard,131-N,GREEN
Cocks Standard,131-N,IVORY
Cocks Standard,131-N,M GREEN
Cocks Standard,131-N,PINK
Cocks Standard,131-N,WHITE
Cocks Standard,131-NP,BURGUNDY
Cocks Standard,131-NP,GREEN
Cocks Standard,131-NP,IVORY
Cocks Standard,131-NP,M GREEN
Cocks Standard,131-NP,PINK
Cocks Standard,131-NP,WHITE
Cocks Standard,131-O,BURGUNDY
Cocks Standard,131-O,GREEN
Cocks Standard,131-O,IVORY
Cocks Standard,131-O,M GREEN
Cocks Standard,131-O,PINK
Cocks Standard,131-O,WHITE
Cocks Standard,131-P,BURGUNDY
Cocks Standard,131-P,GREEN
Cocks Standard,131-P,IVORY
Cocks Standard,131-P,M GREEN
Cocks Standard,131-P,PINK
Cocks Standard,131-P,WHITE
Cocks Standard,131.0,BURGUNDY
Cocks Standard,131.0,GREEN
Cocks Standard,131.0,IVORY
Cocks Standard,131.0,M GREEN
Cocks Standard,131.0,PINK
Cocks Standard,131.0,WHITE
Cocks Standard,1311-C,BURGUNDY
Cocks Standard,1311-C,GREEN
Cocks Standard,1311-C,IVORY
Cocks Standard,1311-C,M GREEN
Cocks Standard,1311-C,PINK
Cocks Standard,1311-C,WHITE
Cocks Standard,1311-H,BURGUNDY
Cocks Standard,1311-H,GREEN
Cocks Standard,1311-H,IVORY
Cocks Standard,1311-H,M GREEN
Cocks Standard,1311-H,PINK
Cocks Standard,1311-H,WHITE
Cocks Standard,1311-K,WHITE
Cocks Standard,1311-N,BURGUNDY
Cocks Standard,1311-N,GREEN
Cocks Standard,1311-N,IVORY
Cocks Standard,1311-N,M GREEN
Cocks Standard,1311-N,PINK
Cocks Standard,1311-N,WHITE
Cocks Standard,1311.0,BURGUNDY
Cocks Standard,1311.0,GREEN
Cocks Standard,1311.0,IVORY
Cocks Standard,1311.0,M GREEN
Cocks Standard,1311.0,PINK
Cocks Standard,1311.0,WHITE
Cocks Standard,132-A,IVORY
Cocks Standard,132-A,WHITE
Cocks Standard,132-AB,.
Cocks Standard,132-AP,IVORY
Cocks Standard,132-AP,WHITE
Cocks Standard,132-AS,IVORY
Cocks Standard,132-AS,WHITE
Cocks Standard,132-B,BURGUNDY
Cocks Standard,132-B,GREEN
Cocks Standard,132-B,IVORY
Cocks Standard,132-B,M GREEN
Cocks Standard,132-B,PINK
Cocks Standard,132-B,WHITE
Cocks Standard,132-C,BURGUNDY
Cocks Standard,132-C,GREEN
Cocks Standard,132-C,IVORY
Cocks Standard,132-C,M GREEN
Cocks Standard,132-C,PINK
Cocks Standard,132-C,WHITE
Cocks Standard,132-D,BURGUNDY
Cocks Standard,132-D,GREEN
Cocks Standard,132-D,IVORY
Cocks Standard,132-D,M GREEN
Cocks Standard,132-D,PINK
Cocks Standard,132-D,WHITE
Cocks Standard,132-DB,BLACK
Cocks Standard,132-E,BURGUNDY
Cocks Standard,132-E,GREEN
Cocks Standard,132-E,IVORY
Cocks Standard,132-E,M GREEN
Cocks Standard,132-E,PINK
Cocks Standard,132-E,WHITE
Cocks Standard,132-EB,WHITE
Cocks Standard,132-H,BURGUNDY
Cocks Standard,132-H,IVORY
Cocks Standard,132-H,PINK
Cocks Standard,132-H,WHITE
Cocks Standard,132-I,IVORY
Cocks Standard,132-I,WHITE
Cocks Standard,132-K,WHITE
Cocks Standard,132-L,IVORY
Cocks Standard,132-L,WHITE
Cocks Standard,132-LS,WHITE
Cocks Standard,132-LSB,BLUE
Cocks Standard,132-LST,.
Cocks Standard,132-LSTB,BLUE
Cocks Standard,132-N,IVORY
Cocks Standard,132-N,WHITE
Cocks Standard,132-O,BURGUNDY
Cocks Standard,132-O,GREEN
Cocks Standard,132-O,IVORY
Cocks Standard,132-O,M GREEN
Cocks Standard,132-O,PINK
Cocks Standard,132-O,WHITE
Cocks Standard,132-OT,BURGUNDY
Cocks Standard,132-OT,GREEN
Cocks Standard,132-OT,IVORY
Cocks Standard,132-OT,M GREEN
Cocks Standard,132-OT,PINK
Cocks Standard,132-OT,WHITE
Cocks Standard,132-P,BURGUNDY
Cocks Standard,132-P,GREEN
Cocks Standard,132-P,IVORY
Cocks Standard,132-P,M GREEN
Cocks Standard,132-P,PINK
Cocks Standard,132-P,WHITE
Cocks Standard,132-Q,BURGUNDY
Cocks Standard,132-Q,GREEN
Cocks Standard,132-Q,IVORY
Cocks Standard,132-Q,M GREEN
Cocks Standard,132-Q,PINK
Cocks Standard,132-Q,WHITE
Cocks Standard,132-R,BURGUNDY
Cocks Standard,132-R,GREEN
Cocks Standard,132-R,IVORY
Cocks Standard,132-R,M GREEN
Cocks Standard,132-R,PINK
Cocks Standard,132-R,WHITE
Cocks Standard,132-S,BURGUNDY
Cocks Standard,132-S,GREEN
Cocks Standard,132-S,IVORY
Cocks Standard,132-S,M GREEN
Cocks Standard,132-S,PINK
Cocks Standard,132-S,WHITE
Cocks Standard,132-T,BURGUNDY
Cocks Standard,132-T,GREEN
Cocks Standard,132-T,IVORY
Cocks Standard,132-T,M GREEN
Cocks Standard,132-T,PINK
Cocks Standard,132-T,WHITE
Cocks Standard,132-U,BURGUNDY
Cocks Standard,132-U,GREEN
Cocks Standard,132-U,IVORY
Cocks Standard,132-U,M GREEN
Cocks Standard,132-U,PINK
Cocks Standard,132-U,WHITE
Cocks Standard,132-V,BURGUNDY
Cocks Standard,132-V,GREEN
Cocks Standard,132-V,IVORY
Cocks Standard,132-V,M GREEN
Cocks Standard,132-V,PINK
Cocks Standard,132-V,WHITE
Cocks Standard,132.0,BURGUNDY
Cocks Standard,132.0,GREEN
Cocks Standard,132.0,IVORY
Cocks Standard,132.0,M GREEN
Cocks Standard,132.0,PINK
Cocks Standard,132.0,WHITE
Cocks Standard,1321.0,BURGUNDY
Cocks Standard,1321.0,GREEN
Cocks Standard,1321.0,IVORY
Cocks Standard,1321.0,M GREEN
Cocks Standard,1321.0,PINK
Cocks Standard,1321.0,WHITE
Cocks Standard,1322-AP,IVORY
Cocks Standard,1322-AP,WHITE
Cocks Standard,1322-AS,IVORY
Cocks Standard,1322-AS,WHITE
Cocks Standard,1322-B,BURGUNDY
Cocks Standard,1322-B,GREEN
Cocks Standard,1322-B,IVORY
Cocks Standard,1322-B,M GREEN
Cocks Standard,1322-B,PINK
Cocks Standard,1322-B,WHITE
Cocks Standard,1322-D,IVORY
Cocks Standard,1322-D,WHITE
Cocks Standard,1322-DB,BLACK
Cocks Standard,1322-EB,IVORY
Cocks Standard,1322-EB,WHITE
Cocks Standard,1322-HN,IVORY
Cocks Standard,1322-HN,WHITE
Cocks Standard,1322-S,BURGUNDY
Cocks Standard,1322-S,GREEN
Cocks Standard,1322-S,IVORY
Cocks Standard,1322-S,M GREEN
Cocks Standard,1322-S,PINK
Cocks Standard,1322-S,WHITE
Cocks Standard,1322-V,BURGUNDY
Cocks Standard,1322-V,GREEN
Cocks Standard,1322-V,IVORY
Cocks Standard,1322-V,M GREEN
Cocks Standard,1322-V,PINK
Cocks Standard,1322-V,WHITE
Cocks Standard,1323.0,BURGUNDY
Cocks Standard,1323.0,GREEN
Cocks Standard,1323.0,IVORY
Cocks Standard,1323.0,M GREEN
Cocks Standard,1323.0,PINK
Cocks Standard,1323.0,WHITE
Cocks Standard,133-A,WHITE
Cocks Standard,133-AB,.
Cocks Standard,133-AP,IVORY
Cocks Standard,133-AP,WHITE
Cocks Standard,133-AS,IVORY
Cocks Standard,133-AS,WHITE
Cocks Standard,133-B,BURGUNDY
Cocks Standard,133-B,GREEN
Cocks Standard,133-B,IVORY
Cocks Standard,133-B,M GREEN
Cocks Standard,133-B,PINK
Cocks Standard,133-B,WHITE
Cocks Standard,133-C,BURGUNDY
Cocks Standard,133-C,GREEN
Cocks Standard,133-C,IVORY
Cocks Standard,133-C,M GREEN
Cocks Standard,133-C,PINK
Cocks Standard,133-C,WHITE
Cocks Standard,133-D,BURGUNDY
Cocks Standard,133-D,GREEN
Cocks Standard,133-D,IVORY
Cocks Standard,133-D,M GREEN
Cocks Standard,133-D,PINK
Cocks Standard,133-D,WHITE
Cocks Standard,133-DB,BLACK
Cocks Standard,133-E,BURGUNDY
Cocks Standard,133-E,GREEN
Cocks Standard,133-E,IVORY
Cocks Standard,133-E,M GREEN
Cocks Standard,133-E,PINK
Cocks Standard,133-E,WHITE
Cocks Standard,133-EB,WHITE
Cocks Standard,133-H,BURGUNDY
Cocks Standard,133-H,GREEN
Cocks Standard,133-H,IVORY
Cocks Standard,133-H,M GREEN
Cocks Standard,133-H,PINK
Cocks Standard,133-H,WHITE
Cocks Standard,133-I,IVORY
Cocks Standard,133-I,WHITE
Cocks Standard,133-K,WHITE
Cocks Standard,133-L,WHITE
Cocks Standard,133-LS,.
Cocks Standard,133-LSB,BLUE
Cocks Standard,133-N,IVORY
Cocks Standard,133-N,WHITE
Cocks Standard,133-NEW,BURGUNDY
Cocks Standard,133-NEW,GREEN
Cocks Standard,133-NEW,IVORY
Cocks Standard,133-NEW,M GREEN
Cocks Standard,133-NEW,PINK
Cocks Standard,133-NEW,WHITE
Cocks Standard,133-O,BURGUNDY
Cocks Standard,133-O,GREEN
Cocks Standard,133-O,IVORY
Cocks Standard,133-O,M GREEN
Cocks Standard,133-O,PINK
Cocks Standard,133-O,WHITE
Cocks Standard,133-P,BURGUNDY
Cocks Standard,133-P,GREEN
Cocks Standard,133-P,IVORY
Cocks Standard,133-P,M GREEN
Cocks Standard,133-P,PINK
Cocks Standard,133-P,WHITE
Cocks Standard,133-Q,BURGUNDY
Cocks Standard,133-Q,GREEN
Cocks Standard,133-Q,IVORY
Cocks Standard,133-Q,M GREEN
Cocks Standard,133-Q,PINK
Cocks Standard,133-Q,WHITE
Cocks Standard,133-R,BURGUNDY
Cocks Standard,133-R,GREEN
Cocks Standard,133-R,IVORY
Cocks Standard,133-R,M GREEN
Cocks Standard,133-R,PINK
Cocks Standard,133-R,WHITE
Cocks Standard,133-S,BURGUNDY
Cocks Standard,133-S,GREEN
Cocks Standard,133-S,IVORY
Cocks Standard,133-S,M GREEN
Cocks Standard,133-S,PINK
Cocks Standard,133-S,WHITE
Cocks Standard,133-U,BURGUNDY
Cocks Standard,133-U,GREEN
Cocks Standard,133-U,IVORY
Cocks Standard,133-U,M GREEN
Cocks Standard,133-U,PINK
Cocks Standard,133-U,WHITE
Cocks Standard,133-V,BURGUNDY
Cocks Standard,133-V,GREEN
Cocks Standard,133-V,IVORY
Cocks Standard,133-V,M GREEN
Cocks Standard,133-V,PINK
Cocks Standard,133-V,WHITE
Cocks Standard,1332.0,BURGUNDY
Cocks Standard,1332.0,GREEN
Cocks Standard,1332.0,IVORY
Cocks Standard,1332.0,M GREEN
Cocks Standard,1332.0,PINK
Cocks Standard,1332.0,WHITE
Cocks Standard,134-A,WHITE
Cocks Standard,134-AB,.
Cocks Standard,134-AP,IVORY
Cocks Standard,134-AS,.
Cocks Standard,134-B,IVORY
Cocks Standard,134-B,WHITE
Cocks Standard,134-C,BURGUNDY
Cocks Standard,134-C,GREEN
Cocks Standard,134-C,IVORY
Cocks Standard,134-C,M GREEN
Cocks Standard,134-C,PINK
Cocks Standard,134-C,WHITE
Cocks Standard,134-D,IVORY
Cocks Standard,134-D,WHITE
Cocks Standard,134-DB,BLACK
Cocks Standard,134-EB,.
Cocks Standard,134-H,BURGUNDY
Cocks Standard,134-H,GREEN
Cocks Standard,134-H,IVORY
Cocks Standard,134-H,M GREEN
Cocks Standard,134-H,PINK
Cocks Standard,134-H,WHITE
Cocks Standard,134-K,WHITE
Cocks Standard,134-LS,.
Cocks Standard,134-LSB,BLUE
Cocks Standard,134-O,BURGUNDY
Cocks Standard,134-O,GREEN
Cocks Standard,134-O,IVORY
Cocks Standard,134-O,M GREEN
Cocks Standard,134-O,PINK
Cocks Standard,134-O,WHITE
Cocks Standard,134-P,BURGUNDY
Cocks Standard,134-P,GREEN
Cocks Standard,134-P,IVORY
Cocks Standard,134-P,M GREEN
Cocks Standard,134-P,PINK
Cocks Standard,134-P,WHITE
Cocks Standard,134-Q,IVORY
Cocks Standard,134-Q,WHITE
Cocks Standard,134-R,BURGUNDY
Cocks Standard,134-R,GREEN
Cocks Standard,134-R,IVORY
Cocks Standard,134-R,M GREEN
Cocks Standard,134-R,PINK
Cocks Standard,134-R,WHITE
Cocks Standard,134-U,IVORY
Cocks Standard,134-U,WHITE
Cocks Standard,134.0,BURGUNDY
Cocks Standard,134.0,GREEN
Cocks Standard,134.0,IVORY
Cocks Standard,134.0,M GREEN
Cocks Standard,134.0,PINK
Cocks Standard,134.0,WHITE
Cocks Standard,1341.0,BURGUNDY
Cocks Standard,1341.0,GREEN
Cocks Standard,1341.0,IVORY
Cocks Standard,1341.0,M GREEN
Cocks Standard,1341.0,PINK
Cocks Standard,1341.0,WHITE
Cocks Standard,135-A,WHITE
Cocks Standard,135-AB,.
Cocks Standard,135-AP,IVORY
Cocks Standard,135-AS,.
Cocks Standard,135-B,IVORY
Cocks Standard,135-B,WHITE
Cocks Standard,135-C,BURGUNDY
Cocks Standard,135-C,GREEN
Cocks Standard,135-C,IVORY
Cocks Standard,135-C,M GREEN
Cocks Standard,135-C,PINK
Cocks Standard,135-C,WHITE
Cocks Standard,135-D,IVORY
Cocks Standard,135-D,WHITE
Cocks Standard,135-DB,BLACK
Cocks Standard,135-E,WHITE
Cocks Standard,135-EB,.
Cocks Standard,135-K,WHITE
Cocks Standard,135-P,BURGUNDY
Cocks Standard,135-P,GREEN
Cocks Standard,135-P,IVORY
Cocks Standard,135-P,M GREEN
Cocks Standard,135-P,PINK
Cocks Standard,135-P,WHITE
Cocks Standard,135-Q,IVORY
Cocks Standard,135-Q,WHITE
Cocks Standard,135-R,BURGUNDY
Cocks Standard,135-R,GREEN
Cocks Standard,135-R,IVORY
Cocks Standard,135-R,M GREEN
Cocks Standard,135-R,PINK
Cocks Standard,135-R,WHITE
Cocks Standard,135-U,WHITE
Cocks Standard,135.0,BURGUNDY
Cocks Standard,135.0,GREEN
Cocks Standard,135.0,IVORY
Cocks Standard,135.0,M GREEN
Cocks Standard,135.0,PINK
Cocks Standard,135.0,WHITE
Cocks Standard,1351.0,BURGUNDY
Cocks Standard,1351.0,GREEN
Cocks Standard,1351.0,IVORY
Cocks Standard,1351.0,M GREEN
Cocks Standard,1351.0,PINK
Cocks Standard,1351.0,WHITE
Cocks Standard,136.0,BURGUNDY
Cocks Standard,136.0,GREEN
Cocks Standard,136.0,IVORY
Cocks Standard,136.0,M GREEN
Cocks Standard,136.0,PINK
Cocks Standard,136.0,WHITE
Cocks Standard,137.0,BURGUNDY
Cocks Standard,137.0,GREEN
Cocks Standard,137.0,IVORY
Cocks Standard,137.0,M GREEN
Cocks Standard,137.0,PINK
Cocks Standard,137.0,WHITE
Cocks Standard,1374-A,WHITE
Cocks Standard,1374-AB,.
Cocks Standard,1374-APF,IVORY
Cocks Standard,1374-ASF,.
Cocks Standard,1374-B,WHITE
Cocks Standard,1374-C,.
Cocks Standard,1374-D,WHITE
Cocks Standard,1374-DB,.
Cocks Standard,1374-DG,.
Cocks Standard,1374-DP,.
Cocks Standard,1374-DR,.
Cocks Standard,1374-DW,.
Cocks Standard,1374-EBF,.
Cocks Standard,1374-K,WHITE
Cocks Standard,1374-LS,.
Cocks Standard,1374-LSB,BLUE
Cocks Standard,1374-SP,.
Cocks Standard,1375-A,WHITE
Cocks Standard,1375-AB,.
Cocks Standard,1375-APF,IVORY
Cocks Standard,1375-ASF,.
Cocks Standard,1375-B,BURGUNDY
Cocks Standard,1375-B,GREEN
Cocks Standard,1375-B,IVORY
Cocks Standard,1375-B,M GREEN
Cocks Standard,1375-B,PINK
Cocks Standard,1375-B,WHITE
Cocks Standard,1375-C,BURGUNDY
Cocks Standard,1375-C,GREEN
Cocks Standard,1375-C,IVORY
Cocks Standard,1375-C,M GREEN
Cocks Standard,1375-C,PINK
Cocks Standard,1375-C,WHITE
Cocks Standard,1375-D,BURGUNDY
Cocks Standard,1375-D,GREEN
Cocks Standard,1375-D,IVORY
Cocks Standard,1375-D,M GREEN
Cocks Standard,1375-D,PINK
Cocks Standard,1375-D,WHITE
Cocks Standard,1375-DB,BLACK
Cocks Standard,1375-E,IVORY
Cocks Standard,1375-E,WHITE
Cocks Standard,1375-EBF,WHITE
Cocks Standard,1375-H,IVORY
Cocks Standard,1375-H,WHITE
Cocks Standard,1375-I,IVORY
Cocks Standard,1375-I,WHITE
Cocks Standard,1375-K,WHITE
Cocks Standard,1375-L,WHITE
Cocks Standard,1375-LS,.
Cocks Standard,1375-LSB,BLUE
Cocks Standard,1375-O,BURGUNDY
Cocks Standard,1375-O,GREEN
Cocks Standard,1375-O,IVORY
Cocks Standard,1375-O,M GREEN
Cocks Standard,1375-O,PINK
Cocks Standard,1375-O,WHITE
Cocks Standard,1375-P,BURGUNDY
Cocks Standard,1375-P,GREEN
Cocks Standard,1375-P,IVORY
Cocks Standard,1375-P,M GREEN
Cocks Standard,1375-P,PINK
Cocks Standard,1375-P,WHITE
Cocks Standard,1375-Q,BURGUNDY
Cocks Standard,1375-Q,GREEN
Cocks Standard,1375-Q,IVORY
Cocks Standard,1375-Q,M GREEN
Cocks Standard,1375-Q,PINK
Cocks Standard,1375-Q,WHITE
Cocks Standard,1375-R,BURGUNDY
Cocks Standard,1375-R,GREEN
Cocks Standard,1375-R,IVORY
Cocks Standard,1375-R,M GREEN
Cocks Standard,1375-R,PINK
Cocks Standard,1375-R,WHITE
Cocks Standard,1375-S,BURGUNDY
Cocks Standard,1375-S,GREEN
Cocks Standard,1375-S,IVORY
Cocks Standard,1375-S,M GREEN
Cocks Standard,1375-S,PINK
Cocks Standard,1375-S,WHITE
Cocks Standard,1375-SF,IVORY
Cocks Standard,1375-SF,WHITE
Cocks Standard,1375-SP,IVORY
Cocks Standard,1375-SP,WHITE
Cocks Standard,1375-U,BURGUNDY
Cocks Standard,1375-U,GREEN
Cocks Standard,1375-U,IVORY
Cocks Standard,1375-U,M GREEN
Cocks Standard,1375-U,PINK
Cocks Standard,1375-U,WHITE
Cocks Standard,1375-V,BURGUNDY
Cocks Standard,1375-V,GREEN
Cocks Standard,1375-V,IVORY
Cocks Standard,1375-V,M GREEN
Cocks Standard,1375-V,PINK
Cocks Standard,1375-V,WHITE
Cocks Standard,1375.0,BURGUNDY
Cocks Standard,1375.0,GREEN
Cocks Standard,1375.0,IVORY
Cocks Standard,1375.0,M GREEN
Cocks Standard,1375.0,PINK
Cocks Standard,1375.0,WHITE
Cocks Standard,138.0,BURGUNDY
Cocks Standard,138.0,GREEN
Cocks Standard,138.0,IVORY
Cocks Standard,138.0,M GREEN
Cocks Standard,138.0,PINK
Cocks Standard,138.0,WHITE
Cocks Standard,139-M,BURGUNDY
Cocks Standard,139-M,GREEN
Cocks Standard,139-M,IVORY
Cocks Standard,139-M,M GREEN
Cocks Standard,139-M,PINK
Cocks Standard,139-M,WHITE
Cocks Standard,139.0,BURGUNDY
Cocks Standard,139.0,GREEN
Cocks Standard,139.0,IVORY
Cocks Standard,139.0,M GREEN
Cocks Standard,139.0,PINK
Cocks Standard,139.0,WHITE
Cocks Standard,1391-M,IVORY
Cocks Standard,1391-M,WHITE
Cocks Standard,1391.0,BURGUNDY
Cocks Standard,1391.0,GREEN
Cocks Standard,1391.0,IVORY
Cocks Standard,1391.0,M GREEN
Cocks Standard,1391.0,PINK
Cocks Standard,1391.0,WHITE
Cocks Standard,140.0,BURGUNDY
Cocks Standard,140.0,GREEN
Cocks Standard,140.0,IVORY
Cocks Standard,140.0,M GREEN
Cocks Standard,140.0,PINK
Cocks Standard,140.0,WHITE
Cocks Standard,141-A,WHITE
Cocks Standard,141-AB,.
Cocks Standard,141-ABN,.
Cocks Standard,141-AN,WHITE
Cocks Standard,141-C,BURGUNDY
Cocks Standard,141-C,GREEN
Cocks Standard,141-C,IVORY
Cocks Standard,141-C,M GREEN
Cocks Standard,141-C,PINK
Cocks Standard,141-C,WHITE
Cocks Standard,141-E,BURGUNDY
Cocks Standard,141-E,GREEN
Cocks Standard,141-E,IVORY
Cocks Standard,141-E,M GREEN
Cocks Standard,141-E,PINK
Cocks Standard,141-E,WHITE
Cocks Standard,141-H,BURGUNDY
Cocks Standard,141-H,GREEN
Cocks Standard,141-H,IVORY
Cocks Standard,141-H,M GREEN
Cocks Standard,141-H,PINK
Cocks Standard,141-H,WHITE
Cocks Standard,141-K,WHITE
Cocks Standard,141-LS,.
Cocks Standard,141-LSB,BLUE
Cocks Standard,141-N,BURGUNDY
Cocks Standard,141-N,GREEN
Cocks Standard,141-N,IVORY
Cocks Standard,141-N,M GREEN
Cocks Standard,141-N,PINK
Cocks Standard,141-N,WHITE
Cocks Standard,141-NP,BURGUNDY
Cocks Standard,141-NP,GREEN
Cocks Standard,141-NP,IVORY
Cocks Standard,141-NP,M GREEN
Cocks Standard,141-NP,PINK
Cocks Standard,141-NP,WHITE
Cocks Standard,141-O,BURGUNDY
Cocks Standard,141-O,GREEN
Cocks Standard,141-O,IVORY
Cocks Standard,141-O,M GREEN
Cocks Standard,141-O,PINK
Cocks Standard,141-O,WHITE
Cocks Standard,141-P,BURGUNDY
Cocks Standard,141-P,GREEN
Cocks Standard,141-P,IVORY
Cocks Standard,141-P,M GREEN
Cocks Standard,141-P,PINK
Cocks Standard,141-P,WHITE
Cocks Standard,141.0,BURGUNDY
Cocks Standard,141.0,GREEN
Cocks Standard,141.0,IVORY
Cocks Standard,141.0,M GREEN
Cocks Standard,141.0,PINK
Cocks Standard,141.0,WHITE
Cocks Standard,1411.0,BURGUNDY
Cocks Standard,1411.0,GREEN
Cocks Standard,1411.0,IVORY
Cocks Standard,1411.0,M GREEN
Cocks Standard,1411.0,PINK
Cocks Standard,1411.0,WHITE
Cocks Standard,142-A,WHITE
Cocks Standard,142-AB,.
Cocks Standard,142-C,BURGUNDY
Cocks Standard,142-C,GREEN
Cocks Standard,142-C,IVORY
Cocks Standard,142-C,M GREEN
Cocks Standard,142-C,PINK
Cocks Standard,142-C,WHITE
Cocks Standard,142-E,BURGUNDY
Cocks Standard,142-E,GREEN
Cocks Standard,142-E,IVORY
Cocks Standard,142-E,M GREEN
Cocks Standard,142-E,PINK
Cocks Standard,142-E,WHITE
Cocks Standard,142-H,BURGUNDY
Cocks Standard,142-H,GREEN
Cocks Standard,142-H,IVORY
Cocks Standard,142-H,M GREEN
Cocks Standard,142-H,PINK
Cocks Standard,142-H,WHITE
Cocks Standard,142-K,WHITE
Cocks Standard,142-LS,.
Cocks Standard,142-LSB,BLUE
Cocks Standard,142-O,BURGUNDY
Cocks Standard,142-O,GREEN
Cocks Standard,142-O,IVORY
Cocks Standard,142-O,M GREEN
Cocks Standard,142-O,PINK
Cocks Standard,142-O,WHITE
Cocks Standard,142-P,BURGUNDY
Cocks Standard,142-P,GREEN
Cocks Standard,142-P,IVORY
Cocks Standard,142-P,M GREEN
Cocks Standard,142-P,PINK
Cocks Standard,142-P,WHITE
Cocks Standard,142.0,BLUE
Cocks Standard,142.0,BURGUNDY
Cocks Standard,142.0,GREEN
Cocks Standard,142.0,IVORY
Cocks Standard,142.0,M GREEN
Cocks Standard,142.0,PINK
Cocks Standard,142.0,WHITE
Cocks Standard,1421.0,BURGUNDY
Cocks Standard,1421.0,GREEN
Cocks Standard,1421.0,IVORY
Cocks Standard,1421.0,M GREEN
Cocks Standard,1421.0,PINK
Cocks Standard,1421.0,WHITE
Cocks Standard,143-A,WHITE
Cocks Standard,143-AB,.
Cocks Standard,143-C,WHITE
Cocks Standard,143-E,BURGUNDY
Cocks Standard,143-E,GREEN
Cocks Standard,143-E,IVORY
Cocks Standard,143-E,M GREEN
Cocks Standard,143-E,PINK
Cocks Standard,143-E,WHITE
Cocks Standard,143-H,BURGUNDY
Cocks Standard,143-H,GREEN
Cocks Standard,143-H,IVORY
Cocks Standard,143-H,M GREEN
Cocks Standard,143-H,PINK
Cocks Standard,143-H,WHITE
Cocks Standard,143-LS,.
Cocks Standard,143-LSB,BLUE
Cocks Standard,143-O,BURGUNDY
Cocks Standard,143-O,GREEN
Cocks Standard,143-O,IVORY
Cocks Standard,143-O,M GREEN
Cocks Standard,143-O,PINK
Cocks Standard,143-O,WHITE
Cocks Standard,143-P,BURGUNDY
Cocks Standard,143-P,GREEN
Cocks Standard,143-P,IVORY
Cocks Standard,143-P,M GREEN
Cocks Standard,143-P,PINK
Cocks Standard,143-P,WHITE
Cocks Standard,143.0,BLUE
Cocks Standard,143.0,BURGUNDY
Cocks Standard,143.0,GREEN
Cocks Standard,143.0,IVORY
Cocks Standard,143.0,M GREEN
Cocks Standard,143.0,PINK
Cocks Standard,143.0,WHITE
Cocks Standard,1431.0,BURGUNDY
Cocks Standard,1431.0,GREEN
Cocks Standard,1431.0,IVORY
Cocks Standard,1431.0,M GREEN
Cocks Standard,1431.0,PINK
Cocks Standard,1431.0,WHITE
Cocks Standard,144-A,IVORY
Cocks Standard,144-A,WHITE
Cocks Standard,144-AB,.
Cocks Standard,144-AP,IVORY
Cocks Standard,144-AP,WHITE
Cocks Standard,144-AS,IVORY
Cocks Standard,144-AS,WHITE
Cocks Standard,144-B,BURGUNDY
Cocks Standard,144-B,GREEN
Cocks Standard,144-B,IVORY
Cocks Standard,144-B,M GREEN
Cocks Standard,144-B,PINK
Cocks Standard,144-B,WHITE
Cocks Standard,144-C,BURGUNDY
Cocks Standard,144-C,GREEN
Cocks Standard,144-C,IVORY
Cocks Standard,144-C,M GREEN
Cocks Standard,144-C,PINK
Cocks Standard,144-C,WHITE
Cocks Standard,144-D,BURGUNDY
Cocks Standard,144-D,GREEN
Cocks Standard,144-D,IVORY
Cocks Standard,144-D,M GREEN
Cocks Standard,144-D,PINK
Cocks Standard,144-D,WHITE
Cocks Standard,144-DB,BLACK
Cocks Standard,144-E,BURGUNDY
Cocks Standard,144-E,GREEN
Cocks Standard,144-E,IVORY
Cocks Standard,144-E,M GREEN
Cocks Standard,144-E,PINK
Cocks Standard,144-E,WHITE
Cocks Standard,144-EB,IVORY
Cocks Standard,144-EB,WHITE
Cocks Standard,144-H,BURGUNDY
Cocks Standard,144-H,GREEN
Cocks Standard,144-H,IVORY
Cocks Standard,144-H,M GREEN
Cocks Standard,144-H,PINK
Cocks Standard,144-H,WHITE
Cocks Standard,144-I,IVORY
Cocks Standard,144-I,WHITE
Cocks Standard,144-K,WHITE
Cocks Standard,144-L,WHITE
Cocks Standard,144-LS,WHITE
Cocks Standard,144-LSB,BLUE
Cocks Standard,144-N,IVORY
Cocks Standard,144-N,WHITE
Cocks Standard,144-O,BURGUNDY
Cocks Standard,144-O,GREEN
Cocks Standard,144-O,IVORY
Cocks Standard,144-O,M GREEN
Cocks Standard,144-O,PINK
Cocks Standard,144-O,WHITE
Cocks Standard,144-P,BURGUNDY
Cocks Standard,144-P,GREEN
Cocks Standard,144-P,IVORY
Cocks Standard,144-P,M GREEN
Cocks Standard,144-P,PINK
Cocks Standard,144-P,WHITE
Cocks Standard,144-Q,BURGUNDY
Cocks Standard,144-Q,GREEN
Cocks Standard,144-Q,IVORY
Cocks Standard,144-Q,M GREEN
Cocks Standard,144-Q,PINK
Cocks Standard,144-Q,WHITE
Cocks Standard,144-R,BURGUNDY
Cocks Standard,144-R,GREEN
Cocks Standard,144-R,IVORY
Cocks Standard,144-R,M GREEN
Cocks Standard,144-R,PINK
Cocks Standard,144-R,WHITE
Cocks Standard,144-S,BURGUNDY
Cocks Standard,144-S,GREEN
Cocks Standard,144-S,IVORY
Cocks Standard,144-S,M GREEN
Cocks Standard,144-S,PINK
Cocks Standard,144-S,WHITE
Cocks Standard,144-T,BURGUNDY
Cocks Standard,144-T,GREEN
Cocks Standard,144-T,IVORY
Cocks Standard,144-T,M GREEN
Cocks Standard,144-T,PINK
Cocks Standard,144-T,WHITE
Cocks Standard,144-U,BURGUNDY
Cocks Standard,144-U,GREEN
Cocks Standard,144-U,IVORY
Cocks Standard,144-U,M GREEN
Cocks Standard,144-U,PINK
Cocks Standard,144-U,WHITE
Cocks Standard,144-V,BURGUNDY
Cocks Standard,144-V,GREEN
Cocks Standard,144-V,IVORY
Cocks Standard,144-V,M GREEN
Cocks Standard,144-V,PINK
Cocks Standard,144-V,WHITE
Cocks Standard,144.0,BLUE
Cocks Standard,144.0,BURGUNDY
Cocks Standard,144.0,GREEN
Cocks Standard,144.0,IVORY
Cocks Standard,144.0,M GREEN
Cocks Standard,144.0,PINK
Cocks Standard,144.0,WHITE
Cocks Standard,1441.0,BURGUNDY
Cocks Standard,1441.0,GREEN
Cocks Standard,1441.0,IVORY
Cocks Standard,1441.0,M GREEN
Cocks Standard,1441.0,PINK
Cocks Standard,1441.0,WHITE
Cocks Standard,145-A,WHITE
Cocks Standard,145-AB,WHITE
Cocks Standard,145-AP,IVORY
Cocks Standard,145-AP,WHITE
Cocks Standard,145-AS,IVORY
Cocks Standard,145-AS,WHITE
Cocks Standard,145-B,BURGUNDY
Cocks Standard,145-B,GREEN
Cocks Standard,145-B,IVORY
Cocks Standard,145-B,M GREEN
Cocks Standard,145-B,PINK
Cocks Standard,145-B,WHITE
Cocks Standard,145-C,BURGUNDY
Cocks Standard,145-C,GREEN
Cocks Standard,145-C,IVORY
Cocks Standard,145-C,M GREEN
Cocks Standard,145-C,PINK
Cocks Standard,145-C,WHITE
Cocks Standard,145-D,BURGUNDY
Cocks Standard,145-D,GREEN
Cocks Standard,145-D,IVORY
Cocks Standard,145-D,M GREEN
Cocks Standard,145-D,PINK
Cocks Standard,145-D,WHITE
Cocks Standard,145-DB,BLACK
Cocks Standard,145-E,BURGUNDY
Cocks Standard,145-E,GREEN
Cocks Standard,145-E,IVORY
Cocks Standard,145-E,M GREEN
Cocks Standard,145-E,PINK
Cocks Standard,145-E,WHITE
Cocks Standard,145-EB,IVORY
Cocks Standard,145-EB,WHITE
Cocks Standard,145-H,BURGUNDY
Cocks Standard,145-H,GREEN
Cocks Standard,145-H,IVORY
Cocks Standard,145-H,M GREEN
Cocks Standard,145-H,PINK
Cocks Standard,145-H,WHITE
Cocks Standard,145-I,IVORY
Cocks Standard,145-I,WHITE
Cocks Standard,145-K,WHITE
Cocks Standard,145-L,WHITE
Cocks Standard,145-LS,WHITE
Cocks Standard,145-LSB,BLUE
Cocks Standard,145-N,IVORY
Cocks Standard,145-N,WHITE
Cocks Standard,145-O,BURGUNDY
Cocks Standard,145-O,GREEN
Cocks Standard,145-O,IVORY
Cocks Standard,145-O,M GREEN
Cocks Standard,145-O,PINK
Cocks Standard,145-O,WHITE
Cocks Standard,145-P,BURGUNDY
Cocks Standard,145-P,GREEN
Cocks Standard,145-P,IVORY
Cocks Standard,145-P,M GREEN
Cocks Standard,145-P,PINK
Cocks Standard,145-P,WHITE
Cocks Standard,145-Q,BURGUNDY
Cocks Standard,145-Q,GREEN
Cocks Standard,145-Q,IVORY
Cocks Standard,145-Q,M GREEN
Cocks Standard,145-Q,PINK
Cocks Standard,145-Q,WHITE
Cocks Standard,145-R,BURGUNDY
Cocks Standard,145-R,GREEN
Cocks Standard,145-R,IVORY
Cocks Standard,145-R,M GREEN
Cocks Standard,145-R,PINK
Cocks Standard,145-R,WHITE
Cocks Standard,145-S,BURGUNDY
Cocks Standard,145-S,GREEN
Cocks Standard,145-S,IVORY
Cocks Standard,145-S,M GREEN
Cocks Standard,145-S,PINK
Cocks Standard,145-S,WHITE
Cocks Standard,145-U,BURGUNDY
Cocks Standard,145-U,GREEN
Cocks Standard,145-U,IVORY
Cocks Standard,145-U,M GREEN
Cocks Standard,145-U,PINK
Cocks Standard,145-U,WHITE
Cocks Standard,145-V,BURGUNDY
Cocks Standard,145-V,GREEN
Cocks Standard,145-V,IVORY
Cocks Standard,145-V,M GREEN
Cocks Standard,145-V,PINK
Cocks Standard,145-V,WHITE
Cocks Standard,145.0,BLUE
Cocks Standard,145.0,BURGUNDY
Cocks Standard,145.0,GREEN
Cocks Standard,145.0,IVORY
Cocks Standard,145.0,M GREEN
Cocks Standard,145.0,PINK
Cocks Standard,145.0,WHITE
Cocks Standard,1451.0,BURGUNDY
Cocks Standard,1451.0,GREEN
Cocks Standard,1451.0,IVORY
Cocks Standard,1451.0,M GREEN
Cocks Standard,1451.0,PINK
Cocks Standard,1451.0,WHITE
Cocks Standard,146-A,WHITE
Cocks Standard,146-AB,.
Cocks Standard,146-B,BURGUNDY
Cocks Standard,146-B,GREEN
Cocks Standard,146-B,IVORY
Cocks Standard,146-B,M GREEN
Cocks Standard,146-B,PINK
Cocks Standard,146-B,WHITE
Cocks Standard,146-BO,BURGUNDY
Cocks Standard,146-BO,GREEN
Cocks Standard,146-BO,IVORY
Cocks Standard,146-BO,M GREEN
Cocks Standard,146-BO,PINK
Cocks Standard,146-BO,WHITE
Cocks Standard,146-BP,BURGUNDY
Cocks Standard,146-BP,GREEN
Cocks Standard,146-BP,IVORY
Cocks Standard,146-BP,M GREEN
Cocks Standard,146-BP,PINK
Cocks Standard,146-BP,WHITE
Cocks Standard,146-C,BURGUNDY
Cocks Standard,146-C,GREEN
Cocks Standard,146-C,IVORY
Cocks Standard,146-C,M GREEN
Cocks Standard,146-C,PINK
Cocks Standard,146-C,WHITE
Cocks Standard,146-DB,WHITE
Cocks Standard,146-E,BURGUNDY
Cocks Standard,146-E,GREEN
Cocks Standard,146-E,IVORY
Cocks Standard,146-E,M GREEN
Cocks Standard,146-E,PINK
Cocks Standard,146-E,WHITE
Cocks Standard,146-H,BURGUNDY
Cocks Standard,146-H,GREEN
Cocks Standard,146-H,IVORY
Cocks Standard,146-H,M GREEN
Cocks Standard,146-H,PINK
Cocks Standard,146-H,WHITE
Cocks Standard,146-HB,WHITE
Cocks Standard,146-K,WHITE
Cocks Standard,146-LS,.
Cocks Standard,146-LSB,BLUE
Cocks Standard,146-O,BURGUNDY
Cocks Standard,146-O,GREEN
Cocks Standard,146-O,IVORY
Cocks Standard,146-O,M GREEN
Cocks Standard,146-O,PINK
Cocks Standard,146-O,WHITE
Cocks Standard,146-P,BURGUNDY
Cocks Standard,146-P,GREEN
Cocks Standard,146-P,IVORY
Cocks Standard,146-P,M GREEN
Cocks Standard,146-P,PINK
Cocks Standard,146-P,WHITE
Cocks Standard,146.0,BURGUNDY
Cocks Standard,146.0,GREEN
Cocks Standard,146.0,IVORY
Cocks Standard,146.0,M GREEN
Cocks Standard,146.0,PINK
Cocks Standard,146.0,WHITE
Cocks Standard,1461.0,BURGUNDY
Cocks Standard,1461.0,GREEN
Cocks Standard,1461.0,IVORY
Cocks Standard,1461.0,M GREEN
Cocks Standard,1461.0,PINK
Cocks Standard,1461.0,WHITE
Cocks Standard,147-A,WHITE
Cocks Standard,147-AB,.
Cocks Standard,147-ABQ,.
Cocks Standard,147-AP,IVORY
Cocks Standard,147-AQ,WHITE
Cocks Standard,147-AS,IVORY
Cocks Standard,147-AS,WHITE
Cocks Standard,147-B,BURGUNDY
Cocks Standard,147-B,GREEN
Cocks Standard,147-B,IVORY
Cocks Standard,147-B,M GREEN
Cocks Standard,147-B,PINK
Cocks Standard,147-B,WHITE
Cocks Standard,147-BP,BURGUNDY
Cocks Standard,147-BP,GREEN
Cocks Standard,147-BP,IVORY
Cocks Standard,147-BP,M GREEN
Cocks Standard,147-BP,PINK
Cocks Standard,147-BP,WHITE
Cocks Standard,147-C,BURGUNDY
Cocks Standard,147-C,GREEN
Cocks Standard,147-C,IVORY
Cocks Standard,147-C,M GREEN
Cocks Standard,147-C,PINK
Cocks Standard,147-C,WHITE
Cocks Standard,147-CQ,BURGUNDY
Cocks Standard,147-CQ,GREEN
Cocks Standard,147-CQ,IVORY
Cocks Standard,147-CQ,M GREEN
Cocks Standard,147-CQ,PINK
Cocks Standard,147-CQ,WHITE
Cocks Standard,147-D,IVORY
Cocks Standard,147-D,WHITE
Cocks Standard,147-DB,BLACK
Cocks Standard,147-E,BURGUNDY
Cocks Standard,147-E,GREEN
Cocks Standard,147-E,IVORY
Cocks Standard,147-E,M GREEN
Cocks Standard,147-E,PINK
Cocks Standard,147-E,WHITE
Cocks Standard,147-EB,IVORY
Cocks Standard,147-EB,WHITE
Cocks Standard,147-EQ,BURGUNDY
Cocks Standard,147-EQ,GREEN
Cocks Standard,147-EQ,IVORY
Cocks Standard,147-EQ,M GREEN
Cocks Standard,147-EQ,PINK
Cocks Standard,147-EQ,WHITE
Cocks Standard,147-H,BURGUNDY
Cocks Standard,147-H,GREEN
Cocks Standard,147-H,IVORY
Cocks Standard,147-H,M GREEN
Cocks Standard,147-H,PINK
Cocks Standard,147-H,WHITE
Cocks Standard,147-HQ,WHITE
Cocks Standard,147-I,IVORY
Cocks Standard,147-I,WHITE
Cocks Standard,147-IQ,IVORY
Cocks Standard,147-IQ,WHITE
Cocks Standard,147-K,WHITE
Cocks Standard,147-KQ,WHITE
Cocks Standard,147-L,IVORY
Cocks Standard,147-L,WHITE
Cocks Standard,147-LQ,WHITE
Cocks Standard,147-LS,WHITE
Cocks Standard,147-LSB,BLUE
Cocks Standard,147-LSQ,.
Cocks Standard,147-LSQB,BLUE
Cocks Standard,147-O,BURGUNDY
Cocks Standard,147-O,GREEN
Cocks Standard,147-O,IVORY
Cocks Standard,147-O,M GREEN
Cocks Standard,147-O,PINK
Cocks Standard,147-O,WHITE
Cocks Standard,147-OSQ,BURGUNDY
Cocks Standard,147-OSQ,GREEN
Cocks Standard,147-OSQ,IVORY
Cocks Standard,147-OSQ,M GREEN
Cocks Standard,147-OSQ,PINK
Cocks Standard,147-OSQ,WHITE
Cocks Standard,147-P,BURGUNDY
Cocks Standard,147-P,GREEN
Cocks Standard,147-P,IVORY
Cocks Standard,147-P,M GREEN
Cocks Standard,147-P,PINK
Cocks Standard,147-P,WHITE
Cocks Standard,147-PQ,BURGUNDY
Cocks Standard,147-PQ,GREEN
Cocks Standard,147-PQ,IVORY
Cocks Standard,147-PQ,M GREEN
Cocks Standard,147-PQ,PINK
Cocks Standard,147-PQ,WHITE
Cocks Standard,147-R,BURGUNDY
Cocks Standard,147-R,GREEN
Cocks Standard,147-R,IVORY
Cocks Standard,147-R,M GREEN
Cocks Standard,147-R,PINK
Cocks Standard,147-R,WHITE
Cocks Standard,147-RQ,IVORY
Cocks Standard,147-RQ,WHITE
Cocks Standard,147-S,IVORY
Cocks Standard,147-S,WHITE
Cocks Standard,147-SQ,BURGUNDY
Cocks Standard,147-SQ,GREEN
Cocks Standard,147-SQ,IVORY
Cocks Standard,147-SQ,M GREEN
Cocks Standard,147-SQ,PINK
Cocks Standard,147-SQ,WHITE
Cocks Standard,147-V,BURGUNDY
Cocks Standard,147-V,GREEN
Cocks Standard,147-V,IVORY
Cocks Standard,147-V,M GREEN
Cocks Standard,147-V,PINK
Cocks Standard,147-V,WHITE
Cocks Standard,147.0,BURGUNDY
Cocks Standard,147.0,GREEN
Cocks Standard,147.0,IVORY
Cocks Standard,147.0,M GREEN
Cocks Standard,147.0,PINK
Cocks Standard,147.0,WHITE
Cocks Standard,1471-Q,BURGUNDY
Cocks Standard,1471-Q,GREEN
Cocks Standard,1471-Q,IVORY
Cocks Standard,1471-Q,M GREEN
Cocks Standard,1471-Q,PINK
Cocks Standard,1471-Q,WHITE
Cocks Standard,1471.0,BURGUNDY
Cocks Standard,1471.0,GREEN
Cocks Standard,1471.0,IVORY
Cocks Standard,1471.0,M GREEN
Cocks Standard,1471.0,PINK
Cocks Standard,1471.0,WHITE
Cocks Standard,148-A,WHITE
Cocks Standard,148-AB,.
Cocks Standard,148-B,BURGUNDY
Cocks Standard,148-B,GREEN
Cocks Standard,148-B,IVORY
Cocks Standard,148-B,M GREEN
Cocks Standard,148-B,PINK
Cocks Standard,148-B,WHITE
Cocks Standard,148-BO,BURGUNDY
Cocks Standard,148-BO,GREEN
Cocks Standard,148-BO,IVORY
Cocks Standard,148-BO,M GREEN
Cocks Standard,148-BO,PINK
Cocks Standard,148-BO,WHITE
Cocks Standard,148-BP,BURGUNDY
Cocks Standard,148-BP,GREEN
Cocks Standard,148-BP,IVORY
Cocks Standard,148-BP,M GREEN
Cocks Standard,148-BP,PINK
Cocks Standard,148-BP,WHITE
Cocks Standard,148-DB,WHITE
Cocks Standard,148-H,BURGUNDY
Cocks Standard,148-H,GREEN
Cocks Standard,148-H,IVORY
Cocks Standard,148-H,M GREEN
Cocks Standard,148-H,PINK
Cocks Standard,148-H,WHITE
Cocks Standard,148-HB,WHITE
Cocks Standard,148-LS,.
Cocks Standard,148-LSB,BLUE
Cocks Standard,148-O,BURGUNDY
Cocks Standard,148-O,GREEN
Cocks Standard,148-O,IVORY
Cocks Standard,148-O,M GREEN
Cocks Standard,148-O,PINK
Cocks Standard,148-O,WHITE
Cocks Standard,148-P,BURGUNDY
Cocks Standard,148-P,GREEN
Cocks Standard,148-P,IVORY
Cocks Standard,148-P,M GREEN
Cocks Standard,148-P,PINK
Cocks Standard,148-P,WHITE
Cocks Standard,148.0,BURGUNDY
Cocks Standard,148.0,GREEN
Cocks Standard,148.0,IVORY
Cocks Standard,148.0,M GREEN
Cocks Standard,148.0,PINK
Cocks Standard,148.0,WHITE
Cocks Standard,1481.0,BURGUNDY
Cocks Standard,1481.0,GREEN
Cocks Standard,1481.0,IVORY
Cocks Standard,1481.0,M GREEN
Cocks Standard,1481.0,PINK
Cocks Standard,1481.0,WHITE
Cocks Standard,149-A,IVORY
Cocks Standard,149-A,WHITE
Cocks Standard,149-AB,.
Cocks Standard,149-AP,IVORY
Cocks Standard,149-AS,IVORY
Cocks Standard,149-AS,WHITE
Cocks Standard,149-B,BURGUNDY
Cocks Standard,149-B,GREEN
Cocks Standard,149-B,IVORY
Cocks Standard,149-B,M GREEN
Cocks Standard,149-B,PINK
Cocks Standard,149-B,WHITE
Cocks Standard,149-E,IVORY
Cocks Standard,149-E,WHITE
Cocks Standard,149-EB,IVORY
Cocks Standard,149-EB,WHITE
Cocks Standard,149-LS,.
Cocks Standard,149-LSB,BLUE
Cocks Standard,149-N,BURGUNDY
Cocks Standard,149-N,GREEN
Cocks Standard,149-N,IVORY
Cocks Standard,149-N,M GREEN
Cocks Standard,149-N,PINK
Cocks Standard,149-N,WHITE
Cocks Standard,149-NP,BURGUNDY
Cocks Standard,149-NP,GREEN
Cocks Standard,149-NP,IVORY
Cocks Standard,149-NP,M GREEN
Cocks Standard,149-NP,PINK
Cocks Standard,149-NP,WHITE
Cocks Standard,149-O,BURGUNDY
Cocks Standard,149-O,GREEN
Cocks Standard,149-O,IVORY
Cocks Standard,149-O,M GREEN
Cocks Standard,149-O,PINK
Cocks Standard,149-O,WHITE
Cocks Standard,149-S,BURGUNDY
Cocks Standard,149-S,GREEN
Cocks Standard,149-S,IVORY
Cocks Standard,149-S,M GREEN
Cocks Standard,149-S,PINK
Cocks Standard,149-S,WHITE
Cocks Standard,149-V,BURGUNDY
Cocks Standard,149-V,GREEN
Cocks Standard,149-V,IVORY
Cocks Standard,149-V,M GREEN
Cocks Standard,149-V,PINK
Cocks Standard,149-V,WHITE
Cocks Standard,1491-C,BURGUNDY
Cocks Standard,1491-C,GREEN
Cocks Standard,1491-C,IVORY
Cocks Standard,1491-C,M GREEN
Cocks Standard,1491-C,PINK
Cocks Standard,1491-C,WHITE
Cocks Standard,1491-H,BURGUNDY
Cocks Standard,1491-H,GREEN
Cocks Standard,1491-H,IVORY
Cocks Standard,1491-H,M GREEN
Cocks Standard,1491-H,PINK
Cocks Standard,1491-H,WHITE
Cocks Standard,1491-K,WHITE
Cocks Standard,1491.0,BURGUNDY
Cocks Standard,1491.0,GREEN
Cocks Standard,1491.0,IVORY
Cocks Standard,1491.0,M GREEN
Cocks Standard,1491.0,PINK
Cocks Standard,1491.0,WHITE
Cocks Standard,150-A,WHITE
Cocks Standard,150-AB,.
Cocks Standard,150-C,BURGUNDY
Cocks Standard,150-C,GREEN
Cocks Standard,150-C,IVORY
Cocks Standard,150-C,M GREEN
Cocks Standard,150-C,PINK
Cocks Standard,150-C,WHITE
Cocks Standard,150-D,WHITE
Cocks Standard,150-DB,BLACK
Cocks Standard,150-E,BURGUNDY
Cocks Standard,150-E,GREEN
Cocks Standard,150-E,IVORY
Cocks Standard,150-E,M GREEN
Cocks Standard,150-E,PINK
Cocks Standard,150-E,WHITE
Cocks Standard,150-H,BURGUNDY
Cocks Standard,150-H,GREEN
Cocks Standard,150-H,IVORY
Cocks Standard,150-H,M GREEN
Cocks Standard,150-H,PINK
Cocks Standard,150-H,WHITE
Cocks Standard,150-I,IVORY
Cocks Standard,150-I,WHITE
Cocks Standard,150-K,WHITE
Cocks Standard,150-LS,.
Cocks Standard,150-LSB,BLUE
Cocks Standard,150-O,BURGUNDY
Cocks Standard,150-O,GREEN
Cocks Standard,150-O,IVORY
Cocks Standard,150-O,M GREEN
Cocks Standard,150-O,PINK
Cocks Standard,150-O,WHITE
Cocks Standard,150-P,BURGUNDY
Cocks Standard,150-P,GREEN
Cocks Standard,150-P,IVORY
Cocks Standard,150-P,M GREEN
Cocks Standard,150-P,PINK
Cocks Standard,150-P,WHITE
Cocks Standard,150-Q,IVORY
Cocks Standard,150-Q,WHITE
Cocks Standard,150-R,IVORY
Cocks Standard,150-R,WHITE
Cocks Standard,150-U,WHITE
Cocks Standard,150.0,BURGUNDY
Cocks Standard,150.0,GREEN
Cocks Standard,150.0,IVORY
Cocks Standard,150.0,M GREEN
Cocks Standard,150.0,PINK
Cocks Standard,150.0,WHITE
Cocks Standard,1501.0,BURGUNDY
Cocks Standard,1501.0,GREEN
Cocks Standard,1501.0,IVORY
Cocks Standard,1501.0,M GREEN
Cocks Standard,1501.0,PINK
Cocks Standard,1501.0,WHITE
Cocks Standard,186.0,IVORY
Cocks Standard,186.0,WHITE
Cocks Standard,1861.0,IVORY
Cocks Standard,1861.0,WHITE
Cocks Standard,400-I,IVORY
Cocks Standard,400-I,WHITE
Cocks Standard,400-Q,BURGUNDY
Cocks Standard,400-Q,GREEN
Cocks Standard,400-Q,IVORY
Cocks Standard,400-Q,M GREEN
Cocks Standard,400-Q,PINK
Cocks Standard,400-Q,WHITE
Cocks Standard,400-R,BURGUNDY
Cocks Standard,400-R,GREEN
Cocks Standard,400-R,IVORY
Cocks Standard,400-R,M GREEN
Cocks Standard,400-R,PINK
Cocks Standard,400-R,WHITE
Cocks Premium,121-HG,0
Cocks Premium,121-HP,0
Cocks Premium,121-HR,223
Cocks Premium,121-HW,0
Cocks Premium,121-IG,
Cocks Premium,121-IP,
Cocks Premium,121-IR,
Cocks Premium,121-IW,
Cocks Premium,121-LG,
Cocks Premium,121-LP,
Cocks Premium,121-LR,
Cocks Premium,121-LW,
Cocks Premium,121-RG,0
Cocks Premium,121-RP,0
Cocks Premium,121-RR,0
Cocks Premium,121-RW,0
Cocks Premium,121-SG,0
Cocks Premium,121-SP,0
Cocks Premium,121-SR,0
Cocks Premium,121-SW,0
Cocks Premium,121-VG,0
Cocks Premium,121-VP,0
Cocks Premium,121-VR,0
Cocks Premium,121-VW,0
Cocks Premium,123-DG,33
Cocks Premium,123-DP,0
Cocks Premium,123-DR,61
Cocks Premium,123-DW,0
Cocks Premium,123-FH,IVORY
Cocks Premium,123-FHG,0
Cocks Premium,123-FHP,0
Cocks Premium,123-FHR,0
Cocks Premium,123-FHW,0
Cocks Premium,123-HG,0
Cocks Premium,123-HN,0
Cocks Premium,123-HNG,0
Cocks Premium,123-HNP,0
Cocks Premium,123-HNR,0
Cocks Premium,123-HNW,0
Cocks Premium,123-HP,0
Cocks Premium,123-HR,0
Cocks Premium,123-HW,0
Cocks Premium,123-IG,
Cocks Premium,123-IP,
Cocks Premium,123-IR,
Cocks Premium,123-IW,
Cocks Premium,123-LG,
Cocks Premium,123-LP,
Cocks Premium,123-LR,
Cocks Premium,123-LW,
Cocks Premium,123-NNB,
Cocks Premium,123-NNG,
Cocks Premium,123-NNP,
Cocks Premium,123-NNR,
Cocks Premium,123-NNW,
Cocks Premium,123-QG,27
Cocks Premium,123-QP,0
Cocks Premium,123-QR,376
Cocks Premium,123-QW,0
Cocks Premium,123-RG,17
Cocks Premium,123-RP,0
Cocks Premium,123-RR,0
Cocks Premium,123-RW,0
Cocks Premium,123-UG,0
Cocks Premium,123-UP,0
Cocks Premium,123-UR,88
Cocks Premium,123-UW,0
Cocks Premium,124-DP,0
Cocks Premium,124-FH,IVORY
Cocks Premium,124-FHG,0
Cocks Premium,124-FHP,0
Cocks Premium,124-FHR,0
Cocks Premium,124-FHW,0
Cocks Premium,124-HG,0
Cocks Premium,124-HP,0
Cocks Premium,124-HR,0
Cocks Premium,124-HW,0
Cocks Premium,124-IG,
Cocks Premium,124-IP,
Cocks Premium,124-IR,
Cocks Premium,124-IW,
Cocks Premium,124-LG,
Cocks Premium,124-LP,
Cocks Premium,124-LR,
Cocks Premium,124-LW,
Cocks Premium,124-NB,
Cocks Premium,124-NG,
Cocks Premium,124-NP,
Cocks Premium,124-NR,
Cocks Premium,124-NW,
Cocks Premium,124-RG,0
Cocks Premium,124-RP,0
Cocks Premium,124-RR,0
Cocks Premium,124-RW,0
Cocks Premium,124-SG,0
Cocks Premium,124-SP,0
Cocks Premium,124-SR,0
Cocks Premium,124-SW,0
Cocks Premium,124-UG,0
Cocks Premium,124-UP,
Cocks Premium,124-UR,32
Cocks Premium,124-UW,0
Cocks Premium,124-VG,0
Cocks Premium,124-VP,54
Cocks Premium,124-VR,0
Cocks Premium,124-VW,0
Cocks Premium,127-HG,0
Cocks Premium,127-HP,0
Cocks Premium,127-HR,0
Cocks Premium,127-HW,0
Cocks Premium,127-SG,0
Cocks Premium,127-SP,0
Cocks Premium,127-SR,0
Cocks Premium,127-SW,0
Cocks Premium,127-VG,0
Cocks Premium,127-VP,0
Cocks Premium,127-VR,0
Cocks Premium,127-VW,0
Cocks Premium,129-DG,0
Cocks Premium,129-DP,0
Cocks Premium,129-DR,0
Cocks Premium,129-DW,0
Cocks Premium,129-HG,0
Cocks Premium,129-HP,0
Cocks Premium,129-HR,99
Cocks Premium,129-HW,0
Cocks Premium,129-IG,
Cocks Premium,129-IP,
Cocks Premium,129-IR,
Cocks Premium,129-IW,
Cocks Premium,129-LG,
Cocks Premium,129-LP,
Cocks Premium,129-LR,
Cocks Premium,129-LW,
Cocks Premium,129-NB,
Cocks Premium,129-NG,
Cocks Premium,129-NP,
Cocks Premium,129-NR,
Cocks Premium,129-NW,
Cocks Premium,129-QG,0
Cocks Premium,129-QP,0
Cocks Premium,129-QR,107
Cocks Premium,129-QW,0
Cocks Premium,129-RG,0
Cocks Premium,129-RP,0
Cocks Premium,129-RR,0
Cocks Premium,129-RW,0
Cocks Premium,129-SG,0
Cocks Premium,129-SP,0
Cocks Premium,129-SR,0
Cocks Premium,129-SW,0
Cocks Premium,129-UG,0
Cocks Premium,129-UP,0
Cocks Premium,129-UR,0
Cocks Premium,129-UW,0
Cocks Premium,129-VG,0
Cocks Premium,129-VP,14
Cocks Premium,129-VR,0
Cocks Premium,129-VW,0
Cocks Premium,130-DG,0
Cocks Premium,130-DP,0
Cocks Premium,130-DR,0
Cocks Premium,130-DW,0
Cocks Premium,130-HG,0
Cocks Premium,130-HP,0
Cocks Premium,130-HR,0
Cocks Premium,130-HW,0
Cocks Premium,130-IG,
Cocks Premium,130-IP,
Cocks Premium,130-IR,
Cocks Premium,130-IW,
Cocks Premium,130-LG,
Cocks Premium,130-LP,
Cocks Premium,130-LR,
Cocks Premium,130-LW,
Cocks Premium,130-NB,
Cocks Premium,130-NG,
Cocks Premium,130-NP,
Cocks Premium,130-NR,
Cocks Premium,130-NW,
Cocks Premium,130-QG,0
Cocks Premium,130-QP,0
Cocks Premium,130-QR,36
Cocks Premium,130-QW,0
Cocks Premium,130-RG,0
Cocks Premium,130-RN,34
Cocks Premium,130-RNG,0
Cocks Premium,130-RNP,0
Cocks Premium,130-RNR,0
Cocks Premium,130-RNW,0
Cocks Premium,130-RP,0
Cocks Premium,130-RR,0
Cocks Premium,130-RW,0
Cocks Premium,130-SG,0
Cocks Premium,130-SP,0
Cocks Premium,130-SR,0
Cocks Premium,130-SW,0
Cocks Premium,130-UG,0
Cocks Premium,130-UP,30
Cocks Premium,130-UR,13
Cocks Premium,130-UW,0
Cocks Premium,130-VG,0
Cocks Premium,130-VP,60
Cocks Premium,130-VR,0
Cocks Premium,130-VW,0
Cocks Premium,131-HG,0
Cocks Premium,131-HP,0
Cocks Premium,131-HR,0
Cocks Premium,131-HW,0
Cocks Premium,131-IG,
Cocks Premium,131-IP,
Cocks Premium,131-IR,
Cocks Premium,131-IW,
Cocks Premium,131-LG,
Cocks Premium,131-LP,
Cocks Premium,131-LR,
Cocks Premium,131-LW,
Cocks Premium,1311-HG,0
Cocks Premium,1311-HP,0
Cocks Premium,1311-HR,0
Cocks Premium,1311-HW,0
Cocks Premium,132-DG,0
Cocks Premium,132-DP,0
Cocks Premium,132-DR,0
Cocks Premium,132-DW,0
Cocks Premium,132-HG,0
Cocks Premium,132-HP,0
Cocks Premium,132-HR,0
Cocks Premium,132-HW,0
Cocks Premium,132-IG,
Cocks Premium,132-IP,
Cocks Premium,132-IR,
Cocks Premium,132-IW,
Cocks Premium,132-LG,
Cocks Premium,132-LP,
Cocks Premium,132-LR,
Cocks Premium,132-LW,
Cocks Premium,132-NB,
Cocks Premium,132-NG,
Cocks Premium,132-NP,
Cocks Premium,132-NR,
Cocks Premium,132-NW,
Cocks Premium,132-QG,0
Cocks Premium,132-QP,0
Cocks Premium,132-QR,62
Cocks Premium,132-QW,0
Cocks Premium,132-RG,0
Cocks Premium,132-RP,0
Cocks Premium,132-RR,0
Cocks Premium,132-RW,3
Cocks Premium,132-SG,0
Cocks Premium,132-SP,0
Cocks Premium,132-SR,0
Cocks Premium,132-SW,0
Cocks Premium,132-UG,0
Cocks Premium,132-UP,0
Cocks Premium,132-UR,9
Cocks Premium,132-UW,0
Cocks Premium,132-VG,0
Cocks Premium,132-VP,0
Cocks Premium,132-VR,0
Cocks Premium,132-VW,0
Cocks Premium,1322-DG,
Cocks Premium,1322-DP,
Cocks Premium,1322-DR,
Cocks Premium,1322-DW,
Cocks Premium,1322-HN,0
Cocks Premium,1322-HNG,0
Cocks Premium,1322-HNP,0
Cocks Premium,1322-HNR,0
Cocks Premium,1322-HNW,0
Cocks Premium,1322-SG,0
Cocks Premium,1322-SP,0
Cocks Premium,1322-SR,0
Cocks Premium,1322-SW,0
Cocks Premium,1322-VG,0
Cocks Premium,1322-VP,78
Cocks Premium,1322-VR,0
Cocks Premium,1322-VW,0
Cocks Premium,133-DG,0
Cocks Premium,133-DP,0
Cocks Premium,133-DR,0
Cocks Premium,133-DW,0
Cocks Premium,133-HG,0
Cocks Premium,133-HP,0
Cocks Premium,133-HR,0
Cocks Premium,133-HW,0
Cocks Premium,133-IG,
Cocks Premium,133-IP,
Cocks Premium,133-IR,
Cocks Premium,133-IW,
Cocks Premium,133-LG,
Cocks Premium,133-LP,
Cocks Premium,133-LR,
Cocks Premium,133-LW,
Cocks Premium,133-NB,
Cocks Premium,133-NG,
Cocks Premium,133-NP,
Cocks Premium,133-NR,
Cocks Premium,133-NW,
Cocks Premium,133-QG,0
Cocks Premium,133-QP,0
Cocks Premium,133-QR,0
Cocks Premium,133-QW,0
Cocks Premium,133-RG,0
Cocks Premium,133-RP,0
Cocks Premium,133-RR,0
Cocks Premium,133-RW,0
Cocks Premium,133-SG,0
Cocks Premium,133-SP,0
Cocks Premium,133-SR,0
Cocks Premium,133-SW,0
Cocks Premium,133-UG,0
Cocks Premium,133-UP,0
Cocks Premium,133-UR,0
Cocks Premium,133-UW,0
Cocks Premium,133-VG,0
Cocks Premium,133-VP,39
Cocks Premium,133-VR,0
Cocks Premium,133-VW,0
Cocks Premium,134-DG,
Cocks Premium,134-DP,
Cocks Premium,134-DR,
Cocks Premium,134-DW,
Cocks Premium,134-HG,0
Cocks Premium,134-HP,0
Cocks Premium,134-HR,0
Cocks Premium,134-HW,0
Cocks Premium,134-QG,
Cocks Premium,134-QP,
Cocks Premium,134-QR,
Cocks Premium,134-QW,
Cocks Premium,134-RG,0
Cocks Premium,134-RP,0
Cocks Premium,134-RR,20
Cocks Premium,134-RW,0
Cocks Premium,134-UG,
Cocks Premium,134-UP,
Cocks Premium,134-UR,
Cocks Premium,134-UW,
Cocks Premium,134-VG,
Cocks Premium,134-VP,
Cocks Premium,134-VR,
Cocks Premium,134-VW,
Cocks Premium,135-DG,
Cocks Premium,135-DP,
Cocks Premium,135-DR,
Cocks Premium,135-DW,
Cocks Premium,135-QG,
Cocks Premium,135-QP,
Cocks Premium,135-QR,
Cocks Premium,135-QW,
Cocks Premium,135-RG,0
Cocks Premium,135-RP,0
Cocks Premium,135-RR,26
Cocks Premium,135-RW,0
Cocks Premium,135-UG,
Cocks Premium,135-UP,
Cocks Premium,135-UR,
Cocks Premium,135-UW,
Cocks Premium,135-VG,
Cocks Premium,135-VP,
Cocks Premium,135-VR,
Cocks Premium,135-VW,
Cocks Premium,1375-DG,3
Cocks Premium,1375-DP,0
Cocks Premium,1375-DR,0
Cocks Premium,1375-DW,0
Cocks Premium,1375-HG,
Cocks Premium,1375-HP,
Cocks Premium,1375-HR,
Cocks Premium,1375-HW,
Cocks Premium,1375-IG,
Cocks Premium,1375-IP,
Cocks Premium,1375-IR,
Cocks Premium,1375-IW,
Cocks Premium,1375-LG,
Cocks Premium,1375-LP,
Cocks Premium,1375-LR,
Cocks Premium,1375-LW,
Cocks Premium,1375-QG,14
Cocks Premium,1375-QP,0
Cocks Premium,1375-QR,21
Cocks Premium,1375-QW,0
Cocks Premium,1375-RG,4
Cocks Premium,1375-RP,0
Cocks Premium,1375-RR,12
Cocks Premium,1375-RW,0
Cocks Premium,1375-SFG,
Cocks Premium,1375-SFP,
Cocks Premium,1375-SFR,
Cocks Premium,1375-SFW,
Cocks Premium,1375-SG,0
Cocks Premium,1375-SP,IVORY
Cocks Premium,1375-SR,0
Cocks Premium,1375-SW,0
Cocks Premium,1375-UG,0
Cocks Premium,1375-UP,0
Cocks Premium,1375-UR,21
Cocks Premium,1375-UW,0
Cocks Premium,1375-VG,0
Cocks Premium,1375-VP,5
Cocks Premium,1375-VR,0
Cocks Premium,1375-VW,0
Cocks Premium,141-HG,0
Cocks Premium,141-HP,0
Cocks Premium,141-HR,0
Cocks Premium,141-HW,0
Cocks Premium,142-HG,0
Cocks Premium,142-HP,0
Cocks Premium,142-HR,0
Cocks Premium,142-HW,0
Cocks Premium,143-HG,0
Cocks Premium,143-HP,0
Cocks Premium,143-HR,0
Cocks Premium,143-HW,0
Cocks Premium,144-DG,0
Cocks Premium,144-DP,0
Cocks Premium,144-DR,0
Cocks Premium,144-DW,0
Cocks Premium,144-HG,0
Cocks Premium,144-HP,0
Cocks Premium,144-HR,0
Cocks Premium,144-HW,0
Cocks Premium,144-IG,
Cocks Premium,144-IP,
Cocks Premium,144-IR,
Cocks Premium,144-IW,
Cocks Premium,144-LG,
Cocks Premium,144-LP,
Cocks Premium,144-LR,
Cocks Premium,144-LW,
Cocks Premium,144-NB,
Cocks Premium,144-NG,
Cocks Premium,144-NP,
Cocks Premium,144-NR,
Cocks Premium,144-NW,
Cocks Premium,144-QG,0
Cocks Premium,144-QP,0
Cocks Premium,144-QR,0
Cocks Premium,144-QW,0
Cocks Premium,144-RG,0
Cocks Premium,144-RP,0
Cocks Premium,144-RR,14
Cocks Premium,144-RW,0
Cocks Premium,144-SG,0
Cocks Premium,144-SP,0
Cocks Premium,144-SR,0
Cocks Premium,144-SW,0
Cocks Premium,144-UG,0
Cocks Premium,144-UP,0
Cocks Premium,144-UR,16
Cocks Premium,144-UW,0
Cocks Premium,144-VG,0
Cocks Premium,144-VP,53
Cocks Premium,144-VR,0
Cocks Premium,144-VW,0
Cocks Premium,145-DG,10
Cocks Premium,145-DP,0
Cocks Premium,145-DR,0
Cocks Premium,145-DW,0
Cocks Premium,145-HG,0
Cocks Premium,145-HP,0
Cocks Premium,145-HR,0
Cocks Premium,145-HW,0
Cocks Premium,145-IG,
Cocks Premium,145-IP,
Cocks Premium,145-IR,
Cocks Premium,145-IW,
Cocks Premium,145-LG,
Cocks Premium,145-LP,
Cocks Premium,145-LR,
Cocks Premium,145-LW,
Cocks Premium,145-NB,
Cocks Premium,145-NG,
Cocks Premium,145-NP,
Cocks Premium,145-NR,
Cocks Premium,145-NW,
Cocks Premium,145-QG,0
Cocks Premium,145-QP,0
Cocks Premium,145-QR,9
Cocks Premium,145-QW,0
Cocks Premium,145-RG,0
Cocks Premium,145-RP,0
Cocks Premium,145-RR,0
Cocks Premium,145-RW,0
Cocks Premium,145-SG,0
Cocks Premium,145-SP,0
Cocks Premium,145-SR,0
Cocks Premium,145-SW,0
Cocks Premium,145-UG,0
Cocks Premium,145-UP,0
Cocks Premium,145-UR,17
Cocks Premium,145-UW,0
Cocks Premium,145-VG,0
Cocks Premium,145-VP,0
Cocks Premium,145-VR,0
Cocks Premium,145-VW,0
Cocks Premium,146-HB,0
Cocks Premium,146-HG,0
Cocks Premium,146-HP,0
Cocks Premium,146-HR,0
Cocks Premium,146-HW,0
Cocks Premium,147-DG,
Cocks Premium,147-DP,
Cocks Premium,147-DR,
Cocks Premium,147-DW,
Cocks Premium,147-HG,0
Cocks Premium,147-HP,0
Cocks Premium,147-HQ,0
Cocks Premium,147-HQG,0
Cocks Premium,147-HQP,0
Cocks Premium,147-HQR,0
Cocks Premium,147-HQW,0
Cocks Premium,147-HR,0
Cocks Premium,147-HW,0
Cocks Premium,147-IG,
Cocks Premium,147-IP,
Cocks Premium,147-IQG,
Cocks Premium,147-IQP,
Cocks Premium,147-IQR,
Cocks Premium,147-IQW,
Cocks Premium,147-IR,
Cocks Premium,147-IW,
Cocks Premium,147-LG,
Cocks Premium,147-LP,
Cocks Premium,147-LQG,
Cocks Premium,147-LQP,
Cocks Premium,147-LQR,
Cocks Premium,147-LQW,
Cocks Premium,147-LR,
Cocks Premium,147-LW,
Cocks Premium,147-RG,0
Cocks Premium,147-RP,0
Cocks Premium,147-RQ,0
Cocks Premium,147-RQG,0
Cocks Premium,147-RQP,0
Cocks Premium,147-RQR,0
Cocks Premium,147-RQW,0
Cocks Premium,147-RR,0
Cocks Premium,147-RW,0
Cocks Premium,147-SG,
Cocks Premium,147-SP,
Cocks Premium,147-SR,
Cocks Premium,147-SW,
Cocks Premium,147-VG,0
Cocks Premium,147-VP,0
Cocks Premium,147-VR,0
Cocks Premium,147-VW,0
Cocks Premium,148-HB,0
Cocks Premium,148-HG,0
Cocks Premium,148-HP,0
Cocks Premium,148-HR,0
Cocks Premium,148-HW,0
Cocks Premium,149-SG,0
Cocks Premium,149-SP,0
Cocks Premium,149-SR,0
Cocks Premium,149-SW,0
Cocks Premium,149-VG,0
Cocks Premium,149-VP,112
Cocks Premium,149-VR,0
Cocks Premium,149-VW,0
Cocks Premium,1491-HG,0
Cocks Premium,1491-HP,0
Cocks Premium,1491-HR,0
Cocks Premium,1491-HW,0
Cocks Premium,150-DG,
Cocks Premium,150-DP,
Cocks Premium,150-DR,
Cocks Premium,150-DW,
Cocks Premium,150-HG,0
Cocks Premium,150-HP,0
Cocks Premium,150-HR,0
Cocks Premium,150-HW,0
Cocks Premium,150-IG,
Cocks Premium,150-IP,
Cocks Premium,150-IR,
Cocks Premium,150-IW,
Cocks Premium,150-QG,
Cocks Premium,150-QP,
Cocks Premium,150-QR,
Cocks Premium,150-QW,
Cocks Premium,150-RG,
Cocks Premium,150-RP,
Cocks Premium,150-RR,
Cocks Premium,150-RW,
Cocks Premium,150-UG,
Cocks Premium,150-UP,
Cocks Premium,150-UR,
Cocks Premium,150-UW,
Cocks Premium,400-IG,
Cocks Premium,400-IP,
Cocks Premium,400-IR,
Cocks Premium,400-IW,
Cocks Premium,400-QG,0
Cocks Premium,400-QP,0
Cocks Premium,400-QR,0
Cocks Premium,400-QW,0
Cocks Premium,400-RG,0
Cocks Premium,400-RP,0
Cocks Premium,400-RR,0
Cocks Premium,400-RW,0
Faucets & Jetsprays & Shower,126-SQ,.
Faucets & Jetsprays & Shower,126-SQ,IVORY
Faucets & Jetsprays & Shower,126-SQ,PINK
Faucets & Jetsprays & Shower,126-SQ,WHITE
Faucets & Jetsprays & Shower,180,IVORY
Faucets & Jetsprays & Shower,180,PINK
Faucets & Jetsprays & Shower,180,WHITE
Faucets & Jetsprays & Shower,180-A,IVORY
Faucets & Jetsprays & Shower,180-A,PINK
Faucets & Jetsprays & Shower,180-A,WHITE
Faucets & Jetsprays & Shower,180-B,IVORY
Faucets & Jetsprays & Shower,180-B,PINK
Faucets & Jetsprays & Shower,180-B,WHITE
Faucets & Jetsprays & Shower,181,IVORY
Faucets & Jetsprays & Shower,181,PINK
Faucets & Jetsprays & Shower,181,WHITE
Faucets & Jetsprays & Shower,181-C,BLUE
Faucets & Jetsprays & Shower,181-C,GREEN
Faucets & Jetsprays & Shower,181-C,IVORY
Faucets & Jetsprays & Shower,181-C,PINK
Faucets & Jetsprays & Shower,181-C,WHITE
Faucets & Jetsprays & Shower,1811,IVORY
Faucets & Jetsprays & Shower,1811,PINK
Faucets & Jetsprays & Shower,1811,WHITE
Faucets & Jetsprays & Shower,1811-C,IVORY
Faucets & Jetsprays & Shower,1811-C,PINK
Faucets & Jetsprays & Shower,1811-C,WHITE
Faucets & Jetsprays & Shower,1811N-C,IVORY
Faucets & Jetsprays & Shower,1811N-C,PINK
Faucets & Jetsprays & Shower,1811N-C,WHITE
Faucets & Jetsprays & Shower,1813,IVORY
Faucets & Jetsprays & Shower,1813,PINK
Faucets & Jetsprays & Shower,1813,WHITE
Faucets & Jetsprays & Shower,1813-B,IVORY
Faucets & Jetsprays & Shower,1813-B,PINK
Faucets & Jetsprays & Shower,1813-B,WHITE
Faucets & Jetsprays & Shower,1813-BG,GOLD
Faucets & Jetsprays & Shower,1813-BP,PEACH
Faucets & Jetsprays & Shower,1813-BR,R BLUE
Faucets & Jetsprays & Shower,1813-C,BLUE
Faucets & Jetsprays & Shower,1813-C,IVORY
Faucets & Jetsprays & Shower,1813-C,PINK
Faucets & Jetsprays & Shower,1813-C,WHITE
Faucets & Jetsprays & Shower,1813-CG,.
Faucets & Jetsprays & Shower,1813-CG,GOLD
Faucets & Jetsprays & Shower,1813-CP,.
Faucets & Jetsprays & Shower,1813-CP,PINK
Faucets & Jetsprays & Shower,1813-CR,.
Faucets & Jetsprays & Shower,1813-CR,R.BLUE
Faucets & Jetsprays & Shower,1813-CW,.
Faucets & Jetsprays & Shower,1813-CW,WINE
Faucets & Jetsprays & Shower,1813-G,GOLD
Faucets & Jetsprays & Shower,1813-R,R BLUE
Faucets & Jetsprays & Shower,1813-W,WINE
Faucets & Jetsprays & Shower,1814,IVORY
Faucets & Jetsprays & Shower,1814,PINK
Faucets & Jetsprays & Shower,1814,WHITE
Faucets & Jetsprays & Shower,1814-C,IVORY
Faucets & Jetsprays & Shower,1814-C,PINK
Faucets & Jetsprays & Shower,1814-C,WHITE
Faucets & Jetsprays & Shower,1814-CG,GOLD
Faucets & Jetsprays & Shower,1814-CP,PEACH
Faucets & Jetsprays & Shower,1814-CR,R BLUE
Faucets & Jetsprays & Shower,1814-CW,WHITE
Faucets & Jetsprays & Shower,1814-CW,WINE
Faucets & Jetsprays & Shower,1814-G,GOLD
Faucets & Jetsprays & Shower,1814-R,R BLUE
Faucets & Jetsprays & Shower,1814N-C,IVORY
Faucets & Jetsprays & Shower,1814N-C,PINK
Faucets & Jetsprays & Shower,1814N-C,WHITE
Faucets & Jetsprays & Shower,1814N-CP,WHITE
Faucets & Jetsprays & Shower,1815,IVORY
Faucets & Jetsprays & Shower,1815,PINK
Faucets & Jetsprays & Shower,1815,WHITE
Faucets & Jetsprays & Shower,1815-C,IVORY
Faucets & Jetsprays & Shower,1815-C,PINK
Faucets & Jetsprays & Shower,1815-C,WHITE
Faucets & Jetsprays & Shower,1816,IVORY
Faucets & Jetsprays & Shower,1816,PINK
Faucets & Jetsprays & Shower,1816,WHITE
Faucets & Jetsprays & Shower,1817,IVORY
Faucets & Jetsprays & Shower,1817,PINK
Faucets & Jetsprays & Shower,1817,WHITE
Faucets & Jetsprays & Shower,1817-C,IVORY
Faucets & Jetsprays & Shower,1817-C,PINK
Faucets & Jetsprays & Shower,1817-C,WHITE
Faucets & Jetsprays & Shower,1821,IVORY
Faucets & Jetsprays & Shower,1821,PINK
Faucets & Jetsprays & Shower,1821,WHITE
Faucets & Jetsprays & Shower,1821-C,IVORY
Faucets & Jetsprays & Shower,1821-C,PINK
Faucets & Jetsprays & Shower,1821-C,WHITE
Faucets & Jetsprays & Shower,183,BLUE
Faucets & Jetsprays & Shower,183,GREEN
Faucets & Jetsprays & Shower,183,IVORY
Faucets & Jetsprays & Shower,183,PINK
Faucets & Jetsprays & Shower,183,WHITE
Faucets & Jetsprays & Shower,183-G,GOLD
Faucets & Jetsprays & Shower,183-P,PEACH
Faucets & Jetsprays & Shower,183-R,R BLUE
Faucets & Jetsprays & Shower,183-W,WINE
Faucets & Jetsprays & Shower,1831,IVORY
Faucets & Jetsprays & Shower,1831,PINK
Faucets & Jetsprays & Shower,1831,WHITE
Faucets & Jetsprays & Shower,184,IVORY
Faucets & Jetsprays & Shower,184,PINK
Faucets & Jetsprays & Shower,184,WHITE
Faucets & Jetsprays & Shower,1841,IVORY
Faucets & Jetsprays & Shower,1841,PINK
Faucets & Jetsprays & Shower,1841,WHITE
Faucets & Jetsprays & Shower,1842,IVORY
Faucets & Jetsprays & Shower,1842,PINK
Faucets & Jetsprays & Shower,1842,WHITE
Faucets & Jetsprays & Shower,187,BLUE
Faucets & Jetsprays & Shower,187,GREEN
Faucets & Jetsprays & Shower,187,IVORY
Faucets & Jetsprays & Shower,187,PINK
Faucets & Jetsprays & Shower,187,WHITE
Faucets & Jetsprays & Shower,187-G,GOLD
Faucets & Jetsprays & Shower,187-P,PEACH
Faucets & Jetsprays & Shower,187-R,R BLUE
Faucets & Jetsprays & Shower,187-W,WINE
Faucets & Jetsprays & Shower,1871,IVORY
Faucets & Jetsprays & Shower,1871,PINK
Faucets & Jetsprays & Shower,1871,WHITE
Faucets & Jetsprays & Shower,1872,IVORY
Faucets & Jetsprays & Shower,1872,PINK
Faucets & Jetsprays & Shower,1872,WHITE
Faucets & Jetsprays & Shower,188,BLUE
Faucets & Jetsprays & Shower,188,GREEN
Faucets & Jetsprays & Shower,188,IVORY
Faucets & Jetsprays & Shower,188,PINK
Faucets & Jetsprays & Shower,188,WHITE
Faucets & Jetsprays & Shower,188-G,GOLD
Faucets & Jetsprays & Shower,188-P,PEACH
Faucets & Jetsprays & Shower,188-R,R BLUE
Faucets & Jetsprays & Shower,188-W,WINE
Faucets & Jetsprays & Shower,1881,IVORY
Faucets & Jetsprays & Shower,1881,PINK
Faucets & Jetsprays & Shower,1881,WHITE
Faucets & Jetsprays & Shower,1882,IVORY
Faucets & Jetsprays & Shower,1882,PINK
Faucets & Jetsprays & Shower,1882,WHITE
Faucets & Jetsprays & Shower,189,IVORY
Faucets & Jetsprays & Shower,189,PINK
Faucets & Jetsprays & Shower,189,WHITE
Faucets & Jetsprays & Shower,189-G,GOLD
Faucets & Jetsprays & Shower,189-R,R BLUE
Faucets & Jetsprays & Shower,189-W,WINE
Faucets & Jetsprays & Shower,1891,IVORY
Faucets & Jetsprays & Shower,1891,PINK
Faucets & Jetsprays & Shower,1891,WHITE
Faucets & Jetsprays & Shower,1892,IVORY
Faucets & Jetsprays & Shower,1892,PINK
Faucets & Jetsprays & Shower,1892,WHITE
Faucets & Jetsprays & Shower,521,IVORY
Faucets & Jetsprays & Shower,521,PINK
Faucets & Jetsprays & Shower,521,WHITE
Faucets & Jetsprays & Shower,5211,IVORY
Faucets & Jetsprays & Shower,5211,PINK
Faucets & Jetsprays & Shower,5211,WHITE
Faucets & Jetsprays & Shower,522,IVORY
Faucets & Jetsprays & Shower,522,PINK
Faucets & Jetsprays & Shower,522,WHITE
Faucets & Jetsprays & Shower,5221,IVORY
Faucets & Jetsprays & Shower,5221,PINK
Faucets & Jetsprays & Shower,5221,WHITE
Faucets & Jetsprays & Shower,BEA-84,.
Faucets & Jetsprays & Shower,BEA-84B,WHITE
Faucets & Jetsprays & Shower,BEA-84T,WHITE
Faucets & Jetsprays & Shower,H-86,IVORY
Faucets & Jetsprays & Shower,H-86,PINK
Faucets & Jetsprays & Shower,H-86,WHITE
Faucets & Jetsprays & Shower,H-87,IVORY
Faucets & Jetsprays & Shower,H-87,PINK
Faucets & Jetsprays & Shower,H-87,WHITE
Faucets & Jetsprays & Shower,H-88,IVORY
Faucets & Jetsprays & Shower,H-88,PINK
Faucets & Jetsprays & Shower,H-88,WHITE
Faucets & Jetsprays & Shower,HF-190,IVORY
Faucets & Jetsprays & Shower,HF-190,WHITE
Faucets & Jetsprays & Shower,HF-191,IVORY
Faucets & Jetsprays & Shower,HF-191,WHITE
Accessorise,101,IVORY
Accessorise,101,WHITE
Accessorise,102,IVORY
Accessorise,102,WHITE
Accessorise,103,IVORY
Accessorise,103,PINK
Accessorise,103,WHITE
Accessorise,104,IVORY
Accessorise,104,WHITE
Accessorise,105,IVORY
Accessorise,105,WHITE
Accessorise,106,IVORY
Accessorise,106,WHITE
Accessorise,107,WHITE
Accessorise,110,IVORY
Accessorise,110,WHITE
Accessorise,111,IVORY
Accessorise,111,WHITE
Accessorise,1111,IVORY
Accessorise,1111,WHITE
Accessorise,112,IVORY
Accessorise,112,WHITE
Accessorise,113,IVORY
Accessorise,113,WHITE
Accessorise,114,IVORY
Accessorise,114,WHITE
Accessorise,115,BLACK
Accessorise,115,BROWN
Accessorise,115,GREY
Accessorise,115,IVORY
Accessorise,115,O BLUE
Accessorise,115,SAPPHIRE
Accessorise,115,WHITE
Accessorise,1151,IVORY
Accessorise,1151,WHITE
Accessorise,116,IVORY
Accessorise,116,WHITE
Accessorise,117,IVORY
Accessorise,117,WHITE
Accessorise,118,IVORY
Accessorise,118,WHITE
Accessorise,119,IVORY
Accessorise,119,WHITE
Accessorise,119-W,IVORY
Accessorise,119-W,WHITE
Accessorise,1191,IVORY
Accessorise,1191,WHITE
Accessorise,126,.
Accessorise,126,IVORY
Accessorise,126,WHITE
Accessorise,126-SQ,.
Accessorise,128,IVORY
Accessorise,128,PINK
Accessorise,128,WHITE
Accessorise,146-B,IVORY
Accessorise,146-B,WHITE
Accessorise,146-BO,WHITE
Accessorise,146-HB,WHITE
Accessorise,146-Q,IVORY
Accessorise,148-B,IVORY
Accessorise,148-B,WHITE
Accessorise,148-BO,WHITE
Accessorise,148-HB,WHITE
Accessorise,148-Q,IVORY
Accessorise,186,IVORY
Accessorise,186,WHITE
Accessorise,1861,IVORY
Accessorise,1861,WHITE
Accessorise,190,IVORY
Accessorise,190,WHITE
Accessorise,191,IVORY
Accessorise,191,WHITE
Accessorise,191-A,.
Accessorise,192,IVORY
Accessorise,192,WHITE
Accessorise,194,IVORY
Accessorise,194,WHITE
Accessorise,194-A,.
Accessorise,195,IVORY
Accessorise,195,WHITE
Accessorise,195-A,.
Accessorise,1951,IVORY
Accessorise,1951,WHITE
Accessorise,1951-A,.
Accessorise,196,IVORY
Accessorise,196,WHITE
Accessorise,196-A,.
Accessorise,1961,IVORY
Accessorise,1961,WHITE
Accessorise,197,IVORY
Accessorise,197,WHITE
Accessorise,198,IVORY
Accessorise,198,WHITE
Accessorise,198-A,.
Accessorise,199,IVORY
Accessorise,199,WHITE
Accessorise,200,IVORY
Accessorise,200,WHITE
Accessorise,200-A,.
Accessorise,201,IVORY
Accessorise,201,WHITE
Accessorise,202,IVORY
Accessorise,202,WHITE
Accessorise,221,IVORY
Accessorise,221,WHITE
Accessorise,222,IVORY
Accessorise,222,WHITE
Accessorise,225,IVORY
Accessorise,225,WHITE
Accessorise,231,IVORY
Accessorise,231,WHITE
Accessorise,232,IVORY
Accessorise,232,WHITE
Accessorise,233,IVORY
Accessorise,233,WHITE
Accessorise,300,WHITE
Accessorise,301,IVORY
Accessorise,301,WHITE
Accessorise,302,IVORY
Accessorise,302,WHITE
Accessorise,311,GOLD
Accessorise,312,GOLD
Accessorise,313,GOLD
Accessorise,314,GOLD
Accessorise,315,GOLD
Accessorise,316,GOLD
Accessorise,331,IVORY
Accessorise,331,WHITE
Accessorise,332,IVORY
Accessorise,332,WHITE
Accessorise,333,IVORY
Accessorise,333,WHITE
Accessorise,334,IVORY
Accessorise,334,WHITE
Accessorise,335,IVORY
Accessorise,335,WHITE
Accessorise,336,IVORY
Accessorise,336,WHITE
Accessorise,337,IVORY
Accessorise,337,WHITE
Accessorise,552,IVORY
Accessorise,552,WHITE
Accessorise,571,IVORY
Accessorise,571,WHITE
Accessorise,572,IVORY
Accessorise,572,WHITE
Accessorise,575,IVORY
Accessorise,575,WHITE
Accessorise,BEA-44A,.
Accessorise,BEA-47A,.
Accessorise,BEA-47AB,.
Accessorise,CB-02,IVORY
Accessorise,CB-02,WHITE
Accessorise,CF-01,IVORY
Accessorise,CF-01,WHITE
Accessorise,CF-03,.
Accessorise,CF-03,IVORY
Accessorise,CF-03,WHITE
Accessorise,CH-01,WHITE
Accessorise,CNS-15,.
Accessorise,CNS-20,.
Accessorise,CS-01,IVORY
Accessorise,CS-01,WHITE
Accessorise,DB-01,IVORY
Accessorise,DB-01,WHITE
Accessorise,DB-02,IVORY
Accessorise,DB-02,WHITE
Accessorise,DB-04,IVORY
Accessorise,DB-04,WHITE
Accessorise,DF-01,.
Accessorise,DF-01,IVORY
Accessorise,DF-01,WHITE
Accessorise,EPT-01,.
Accessorise,H-1,IVORY
Accessorise,H-1,WHITE
Accessorise,H-2,IVORY
Accessorise,H-2,WHITE
Accessorise,H-3,IVORY
Accessorise,H-3,WHITE
Accessorise,H-4,IVORY
Accessorise,H-4,WHITE
Accessorise,H-5,IVORY
Accessorise,H-5,WHITE
Accessorise,LB-01,IVORY
Accessorise,LB-01,WHITE
Accessorise,LF-152,.
Accessorise,LF-153,.
Accessorise,LF-154,.
Accessorise,LF-155,.
Accessorise,LF-156,.
Accessorise,PD-18,IVORY
Accessorise,PD-18,WHITE
Accessorise,PH-1,.
Accessorise,PH-2,.
Accessorise,PI-18,IVORY
Accessorise,PI-18,WHITE
Accessorise,PQ-18,IVORY
Accessorise,PQ-18,WHITE
Accessorise,PR-18,IVORY
Accessorise,PR-18,WHITE
Accessorise,SB-01,WHITE
Accessorise,SF-01,.
Accessorise,SP-02,IVORY
Accessorise,SP-02,WHITE
Cistern & Seat Cover,501,BLUE
Cistern & Seat Cover,501,GOLD
Cistern & Seat Cover,501,GREEN
Cistern & Seat Cover,501,IVORY
Cistern & Seat Cover,501,PINK
Cistern & Seat Cover,501,WHITE
Cistern & Seat Cover,501-N,BLUE
Cistern & Seat Cover,501-N,BURGUNDAY
Cistern & Seat Cover,501-N,GREEN
Cistern & Seat Cover,501-N,IVORY
Cistern & Seat Cover,501-N,PINK
Cistern & Seat Cover,501-N,WHITE
Cistern & Seat Cover,501-S,BLUE
Cistern & Seat Cover,501-S,BURGUNDAY
Cistern & Seat Cover,501-S,GREEN
Cistern & Seat Cover,501-S,IVORY
Cistern & Seat Cover,501-S,PINK
Cistern & Seat Cover,501-S,WHITE
Cistern & Seat Cover,502,BLUE
Cistern & Seat Cover,502,BURGUNDAY
Cistern & Seat Cover,502,GREEN
Cistern & Seat Cover,502,IVORY
Cistern & Seat Cover,502,PINK
Cistern & Seat Cover,502,WHITE
Cistern & Seat Cover,503,BLUE
Cistern & Seat Cover,503,BURGUNDAY
Cistern & Seat Cover,503,GREEN
Cistern & Seat Cover,503,IVORY
Cistern & Seat Cover,503,PINK
Cistern & Seat Cover,503,WHITE
Cistern & Seat Cover,503-N,BLUE
Cistern & Seat Cover,503-N,BURGUNDAY
Cistern & Seat Cover,503-N,GREEN
Cistern & Seat Cover,503-N,IVORY
Cistern & Seat Cover,503-N,PINK
Cistern & Seat Cover,503-N,WHITE
Cistern & Seat Cover,504,BLUE
Cistern & Seat Cover,504,BURGUNDAY
Cistern & Seat Cover,504,GREEN
Cistern & Seat Cover,504,IVORY
Cistern & Seat Cover,504,PINK
Cistern & Seat Cover,504,WHITE
Cistern & Seat Cover,505,BLUE
Cistern & Seat Cover,505,BURGUNDAY
Cistern & Seat Cover,505,GREEN
Cistern & Seat Cover,505,IVORY
Cistern & Seat Cover,505,PINK
Cistern & Seat Cover,505,WHITE
Cistern & Seat Cover,506,BLUE
Cistern & Seat Cover,506,BURGUNDAY
Cistern & Seat Cover,506,GREEN
Cistern & Seat Cover,506,IVORY
Cistern & Seat Cover,506,PINK
Cistern & Seat Cover,506,WHITE
Cistern & Seat Cover,507,BLUE
Cistern & Seat Cover,507,BURGUNDAY
Cistern & Seat Cover,507,GREEN
Cistern & Seat Cover,507,IVORY
Cistern & Seat Cover,507,PINK
Cistern & Seat Cover,507,WHITE
Cistern & Seat Cover,508,BLUE
Cistern & Seat Cover,508,BURGUNDAY
Cistern & Seat Cover,508,GREEN
Cistern & Seat Cover,508,IVORY
Cistern & Seat Cover,508,PINK
Cistern & Seat Cover,508,WHITE
Cistern & Seat Cover,511,BLUE
Cistern & Seat Cover,511,BURGUNDAY
Cistern & Seat Cover,511,GREEN
Cistern & Seat Cover,511,IVORY
Cistern & Seat Cover,511,PINK
Cistern & Seat Cover,511,WHITE
Cistern & Seat Cover,512,BLUE
Cistern & Seat Cover,512,BURGUNDAY
Cistern & Seat Cover,512,GREEN
Cistern & Seat Cover,512,IVORY
Cistern & Seat Cover,512,PINK
Cistern & Seat Cover,512,WHITE
Cistern & Seat Cover,513,BLUE
Cistern & Seat Cover,513,BURGUNDAY
Cistern & Seat Cover,513,GREEN
Cistern & Seat Cover,513,IVORY
Cistern & Seat Cover,513,PINK
Cistern & Seat Cover,513,WHITE
Cistern & Seat Cover,514,BLUE
Cistern & Seat Cover,514,BURGUNDAY
Cistern & Seat Cover,514,GREEN
Cistern & Seat Cover,514,IVORY
Cistern & Seat Cover,514,PINK
Cistern & Seat Cover,514,WHITE
Cistern & Seat Cover,514-T,IVORY
Cistern & Seat Cover,514-T,WHITE
Cistern & Seat Cover,515,BLUE
Cistern & Seat Cover,515,BURGUNDAY
Cistern & Seat Cover,515,GREEN
Cistern & Seat Cover,515,IVORY
Cistern & Seat Cover,515,PINK
Cistern & Seat Cover,515,WHITE
Cistern & Seat Cover,516,BLUE
Cistern & Seat Cover,516,BURGUNDAY
Cistern & Seat Cover,516,GREEN
Cistern & Seat Cover,516,IVORY
Cistern & Seat Cover,516,PINK
Cistern & Seat Cover,516,WHITE
Cistern & Seat Cover,516-S,WHITE
Cistern & Seat Cover,517,BLUE
Cistern & Seat Cover,517,BURGUNDAY
Cistern & Seat Cover,517,GREEN
Cistern & Seat Cover,517,IVORY
Cistern & Seat Cover,517,PINK
Cistern & Seat Cover,517,WHITE
Cistern & Seat Cover,518,IVORY
Cistern & Seat Cover,518,WHITE
Cistern & Seat Cover,701,BLUE
Cistern & Seat Cover,701,BURGUNDAY
Cistern & Seat Cover,701,GREEN
Cistern & Seat Cover,701,IVORY
Cistern & Seat Cover,701,PINK
Cistern & Seat Cover,701,WHITE
Cistern & Seat Cover,701-N,BLUE
Cistern & Seat Cover,701-N,BURGUNDAY
Cistern & Seat Cover,701-N,GREEN
Cistern & Seat Cover,701-N,IVORY
Cistern & Seat Cover,701-N,PINK
Cistern & Seat Cover,701-N,WHITE
Cistern & Seat Cover,702,BLUE
Cistern & Seat Cover,702,BURGUNDAY
Cistern & Seat Cover,702,GREEN
Cistern & Seat Cover,702,IVORY
Cistern & Seat Cover,702,PINK
Cistern & Seat Cover,702,WHITE
Cistern & Seat Cover,703,BLUE
Cistern & Seat Cover,703,BURGUNDAY
Cistern & Seat Cover,703,GREEN
Cistern & Seat Cover,703,IVORY
Cistern & Seat Cover,703,PINK
Cistern & Seat Cover,703,WHITE
Cistern & Seat Cover,704,BLUE
Cistern & Seat Cover,704,BURGUNDAY
Cistern & Seat Cover,704,GREEN
Cistern & Seat Cover,704,IVORY
Cistern & Seat Cover,704,PINK
Cistern & Seat Cover,704,WHITE
Cistern & Seat Cover,705,BLUE
Cistern & Seat Cover,705,BURGUNDAY
Cistern & Seat Cover,705,GREEN
Cistern & Seat Cover,705,IVORY
Cistern & Seat Cover,705,PINK
Cistern & Seat Cover,705,WHITE
Cistern & Seat Cover,706,BLUE
Cistern & Seat Cover,706,BURGUNDAY
Cistern & Seat Cover,706,GREEN
Cistern & Seat Cover,706,IVORY
Cistern & Seat Cover,706,PINK
Cistern & Seat Cover,706,WHITE
Cistern & Seat Cover,708,BLUE
Cistern & Seat Cover,708,BURGUNDAY
Cistern & Seat Cover,708,GREEN
Cistern & Seat Cover,708,IVORY
Cistern & Seat Cover,708,PINK
Cistern & Seat Cover,708,WHITE
Cistern & Seat Cover,721,IVORY
Cistern & Seat Cover,721,WHITE
Cistern & Seat Cover,722,BLUE
Cistern & Seat Cover,722,BURGUNDAY
Cistern & Seat Cover,722,GREEN
Cistern & Seat Cover,722,IVORY
Cistern & Seat Cover,722,PINK
Cistern & Seat Cover,722,WHITE
Cistern & Seat Cover,723,BLUE
Cistern & Seat Cover,723,BURGUNDAY
Cistern & Seat Cover,723,GREEN
Cistern & Seat Cover,723,IVORY
Cistern & Seat Cover,723,PINK
Cistern & Seat Cover,723,WHITE
Cistern & Seat Cover,724,BLUE
Cistern & Seat Cover,724,BURGUNDAY
Cistern & Seat Cover,724,GREEN
Cistern & Seat Cover,724,IVORY
Cistern & Seat Cover,724,PINK
Cistern & Seat Cover,724,WHITE
Cistern & Seat Cover,725,BLUE
Cistern & Seat Cover,725,BURGUNDAY
Cistern & Seat Cover,725,GREEN
Cistern & Seat Cover,725,IVORY
Cistern & Seat Cover,725,PINK
Cistern & Seat Cover,725,WHITE
Cabinet,550-F,
Cabinet,551,IVORY
Cabinet,551,WHITE
Cabinet,551-F,
Cabinet,551-F,IVORY
Cabinet,551-F,WHITE
Cabinet,553,
Cabinet,553,IVORY
Cabinet,553,WHITE
Cabinet,553-F,
Cabinet,553-F,IVORY
Cabinet,553-F,WHITE
Cabinet,554,
Cabinet,554,IVORY
Cabinet,554,WHITE
Cabinet,555,
Cabinet,555,IVORY
Cabinet,555,WHITE
Cabinet,555-F,
Cabinet,555-F,IVORY
Cabinet,555-F,WHITE
Cabinet,556,
Cabinet,556,IVORY
Cabinet,556,WHITE
Cabinet,557,
Cabinet,557,IVORY
Cabinet,557,WHITE
Cabinet,557-F,IVORY
Cabinet,557-F,WHITE
Cabinet,661,
Cabinet,661,IVORY
Cabinet,661,WHITE
Cabinet,662,
Cabinet,662,IVORY
Cabinet,662,WHITE
Cabinet,663,
Cabinet,663,IVORY
Cabinet,663,WHITE
Cabinet,664-M,
Cabinet,664-M,IVORY
Cabinet,664-M,WHITE
Cabinet,665,
Cabinet,665,IVORY
Cabinet,665,WHITE
Cabinet,666,
Cabinet,666,IVORY
Cabinet,666,WHITE
Cabinet,667,
Cabinet,667,IVORY
Cabinet,667,WHITE
Ball Cock,151,GOLD
Ball Cock,151-S,GOLD
Ball Cock,152,GOLD
Ball Cock,153,GOLD
Ball Cock,153-S,.
Ball Cock,153-S,GOLD
Ball Cock,154,GOLD
Ball Cock,155,GOLD
Ball Cock,156,GOLD
Ball Cock,161,GOLD
Ball Cock,162,GOLD
Ball Cock,163,.
Ball Cock,163,GOLD
Ball Cock,164,GOLD
Ball Cock,165,GOLD
Ball Cock,165.0,.
Ball Cock,166,GOLD
Ball Cock,167,.
Ball Cock,167,SILVER
Ball Cock,168,SILVER
Ball Cock,168.0,.
Ball Cock,169,SILVER
Ball Cock,169.0,.
Ball Cock,170,SILVER
Ball Cock,170.0,.
Ball Cock,171,SILVER
Ball Cock,171.0,.
Ball Cock,172,SILVER
Ball Cock,172.0,.
Ball Cock,173,GREEN
Ball Cock,173.0,BLUE
Ball Cock,174,GREEN
Ball Cock,174.0,BLUE
Ball Cock,175,BLUE
Ball Cock,175,GREEN
Ball Cock,177,BLUE
Ball Cock,177,GREEN
Ball Cock,178,BLUE
Ball Cock,178,GREEN
Ball Cock,I-151,.
Ball Cock,I-152,.
Ball Cock,I-153,.
Ball Cock,I-155,.
Ball Cock,I-161,.
Ball Cock,I-162,.
Ball Cock,I-163,.
Ball Cock,I-164,.
Ball Cock,I-167,.
Ball Cock,I-168,.
Ball Cock,I-169,.
Ball Cock,I-171,-
Ball Cock,I-173,-
Ball Cock,I-174,-
Ball Cock,I-175,-
Ball Cock,I-177,-
Cocks Standard,144,IVORY
Cocks Standard,121,IVORY
Cocks Standard,144,WHITE
Cocks Standard,123,IVORY
Cocks Standard,124,WHITE
Cocks Standard,129,IVORY
Cocks Standard,124,IVORY
Cocks Standard,1391,WHITE
Cocks Standard,127,WHITE
Cocks Standard,145,WHITE
Cocks Standard,143,WHITE
Cocks Standard,140,WHITE
Cocks Standard,130,WHITE
Cocks Standard,1391,IVORY
Cocks Standard,132,WHITE
Cocks Standard,120,WHITE
Cocks Standard,147,WHITE
Cocks Standard,129,WHITE
Cocks Standard,147,IVORY
Cocks Standard,132,IVORY
Cocks Standard,186,WHITE
Cocks Standard,130,IVORY
Cocks Standard,1441,WHITE
Cocks Standard,141,WHITE
Cocks Standard,131,WHITE
Cocks Standard,143,IVORY
Cocks Standard,120,IVORY
Cocks Standard,142,WHITE
Cocks Standard,1441,IVORY
Cocks Standard,127,IVORY
Cocks Standard,186,IVORY
Cocks Standard,123,PINK
Cocks Standard,1291,WHITE
Cocks Standard,1241,WHITE
Cocks Standard,129,PINK
Cocks Standard,1241,IVORY
Cocks Standard,1291,IVORY
Cocks Standard,134,WHITE
Cocks Standard,131,IVORY
Cocks Standard,1321,IVORY
Cocks Standard,146,IVORY
Cocks Standard,1375,WHITE
Cocks Standard,1861,WHITE
Cocks Standard,1491,IVORY
Cocks Standard,1451,IVORY
Cocks Standard,144,BLUE
Cocks Standard,142,IVORY
Cocks Standard,1321,WHITE
Cocks Standard,145,PINK
Cocks Standard,1375,IVORY
Cocks Standard,123,GREEN
Cocks Standard,1431,WHITE
Cocks Standard,150,IVORY
Cocks Standard,148,WHITE
Cocks Standard,1341,WHITE
Cocks Standard,1311,IVORY
Cocks Standard,134,IVORY
Cocks Standard,1231,WHITE
Cocks Standard,144,PINK
Cocks Standard,130,PINK
Cocks Standard,147,PINK
Cocks Standard,135,WHITE
Cocks Standard,1471,WHITE
Cocks Standard,137,WHITE
Cocks Standard,1351,WHITE
Cocks Standard,132,PINK
Cocks Standard,137,IVORY
Cocks Standard,1341,IVORY
Cocks Standard,1501,WHITE
Cocks Standard,1501,IVORY
Cocks Standard,1391,PINK
Cocks Standard,127,PINK
Cocks Standard,120,PINK
Cocks Standard,1491,PINK
Cocks Standard,1323,PINK
Cocks Standard,140,PINK
Cocks Standard,141,PINK
Cocks Standard,1441,PINK
Cocks Standard,1241,PINK
Cocks Standard,131,PINK
Cocks Standard,1231,PINK
Cocks Standard,1311,PINK
Cocks Standard,1321,PINK
Cocks Standard,137,PINK
Cocks Standard,1291,PINK
Cocks Standard,146,PINK
Cocks Standard,1375,PINK
Cocks Standard,1451,PINK
Cocks Standard,148,PINK
Cocks Standard,1431,PINK
Cocks Standard,134,PINK
Cocks Standard,136,PINK
Cocks Standard,1411,PINK
Cocks Standard,1421,PINK
Cocks Standard,138,PINK
Cocks Standard,1461,PINK
Cocks Standard,1471,PINK
Cocks Standard,1481,PINK
Cocks Standard,135,PINK
Cocks Standard,150,PINK
Cocks Standard,1341,PINK
Cocks Standard,1332,PINK
Cocks Standard,1351,PINK
Cocks Standard,1501,PINK
Cocks Standard,124,GREEN
Cocks Standard,1391,GREEN
Cocks Standard,147,GREEN
Cocks Standard,127,GREEN
Cocks Standard,132,GREEN
Cocks Standard,145,GREEN
Cocks Standard,120,GREEN
Cocks Standard,139,GREEN
Cocks Standard,1491,GREEN
Cocks Standard,1323,GREEN
Cocks Standard,140,GREEN
Cocks Standard,141,GREEN
Cocks Standard,1441,GREEN
Cocks Standard,1241,GREEN
Cocks Standard,131,GREEN
Cocks Standard,1231,GREEN
Cocks Standard,1311,GREEN
Cocks Standard,1321,GREEN
Cocks Standard,137,GREEN
Cocks Standard,1291,GREEN
Cocks Standard,146,GREEN
Cocks Standard,1375,GREEN
Cocks Standard,1451,GREEN
Cocks Standard,148,GREEN
Cocks Standard,1431,GREEN
Cocks Standard,134,GREEN
Cocks Standard,136,GREEN
Cocks Standard,1411,GREEN
Cocks Standard,1421,GREEN
Cocks Standard,138,GREEN
Cocks Standard,1461,GREEN
Cocks Standard,1471,GREEN
Cocks Standard,1481,GREEN
Cocks Standard,135,GREEN
Cocks Standard,150,GREEN
Cocks Standard,1341,GREEN
Cocks Standard,1332,GREEN
Cocks Standard,1351,GREEN
Cocks Standard,1501,GREEN
Cocks Standard,144,BURGUNDY
Cocks Standard,121,BURGUNDY
Cocks Standard,123,BURGUNDY
Cocks Standard,129,BURGUNDY
Cocks Standard,124,BURGUNDY
Cocks Standard,1391,BURGUNDY
Cocks Standard,130,BURGUNDY
Cocks Standard,147,BURGUNDY
Cocks Standard,143,BURGUNDY
Cocks Standard,142,BURGUNDY
Cocks Standard,127,BURGUNDY
Cocks Standard,145,BURGUNDY
Cocks Standard,120,BURGUNDY
Cocks Standard,139,BURGUNDY
Cocks Standard,1491,BURGUNDY
Cocks Standard,1323,BURGUNDY
Cocks Standard,140,BURGUNDY
Cocks Standard,141,BURGUNDY
Cocks Standard,1441,BURGUNDY
Cocks Standard,1241,BURGUNDY
Cocks Standard,131,BURGUNDY
Cocks Standard,1231,BURGUNDY
Cocks Standard,1311,BURGUNDY
Cocks Standard,137,BURGUNDY
Cocks Standard,1291,BURGUNDY
Cocks Standard,146,BURGUNDY
Cocks Standard,1375,BURGUNDY
Cocks Standard,1451,BURGUNDY
Cocks Standard,148,BURGUNDY
Cocks Standard,1431,BURGUNDY
Cocks Standard,134,BURGUNDY
Cocks Standard,136,BURGUNDY
Cocks Standard,1411,BURGUNDY
Cocks Standard,1421,BURGUNDY
Cocks Standard,138,BURGUNDY
Cocks Standard,1461,BURGUNDY
Cocks Standard,1471,BURGUNDY
Cocks Standard,1481,BURGUNDY
Cocks Standard,135,BURGUNDY
Cocks Standard,150,BURGUNDY
Cocks Standard,1341,BURGUNDY
Cocks Standard,1332,BURGUNDY
Cocks Standard,1351,BURGUNDY
Cocks Standard,1501,BURGUNDY
Cocks Standard,144,M GREEN
Cocks Standard,121,M GREEN
Cocks Standard,123,M GREEN
Cocks Standard,129,M GREEN
Cocks Standard,124,M GREEN
Cocks Standard,1391,M GREEN
Cocks Standard,130,M GREEN
Cocks Standard,147,M GREEN
Cocks Standard,142,M GREEN
Cocks Standard,127,M GREEN
Cocks Standard,132,M GREEN
Cocks Standard,145,M GREEN
Cocks Standard,120,M GREEN
Cocks Standard,139,M GREEN
Cocks Standard,1491,M GREEN
Cocks Standard,1323,M GREEN
Cocks Standard,140,M GREEN
Cocks Standard,141,M GREEN
Cocks Standard,1441,M GREEN
Cocks Standard,1241,M GREEN
Cocks Standard,131,M GREEN
Cocks Standard,1231,M GREEN
Cocks Standard,1311,M GREEN
Cocks Standard,1321,M GREEN
Cocks Standard,137,M GREEN
Cocks Standard,1291,M GREEN
Cocks Standard,146,M GREEN
Cocks Standard,1375,M GREEN
Cocks Standard,1451,M GREEN
Cocks Standard,148,M GREEN
Cocks Standard,1431,M GREEN
Cocks Standard,134,M GREEN
Cocks Standard,136,M GREEN
Cocks Standard,1411,M GREEN
Cocks Standard,1421,M GREEN
Cocks Standard,138,M GREEN
Cocks Standard,1461,M GREEN
Cocks Standard,1471,M GREEN
Cocks Standard,1481,M GREEN
Cocks Standard,135,M GREEN
Cocks Standard,150,M GREEN
Cocks Standard,1341,M GREEN
Cocks Standard,1332,M GREEN
Cocks Standard,1351,M GREEN
Cocks Standard,1501,M GREEN
Cocks Standard,143,M GREEN
Cocks Standard,121,GREEN
Cocks Standard,1411,IVORY
Cocks Standard,1491,WHITE
Cocks Standard,1351,IVORY
Cocks Standard,135,IVORY
Cocks Standard,150,WHITE
Cocks Standard,129,GREEN
Cocks Standard,138,IVORY
Cocks Standard,1332,WHITE
Cocks Standard,1311,WHITE
Cocks Standard,1321,BURGUNDY
Cocks Standard,1332,IVORY
Cocks Standard,1323,IVORY
Cocks Standard,1451,WHITE
Cocks Standard,145,BLUE
Cocks Standard,138,WHITE
Cocks Standard,1471,IVORY
Cocks Standard,145,IVORY
Cocks Standard,1231,IVORY
Cocks Standard,1461,WHITE
Cocks Standard,1323,WHITE
Cocks Standard,139,PINK
Cocks Standard,1421,WHITE
Cocks Standard,121,PINK
Cocks Standard,124,BLUE
Cocks Standard,1411,WHITE
Cocks Standard,140,IVORY
Cocks Standard,1481,IVORY
Cocks Standard,121,BLUE
Cocks Standard,148,IVORY
Cocks Standard,1421,IVORY
Cocks Standard,143,GREEN
Cocks Standard,130,GREEN
Cocks Standard,1431,IVORY
Cocks Standard,1481,WHITE
Cocks Standard,136,IVORY
Cocks Standard,142,GREEN
Cocks Standard,139,WHITE
Cocks Standard,144,GREEN
Cocks Standard,143,PINK
Cocks Standard,130,BLUE
Cocks Standard,1461,IVORY
Cocks Standard,146,WHITE
Cocks Standard,124,PINK
Cocks Standard,142,PINK
Cocks Standard,136,WHITE
Cocks Standard,1861,IVORY
Cocks Standard,141,IVORY
Cocks Standard,143,BLUE
Cocks Standard,142,BLUE
Cocks Standard,132,BURGUNDY
Cocks Standard,139,IVORY
Cocks Standard,121,WHITE
Cocks Standard,123,WHITE
Ball Cock,169,.
Ball Cock,170,.
Ball Cock,172,.
Ball Cock,168,.
Ball Cock,171,.
Ball Cock,165,.
Ball Cock,174,BLUE
Ball Cock,173,BLUE
