source_tab,code,name,range,range_name
PTMT,101,Waste Coupling 31/32mm (H/T),WASTE COUPLING,Waste Coupling
PTMT,102,Waste Coupling 38/40mm (F/T),WASTE COUPLING,Waste Coupling
PTMT,103,Waste Coupling 31/32mm (F/T),WASTE COUPLING,Waste Coupling
PTMT,104,Urinal Waste Coupling 31/32mm,WASTE COUPLING,Waste Coupling
PTMT,105,Bottle Trap 31/32mm,Bottle Trap,Bottle Trap
PTMT,106,Bottle Trap 38/40mm,Bottle Trap,Bottle Trap
PTMT,110,Bottle Trap Extension Pipe 6 inch (150mm),Bottle Trap,Bottle Trap
PTMT,111,Grating Round 100mm,Grating,Grating
PTMT,1111,Square Grating (Slit) 100mm (4 inch),Grating,Grating
PTMT,111-H,Grating Doom  (WITH WHOLE) 100MM,Grating,Grating
PTMT,112,Grating Doom 125mm (5 inch),Grating,Grating
PTMT,113,Grating Doom Waste Hole 125mm (5 inch),Grating,Grating
PTMT,114,Grating Round 140mm (5.5 inch),Grating,Grating
PTMT,115,Grating Square 150mm (6 inch),Grating,Grating
PTMT,1151,Grating Square 200mm (8 inch),Grating,Grating
PTMT,116,Grating Square with Hole 150mm (6 inch),Grating,Grating
PTMT,117,Cockroach Fittings for Grating Square,Grating,Grating
PTMT,118,"Square Grating (Slit) 150mm (6x6"")",Grating,Grating
PTMT,118-W,GRATING SQUARE (SLIT) 150MM(WHITE),Grating,Grating
PTMT,119,"Cockroach Trap with Water Seal 150x150mm (6x6"") without Hole",Grating,Grating
PTMT,1191,"Cockroach Trap Special 150x150mm (6x6"")",Grating,Grating
PTMT,119-W,"Cockroach Trap with Water Seal 150x150mm (6x6"") with Hole",Grating,Grating
PTMT,120-C,Bib Cock 15mm (Cobra) with Flange,Special Cock Series,Bib Cock Standard (120)
PTMT,120-M,Bib Cock Standard 15mm (M. Handle) with Flange,Special Cock Series,Bib Cock Standard (120)
PTMT,120-R,Bib Cock 15mm (Roman) with Flange,Special Cock Series,Bib Cock Standard (120)
PTMT,120-W,T-Handle without Flange,Special Cock Series,Bib Cock Standard (120)
PTMT,121,Bib Cock Standard (121),STANDARD Series,Bib Cock Standard (121)
PTMT,121-A,Bib Cock Standard (121),,Bib Cock Standard (121)
PTMT,121-B,Bib Cock Standard (121),Black Pearl Series,Bib Cock Standard (121)
PTMT,121-C,Bib Cock Standard (121),Cobra Series,Bib Cock Standard (121)
PTMT,121-D,Bib Cock Standard (121),,Bib Cock Standard (121)
PTMT,121-E,Bib Cock Standard (121),Grand Series,Bib Cock Standard (121)
PTMT,121-F,Bib Cock Standard (121),,Bib Cock Standard (121)
PTMT,121-H,Bib Cock Standard (121),Helix Series,Bib Cock Standard (121)
PTMT,121-I,Bib Cock Standard (121),Ibix Series,Bib Cock Standard (121)
PTMT,121-N,Bib Cock Standard (121),,Bib Cock Standard (121)
PTMT,121-O,Bib Cock Standard (121),STANDARD Series Old Handle,Bib Cock Standard (121)
PTMT,121-P,Bib Cock Standard (121),Diamond Series,Bib Cock Standard (121)
PTMT,121-R,Bib Cock Standard (121),Ovian Series,Bib Cock Standard (121)
PTMT,121-S,Bib Cock Standard (121),Flora Series,Bib Cock Standard (121)
PTMT,121-W,Bib Cock Standard (121),,Bib Cock Standard (121)
PTMT,122,BIB COCK STD. FEMALE 15MM,,BIB COCK  (122)
PTMT,123,Bib Cock Fancy  (123),STANDARD Series,Bib Cock Fancy  (123)
PTMT,1231,Bib Cock Fancy  (123),Roman Series,Bib Cock Fancy  (123)
PTMT,1231F,Bib Cock Fancy  (123),,Bib Cock Fancy  (123)
PTMT,123-C,Bib Cock Fancy  (123),Cobra Series,Bib Cock Fancy  (123)
PTMT,123-E,Bib Cock Fancy  (123),Grand Series,Bib Cock Fancy  (123)
PTMT,123-F,Bib Cock Fancy  (123),STANDARD Series,Bib Cock Fancy  (123)
PTMT,123-H,Bib Cock Fancy  (123),Helix Series,Bib Cock Fancy  (123)
PTMT,123-i,Bib Cock Fancy  (123),Ibix Series,Bib Cock Fancy  (123)
PTMT,123-N,Bib Cock Fancy  (123),STANDARD Series,Bib Cock Fancy  (123)
PTMT,123-O,Bib Cock Fancy  (123),STANDARD Series Old Handle,Bib Cock Fancy  (123)
PTMT,123-P,Bib Cock Fancy  (123),Diamond Series,Bib Cock Fancy  (123)
PTMT,123-Q,Bib Cock Fancy  (123),Quadra Series,Bib Cock Fancy  (123)
PTMT,123-R,Bib Cock Fancy  (123),Ovian Series,Bib Cock Fancy  (123)
PTMT,123-S,Bib Cock Fancy  (123),,Bib Cock Fancy  (123)
PTMT,124,Bib Cock Long Body 15mm with Flange,STANDARD Series,Bib Cock Long Body (124)
PTMT,1241,Bib Cock Long Body 15mm (R. H.) W/F,Roman Series,Bib Cock Long Body (124)
PTMT,124-A,BIB COCK LONG BODY (15Mm) WITH FLANGE(BD,,Bib Cock Long Body (124)
PTMT,124-B,Bib Cock Long Body 15mm with Flange,Black Pearl Series,Bib Cock Long Body (124)
PTMT,124-C,Bib Cock Long Body 15mm with Flange,Cobra Series,Bib Cock Long Body (124)
PTMT,124-D,Bib Cock Long Body (DELTA),,Bib Cock Long Body (124)
PTMT,124-E,Bib Cock Long Body with Flange,Grand Series,Bib Cock Long Body (124)
PTMT,124-EF,Bib Cock Long Body (Foam Flow) with Flange,Grand Series,Bib Cock Long Body (124)
PTMT,124-F,Bib Cock Long Body 15mm (Foam Flow) with Flange,STANDARD Series,Bib Cock Long Body (124)
PTMT,124-H,Bib Cock Long Body 15mm with Flange (W/F),Helix Series,Bib Cock Long Body (124)
PTMT,124-i,Bib Cock Long Body (Smart) Foam Flow with Flange,Ibix Series,Bib Cock Long Body (124)
PTMT,124-N,Long Body Bib Cock Foam Flow with Flange,Novo Series,Bib Cock Long Body (124)
PTMT,124-O,Bib Cock Long Body 15mm (Old Handle) with Flange,STANDARD Series Old Handle,Bib Cock Long Body (124)
PTMT,124-P,Bib Cock Long Body 15mm with Flange,Diamond Series,Bib Cock Long Body (124)
PTMT,124-R,Bib Cock Long Smart Body 15mm with Flange,Ovian Series,Bib Cock Long Body (124)
PTMT,124-S,Bib Cock Long Body 15mm with Flange,Flora Series,Bib Cock Long Body (124)
PTMT,126,Round Flange 15mm,Accessories,FLANGE
PTMT,126-I,Italian Flange-15mm,,FLANGE
PTMT,127,Garden Tap Bib Cock with Nozzle 15mm with Flange,STANDARD Series,Bib Cock Nozzle (127)
PTMT,127-A,BIB COCK NOZZLE WITH FLANGE(BD),,Bib Cock Nozzle (127)
PTMT,127-B,Bib Cock Nozzle with Flange,Black Pearl Series,Bib Cock Nozzle (127)
PTMT,127-E,Garden Tap Bib Cock with Nozzle 15mm with Flange,Grand Series,Bib Cock Nozzle (127)
PTMT,127-H,Bib Cock Nozzle with Flange,Helix Series,Bib Cock Nozzle (127)
PTMT,127-S,Bib Cock Nozzle with Flange,Flora Series,Bib Cock Nozzle (127)
PTMT,128,Extension Nipple 15mm,Tank Nipples,Nipple
PTMT,128 X,HEX NIPPLE.,,Nipple
PTMT,1281,EXTENSION NIPPLE 15MM,,Nipple
PTMT,129,2 Way Bib Cock 15mm (Foam Flow) with Flange,STANDARD Series,2 Way Bib Cock (129)
PTMT,1291,2 Way Bib Cock 15mm (R. H.) Foam Flow with Flange,Roman Series,2 Way Bib Cock (129)
PTMT,129-A,2 WAY BIB COCK WITH FLANGE(BD),,2 Way Bib Cock (129)
PTMT,129-B,2 Way Bib Cock with Flange,Black Pearl Series,2 Way Bib Cock (129)
PTMT,129-C,2 Way Bib Cock 15mm Foam Flow With Flange,Cobra Series,2 Way Bib Cock (129)
PTMT,129-D,2 Way Bib Cock Foam Flow with Flange,Delta Series,2 Way Bib Cock (129)
PTMT,129-E,2 Way Bib Cock 15mm (Foam Flow) with Flange,Grand Series,2 Way Bib Cock (129)
PTMT,129-H,2 Way Bib Cock 15mm (Foam Flow) with Flange,Helix Series,2 Way Bib Cock (129)
PTMT,129i,2in1 COCK  (ITALIAN),,2 Way Bib Cock (129)
PTMT,129-i,2 Way Bib Cock Foam Flow with Flange,Ibix Series,2 Way Bib Cock (129)
PTMT,129-N,2 Way Bib Cock Foam Flow with Flange,Novo Series,2 Way Bib Cock (129)
PTMT,129-P,2 Way Bib Cock 15mm (Foam Flow) with Flange,Diamond Series,2 Way Bib Cock (129)
PTMT,129-Q,2 Way Bib Cock Foam Flow with Flange,Quadra Series,2 Way Bib Cock (129)
PTMT,129-R,2 Way Bib Cock Foam Flow with Flange,Ovian Series,2 Way Bib Cock (129)
PTMT,129-S,2 Way Bib Cock with Flange,Flora Series,2 Way Bib Cock (129)
PTMT,130,Pillar Cock 15mm with Flange,STANDARD Series,Pillar Cock (130)
PTMT,130-A,PILLAR COCK(BLACK DIAMOND),,Pillar Cock (130)
PTMT,130-B,Pillar Cock with Flange,Black Pearl Series,Pillar Cock (130)
PTMT,130C,PILLAR COCK FANCY 15MM(COBRA),,Pillar Cock (130)
PTMT,130-C,Pillar Cock 15mm with Flange,Cobra Series,Pillar Cock (130)
PTMT,130-D,Pillar Cock Foam Flow with Flange,Delta Series,Pillar Cock (130)
PTMT,130-E,Pillar Cock with Flange,Grand Series,Pillar Cock (130)
PTMT,130-H,Pillar Cock Foam Flow with Flange,Helix Series,Pillar Cock (130)
PTMT,130-i,Pillar Cock Foam Flow with Flange,Ibix Series,Pillar Cock (130)
PTMT,130-N,Pillar Cock Foam Flow with Flange,Novo Series,Pillar Cock (130)
PTMT,130-O,Pillar Cock 15mm (Old Handle) with Flange,STANDARD Series Old Handle,Pillar Cock (130)
PTMT,130-P,Pillar Cock 15mm Foam Flow with Flange,Diamond Series,Pillar Cock (130)
PTMT,130-Q,Pillar Cock Foam Flow with Flange,Quadra Series,Pillar Cock (130)
PTMT,130-R,Pillar Cock Foam Flow with Flange,Ovian Series,Pillar Cock (130)
PTMT,130-RN,Pillar Cock Fancy 15mm (Foam Flow) with Flange,Ovian Series,Pillar Cock (130)
PTMT,130-S,Pillar Cock with Flange,Flora Series,Pillar Cock (130)
PTMT,131,Pillar Cock Fancy 15mm (Foam Flow) with Flange,STANDARD Series,Pillar Cock (131)
PTMT,1311,Pillar Cock Fancy 15mm (R. H.) Foam Flow With Flange,Roman Series,Pillar Cock (131)
PTMT,1311-H,Pillar Cock Fancy 15mm (R.H.) (Foam Flow) with Flange,Helix Series,Pillar Cock (131)
PTMT,131-A,PILLAR COCK FANCY 15MM With Foam Flow(BD,,Pillar Cock (131)
PTMT,131-B,PILLAR COCK FANCY 15MM With Foam Flow(BP,,Pillar Cock (131)
PTMT,131-C,Pillar Cock Fancy 15mm (Foam Flow) with Flange,Cobra Series,Pillar Cock (131)
PTMT,131-F,PILLAR COCK FANCY 15MM With Foam Flow,,Pillar Cock (131)
PTMT,131-G,PILLAR COCK FANCY 15MM GWS,,Pillar Cock (131)
PTMT,131-H,Pillar Cock Fancy 15mm (Foam Flow) with Flange,Helix Series,Pillar Cock (131)
PTMT,131-S,PILLAR COCK FANCY 15MM With Foam Flow(F,,Pillar Cock (131)
PTMT,132,Sink Cock (Swing Arm) W/M Foam Flow with Flange,STANDARD Series,Sink Cock (132)
PTMT,1321,Sink Cock (R. H.) Swing Arm W/M Foam Flow with Flange,Roman Series,Sink Cock (132)
PTMT,1322,SINK COCK (R.H.) SWING ARM (T/M),,Sink Cock (132)
PTMT,1322-A,SINK COCK SWING ARM SHORT W/M (BD),Black Pearl Series,Sink Cock (132)
PTMT,1322-B,Sink Cock Swing Arm Short (W/M) Foam Flow with Flange,Black Pearl Series,Sink Cock (132)
PTMT,1322-S,Sink Cock Swing Arm Short (W/M) Foam Flow with Flange,Flora Series,Sink Cock (132)
PTMT,1323,Sink Cock (R. H.) Swan Neck W/M Foam Flow with Flange,Roman Series,Sink Cock (132)
PTMT,132-A,SINK COCK (W/M) WITH FLANGE(BD),,Sink Cock (132)
PTMT,132-B,Sink Cock (W/M) Foam Flow with Flange,Black Pearl Series,Sink Cock (132)
PTMT,132-C,Sink Cock Swing Arm Foam Flow with Flange,Cobra Series,Sink Cock (132)
PTMT,132-d,Sink Cock (W/M) Foam Flow with Flange,Delta Series,Sink Cock (132)
PTMT,132-E,Sink Cock (W/M) Long Spout Foam Flow with Flange,Grand Series,Sink Cock (132)
PTMT,132-H,Sink Cock Foam Flow with Flange,Helix Series,Sink Cock (132)
PTMT,132i,SINK COCK - (ITALIAN),,Sink Cock (132)
PTMT,132-i,Sink Cock Foam Flow with Flange,Ibix Series,Sink Cock (132)
PTMT,132-N,Sink Cock (W/M) Foam Flow with Flange,Novo Series,Sink Cock (132)
PTMT,132-P,Sink Cock (Swing Arm) W/M Foam Flow with Flange,Diamond Series,Sink Cock (132)
PTMT,132-Q,Sink Cock (W/M) Foam Flow with Flange,Quadra Series,Sink Cock (132)
PTMT,132-R,Sink Cock (W/M) Long Arm Foam Flow with Flange,Ovian Series,Sink Cock (132)
PTMT,132-S,Sink Cock (W/M) Foam Flow with Flange,Flora Series,Sink Cock (132)
PTMT,132-T,Sink Cock Swan Neck Small Spout Foam Flow With Flange,STANDARD Series,Sink Cock (132)
PTMT,133,SINK TAP,,SINK COCK (133)
PTMT,1331,SINK TAP ( R. H ),,SINK COCK (133)
PTMT,133-A,SINK COCK SWING ARM LONG T/M (BD),,SINK COCK (133)
PTMT,133-B,Sink Cock - Swing Arm long (T/M) Foam Flow with Flange,Black Pearl Series,SINK COCK (133)
PTMT,133-C,Sink Cock (R. H.) Swing Arm (T/M) Foam Flow with Flange,Cobra Series,SINK COCK (133)
PTMT,133-D,Sink Cock (R.H.) Swan Neck (T/M) Foam Flow With Flange,Delta Series,SINK COCK (133)
PTMT,133-E,Sink Cock (T/M) Long Spout Foam Flow with Flange,Grand Series,SINK COCK (133)
PTMT,134-E,Sink Mixer (Foam Flow) With Flange,Grand Series,Sink Mixer (134)
PTMT,133-H,Sink Cock Foam Flow (Swing Arm) (T/M) with Flange,Helix Series,SINK COCK (133)
PTMT,133-i,Sink Cock (T/M) Long Spout Foam Flow with Flange,Ibix Series,SINK COCK (133)
PTMT,133-N,Sink Cock (R. H) Swan Neck (T/M) Square Spout Foam Flow with Flange,Novo Series,SINK COCK (133)
PTMT,133-P,Sink Cock (Swing Arm) T/M Foam Flow with Flange,Diamond Series,SINK COCK (133)
PTMT,133-Q,Sink Cock (R.H) Swan Neck (T/M) Foam Flow with Flange,Quadra Series,SINK COCK (133)
PTMT,133-R,Sink Cock (T/M) Long Arm Foam Flow with Flange,Ovian Series,SINK COCK (133)
PTMT,133-S,Sink Cock Foam Flow Swing Arm Long (T/M) with Flange,Flora Series,SINK COCK (133)
PTMT,134,Sink Mixer Foam Flow with Flange,STANDARD Series,Sink Mixer (134)
PTMT,1341,Sink Mixer (R. H.) Foam Flow With Flange,Roman Series,Sink Mixer (134)
PTMT,134-C,Sink Mixer Foam Flow With Flange,Cobra Series,Sink Mixer (134)
PTMT,134-H,Sink Mixer Foam Flow with Flange,Helix Series,Sink Mixer (134)
PTMT,134-R,Sink Mixer Foam Flow with Flange,Ovian Series,Sink Mixer (134)
PTMT,135,Wall Mixer Foam Flow with Flange,STANDARD Series,Wall Mixer (135)
PTMT,1351,Wall Mixer (R. H.) Foam Flow With Flange,Roman Series,Wall Mixer (135)
PTMT,135-C,Wall Mixer Foam Flow With Flange,Cobra Series,Wall Mixer (135)
PTMT,135-R,Wall Mixer Foam Flow with Flange,Ovian Series,Wall Mixer (135)
PTMT,1375,Wall Mixer L Bend Foam Flow With Flange,Roman Series,Wall Mixer (1375)
PTMT,1375-C,Wall Mixer L Bend Foam Flow With Flange,Cobra Series,Wall Mixer (1375)
PTMT,1375-H,Wall Mixer Foam Flow L Bend With Flange,Helix Series,Wall Mixer (1375)
PTMT,1375-I,Wall Mixer L Bend Foam Flow With Flange,Ibix Series,Wall Mixer (1375)
PTMT,1375-O,Wall Mixer L Bend Foam Flow With Flange,STANDARD Series Old Handle,Wall Mixer (1375)
PTMT,1375-R,Wall Mixer L Bend Foam Flow With Flange,Ovian Series,Wall Mixer (1375)
PTMT,1375-S,Wall Mixer L Bend Foam Flow With Flange,STANDARD Series,Wall Mixer (1375)
PTMT,141,Stop Cock 15mm (M/T),STANDARD Series,Stop Cock
PTMT,1411,Stop Cock 15mm (M/T) R.H.,Roman Series,Stop Cock
PTMT,141-C,Stop Cock 15mm (M/T),Cobra Series,Stop Cock
PTMT,141-E,Stop Cock 15mm (M/T),Grand Series,Stop Cock
PTMT,141-H,Stop Cock 15mm (M/T),Helix Series,Stop Cock
PTMT,141-O,Stop Cock 15mm (M/T) Old Handle,STANDARD Series Old Handle,Stop Cock
PTMT,142,Stop Cock 15mm (F/T),STANDARD Series,Stop Cock
PTMT,1421,Stop Cock 15mm (F/T) R.H.,Roman Series,Stop Cock
PTMT,142-C,Stop Cock 15mm (F/T),Cobra Series,Stop Cock
PTMT,142-E,Stop Cock 15mm (F/T),Grand Series,Stop Cock
PTMT,142-H,Stop Cock 15mm (F/T) R.H.,Helix Series,Stop Cock
PTMT,143,Stop Cock 20mm (F/T),STANDARD Series,Stop Cock
PTMT,1431,Stop Cock 20mm (F/T) R.H.,Roman Series,Stop Cock
PTMT,1431-E,STOP COCK 20M -(GRNAD),,Stop Cock
PTMT,144,Angle Cock with Flange,STANDARD Series,Angle Cock (144)
PTMT,1441,Angle Cock 15mm (R. H.) with Flange,Roman Series,Angle Cock (144)
PTMT,144-A,ANGLE COCK FITH FLANGE(BD),,Angle Cock (144)
PTMT,144-B,Angle Cock with Flange,Black Pearl Series,Angle Cock (144)
PTMT,144-C,Angle Cock 15mm with Flange,Cobra Series,Angle Cock (144)
PTMT,144-D,Angle Cock with Flange,Delta Series,Angle Cock (144)
PTMT,123-D,Bib Cock Fancy  (123),Delta Series,Bib Cock Fancy  (123)
PTMT,144-E,Angle Cock with Flange,Grand Series,Angle Cock (144)
PTMT,144-H,Angle Cock with Flange,Helix Series,Angle Cock (144)
PTMT,123-FH,Bib Cock Fancy  (123),Helix Series,Bib Cock Fancy  (123)
PTMT,124-FH,Bib Cock Long Body 15mm (Foam Flow) with Flange (W/F),Helix Series,Bib Cock Long Body (124)
PTMT,144-i,Angle Cock with Flange,Ibix Series,Angle Cock (144)
PTMT,144-N,Angle Cock with Flange,Novo Series,Angle Cock (144)
PTMT,144-O,Angle Cock 15mm (Old Handle) with Flange,STANDARD Series Old Handle,Angle Cock (144)
PTMT,144-P,Angle Cock with Flange,Diamond Series,Angle Cock (144)
PTMT,144-Q,Angle Cock with Flange,Quadra Series,Angle Cock (144)
PTMT,144-R,Angle Cock with Flange,Ovian Series,Angle Cock (144)
PTMT,144-S,Angle Cock with Flange,Flora Series,Angle Cock (144)
PTMT,144-T,Angle Cock 15mm (T. Handle),Special Cock Series,Angle Cock (144)
PTMT,145,2 Way Angle Cock 15mm with Flange,STANDARD Series,2 Way Angle Cock (145)
PTMT,1451,2 in 1 Angle Cock 15mm (R. H.) with Flange,Roman Series,2 Way Angle Cock (145)
PTMT,145-A,2 WAY ANGLE 15MM WITH FLANGE(BD),,2 Way Angle Cock (145)
PTMT,145-B,2 Way Angle Cock 15mm with Flange,Black Pearl Series,2 Way Angle Cock (145)
PTMT,145-C,2 Way Angle Cock with Flange 15mm,Cobra Series,2 Way Angle Cock (145)
PTMT,145-E,2 Way Angle Cock with Flange,Grand Series,2 Way Angle Cock (145)
PTMT,145-H,2 Way Angle Cock 15mm (with Flange),Helix Series,2 Way Angle Cock (145)
PTMT,145-Q,2 Way Angle Cock with Flange,Quadra Series,2 Way Angle Cock (145)
PTMT,145-R,2 Way Angle Cock with Flange,Ovian Series,2 Way Angle Cock (145)
PTMT,145-S,2 Way Angle Cock 15mm with Flange,Flora Series,2 Way Angle Cock (145)
PTMT,146,Concealed Stop Cock 15mm,STANDARD Series,Concealed Stop Cock
PTMT,1461,Concealed Stop Cock 15mm (R. H.),Roman Series,Concealed Stop Cock
PTMT,1501,Center Hole Basin Mixer Foam Flow,Roman Series,Center Hole Basin
PTMT,146-B,Concealed Stop Cock 15mm with Brass Body,STANDARD Series,Concealed Stop Cock
PTMT,146-C,Concealed Stop Cock 15mm,Cobra Series,Concealed Stop Cock
PTMT,146-E,Concealed Stop Cock,Grand Series,Concealed Stop Cock
PTMT,146-H,Concealed Stop Cock 15mm (R.H.),Helix Series,Concealed Stop Cock
PTMT,147,Pillar Cock Swan Neck Foam Flow with Flange,STANDARD Series,Pillar Cock Swan Neck (147)
PTMT,147-A,Pillar Cock Swan Neck T/M (BD),,Pillar Cock Swan Neck (147)
PTMT,147-B,Pillar Cock Swan Neck T/M (BP),Black Pearl Series,Pillar Cock Swan Neck (147)
PTMT,147-C,Pillar Cock Swan Neck Foam Flow with Flange,Cobra Series,Pillar Cock Swan Neck (147)
PTMT,147-E,Pillar Cock Swan Neck (T/M) Foam Flow with Flange,Grand Series,Pillar Cock Swan Neck (147)
PTMT,147-H,Pillar Cock Swan Neck Foam Flow with Flange,Helix Series,Pillar Cock Swan Neck (147)
PTMT,147-S,Pillar Cock Foam Flow Swan Neck (T/M) with Flange,Flora Series,Pillar Cock Swan Neck (147)
PTMT,148,Concealed Stop Cock 20mm,STANDARD Series,Concealed Stop Cock
PTMT,1481,Concealed Stop Cock 20mm (R. H.),Roman Series,Concealed Stop Cock
PTMT,148-C,CONCEALED TOP COCK 20MM - COBRA,,Concealed Stop Cock
PTMT,1491,Washing Machine Tap with Flange,Roman Series,Washing Machine Tap
PTMT,1491-H,Washing Machine Tap with Flange,Helix Series,Washing Machine Tap
PTMT,149-B,Washing Machine Tap with Flange,Black Pearl Series,Washing Machine Tap
PTMT,149-S,Washing Machine Tap With Flange,Flora Series,Washing Machine Tap
PTMT,151,Ball Cock with Rod & Ball 15mm,Ball Cock,BALL COCK
PTMT,151L,BALLCOCK ROD & BALL 15MM LONG THRED,,BALL COCK
PTMT,152,Ball Cock with Rod & Ball 20mm,Ball Cock,BALL COCK
PTMT,153,Ball Cock with Rod & Ball 25mm,Ball Cock,BALL COCK
PTMT,154,Ball Cock with Rod & Ball 32mm,Ball Cock,BALL COCK
PTMT,155,Ball Cock with Rod & Ball 40mm,Ball Cock,BALL COCK
PTMT,156,Ball Cock with Rod & Ball 50mm,Ball Cock,BALL COCK
PTMT,161,Ball Cock Body without Rod & Ball 15mm,Ball Cock,BALL COCK
PTMT,162,Ball Cock Body without Rod & Ball 20mm,Ball Cock,BALL COCK
PTMT,163,Ball Cock Body without Rod & Ball 25mm,Ball Cock,BALL COCK
PTMT,164,Ball Cock Body without Rod & Ball 32mm,Ball Cock,BALL COCK
PTMT,165,Ball Cock Body without Rod & Ball 38/40mm,Ball Cock,BALL COCK
PTMT,166,Ball Cock Body without Rod & Ball 50mm,Ball Cock,BALL COCK
PTMT,167,Ball Cock Rod (Aluminium) 15mm,Ball Cock,BALL COCK
PTMT,168,Ball Cock Rod (Aluminium) 20mm,Ball Cock,BALL COCK
PTMT,169,Ball Cock Rod (Aluminium) 25mm,Ball Cock,BALL COCK
PTMT,170,Ball Cock Rod (Aluminium) 32mm,Ball Cock,BALL COCK
PTMT,171,Ball Cock Rod (Aluminium) 38/40mm,Ball Cock,BALL COCK
PTMT,172,Ball Cock Rod (Aluminium) 50mm,Ball Cock,BALL COCK
PTMT,173,Ball Cock Ball (HDPE with Brass Nut) 15mm,Ball Cock,BALL COCK
PTMT,174,Ball Cock Ball (HDPE with Brass Nut) 20mm,Ball Cock,BALL COCK
PTMT,175,Ball Cock Ball (HDPE with Brass Nut) 25mm,Ball Cock,BALL COCK
PTMT,177,Ball Cock Ball (HDPE with Brass Nut) 38/40mm,Ball Cock,BALL COCK
PTMT,178,Ball Cock Ball (HDPE with Brass Nut) 50mm,Ball Cock,BALL COCK
PTMT,181,Swiveling Shower 75mm (3 inch) Without Arm,Accessories,Over Head Shower
PTMT,1811,Over Head Shower 75mm (3 inch) without Arm,Accessories,Over Head Shower
PTMT,1812,"OVER HEAD SHOWER - (5"") Opel",,Over Head Shower
PTMT,1813,Over Head Shower Round 75mm (3 inch) Without Arm,Accessories,Over Head Shower
PTMT,1813-B,O.H. Shower Round 75mm (3 inch) + Shower Arm 225mm with Flange (1813+184),Shower Sets,Over Head Shower
PTMT,1813-C,"O.H. Shower Round 75mm (3"" + Shower Arm 225mm Square (1813+1841)",Shower Sets,Over Head Shower
PTMT,1814,Over Head Shower Round 100mm (4 inch) (Adjustable) without Arm,Accessories,Over Head Shower
PTMT,1814-C,O.H. Shower Round 100mm (4 inch) + Shower Arm 225mm with Flange (1814+184),Shower Sets,Over Head Shower
PTMT,1814N-C,O.H. Shower Round 100mm (4 inch) + Shower Arm 225mm with Flange (1814+1841),Shower Sets,Over Head Shower
PTMT,1816,Over Head Shower Round 150mm (6 inch) without Arm,Accessories,Over Head Shower
PTMT,181-C,Swiveling Shower 15mm + Shower Arm 225mm (181+184),Shower Sets,Over Head Shower
PTMT,182,"RAIN SHOWER (SQ.8"")",,Over Head Shower
PTMT,1821,Over Head Shower Square 150x150mm (6x6 inch) without Arm,Accessories,Over Head Shower
PTMT,1821-C,O.H. Shower Square 150x150mm (6x6 inch) + Shower Arm 300mm Square (1821+1842),Shower Sets,Over Head Shower
PTMT,183,Hand Shower with 1.50 Mtr. Tube & Hook,Accessories,Hand Shower
PTMT,1831,Hand Shower with 1.50 Mtr. Tube with Hook,Accessories,Hand Shower
PTMT,184,Shower Arm 225mm with Flange,Accessories,Over Head Shower
PTMT,1841,Shower Arm - Square 225mm with Flange,Accessories,Over Head Shower
PTMT,1842,Shower Arm - Square 300mm with Flange,Accessories,Over Head Shower
PTMT,186,Urinal Spreader 15mm,STANDARD Series,URINAL COCK
PTMT,1861,Urinal Fish 32mm,STANDARD Series,URINAL COCK
PTMT,187,2 in 1 Faucet (1 Mtr Tube) with Hook,Faucets & Jet Sprays,2 in 1 Faucet
PTMT,1871,2 in 1 Faucet Special (1 Mtr Tube) with Hook,Faucets & Jet Sprays,2 in 1 Faucet
PTMT,188,2 in 1 Faucet (1.5 Mtr Tube) with Hook,Faucets & Jet Sprays,2 in 1 Faucet
PTMT,1881,2 in 1 Faucet (1.5 Mtr Tube) with Hook,Faucets & Jet Sprays,2 in 1 Faucet
PTMT,189,2 in 1 Faucet (Body),Faucets & Jet Sprays,2 in 1 Faucet
PTMT,1891,2 in 1 Faucet (Body),Faucets & Jet Sprays,2 in 1 Faucet
PTMT,190,Smart Shelf 300mm (12 inch),Accessories,SHELF
PTMT,190-C,"SMART SHELF (12"") COBRA",,SHELF
PTMT,191,The Shelf 450mm (18 inch),Accessories,SHELF
PTMT,191-C,THE SHELF (COBRA),,SHELF
PTMT,192,Corner Shelf 200mm (8 inch),Accessories,SHELF
PTMT,193,LIQUID SOAP DISPENSER,,Liquid Soap Container
PTMT,194,Liquid Soap Container,Accessories,Liquid Soap Container
PTMT,195,Soap Dish - Oval,Accessories,Soap Dish
PTMT,1951,Soap Dish/Holder - Square,Accessories,Soap Dish
PTMT,195-C,SOAP DISH HOLDER COBRA,,Soap Dish
PTMT,196,Towel Ring - Quad,Accessories,Towel Ring
PTMT,1961,Towel Ring - Round,Accessories,Towel Ring
PTMT,196-IV,TOWEL RING (IVORY),,Towel Ring
PTMT,197,Toilet Paper Holder,Accessories,Toilet Paper Holder
PTMT,198,Tooth Brush Holder,Accessories,Tooth Brush Holder
PTMT,492-W,ABS Soap Dispenser Oval 400ml White,Accessories,Liquid Soap Container
PTMT,493-W,ABS Soap Dispenser Round 400ml White,Accessories,Liquid Soap Container
PTMT,126-SQ,Square Flange 15mm,Accessories,FLANGE
PTMT,199,Towel Rail 18 inch (450mm),Accessories,Towel Rail
PTMT,200,Towel Rail 24 inch (600mm),Accessories,Towel Rail
PTMT,201,"Door Handel 4""/125mm",Accessories,Door Handel
PTMT,202,"Door Handel 6""/150mm",Accessories,Door Handel
PTMT,221,"Butt Hinge 3""/75x60mm",Accessories,Hinge
PTMT,222,"Butt Hinge 4""/100x75mm",Accessories,Hinge
PTMT,225,"Reflex Hinge L & R 3""/75mm",Accessories,Hinge
PTMT,231,"Tower Bolt 4""/100mm",Accessories,Bolt
PTMT,232,"Tower Bolt 6""/150mm",Accessories,Bolt
PTMT,233,"Tower Bolt 8""/200mm",Accessories,Bolt
PTMT,311,BALLCOCK CHUTKI 15MM,Spindles Set Accessories,BALL  COCK CHUTKI
PTMT,312,BALLCOCK CHUTKI 20MM,Spindles Set Accessories,BALL  COCK CHUTKI
PTMT,313,BALLCOCK CHUTKI 25MM,Spindles Set Accessories,BALL  COCK CHUTKI
PTMT,314,BALL COCK CHUTKI (32 MM),Spindles Set Accessories,BALL  COCK CHUTKI
PTMT,315,BALLCOCK CHUTKI 40MM,Spindles Set Accessories,BALL  COCK CHUTKI
PTMT,316,BALLCOCK CHUTKI 50MM,Spindles Set Accessories,BALL  COCK CHUTKI
PTMT,331,Tank Nipple 15mm,Tank Nipples,Tank Nipples
PTMT,332,Tank Nipple 20mm,Tank Nipples,Tank Nipples
PTMT,333,Tank Nipple 25mm,Tank Nipples,Tank Nipples
PTMT,334,Tank Nipple 32mm,Tank Nipples,Tank Nipples
PTMT,335,Tank Nipple 40mm,Tank Nipples,Tank Nipples
PTMT,336,Tank Nipple 50mm,Tank Nipples,Tank Nipples
PTMT,PP-01,"End Plug (1/2"")",Tank Nipples,End Plug
PTMT,PP-02,"End Plug (3/4"")",Tank Nipples,End Plug
PTMT,337,Hexa Nipple 15mm,Tank Nipples,Nipple
PTMT,400-i,Single Lever Basin Mixer Foam Flow,Ibix Series,Single Lever Basin (400)
PTMT,400-Q,Single Lever Basin Mixer Foam Flow,Quadra Series,Single Lever Basin (400)
PTMT,400-R,Single Lever Basin Mixer Foam Flow,Ovian Series,Single Lever Basin (400)
PTMT,400-S,SINGLE LEVER BASIN MIXER QUADRA,,Single Lever Basin (400)
PTMT,520,JET SPRAY (WITH 1\2 MTR TUBE),,Jet Spray
PTMT,520N,"JET SPRAY (WITH 1\2 MTR TUBE),",,Jet Spray
PTMT,521,Jet Spray with 1 Mtr Tube,Faucets & Jet Sprays,Jet Spray
PTMT,5211,Jet Spray L-Type with 1 Mtr Tube,Faucets & Jet Sprays,Jet Spray
PTMT,5211N,"JET SPRAY (MULTI FUNCTION 1 MTR),",,Jet Spray
PTMT,522,Jet Spray with 1.5 Mtr Tube,Faucets & Jet Sprays,Jet Spray
PTMT,5221,Jet Spray L-Type with 1.5 Mtr Tube,Faucets & Jet Sprays,Jet Spray
PTMT,5221N,JET SPRAY (MULTI FUNCTION 1.5 MTR).,,Jet Spray
PTMT,552,Towel Rack 24 inch (600mm),Accessories,Towel Rack
PTMT,571,Flush Valve 25mm (Lever Type),Flush Valves,Flush Valve
PTMT,572,Flush Valve 25mm (Push Type),Flush Valves,Flush Valve
PTMT,575,Robe Hook,Accessories,hook
PTMT,147-I,Pillar Cock Swan Neck Foam Flow with Flange,Ibix Series,Pillar Cock Swan Neck (147)
PTMT,147-R,Pillar Cock Swan Neck Foam Flow with Flange,Ovian Series,Pillar Cock Swan Neck (147)
PTMT,131-N,Pillar Cock 15mm (Foam Flow) with Flange,STANDARD Series,Pillar Cock (131)
PTMT,1311-N,Pillar Cock 15mm Foam Flow with Flange,Roman Series,Pillar Cock (131)
PTMT,122-O,Bib Cock Standard (Female) 15mm with Flange,STANDARD Series Old Handle,BIB COCK  (122)
PTMT,131-O,Pillar Cock 15mm (Old Handle) (Foam Flow) with Flange,STANDARD Series Old Handle,Pillar Cock (131)
PTMT,120-S,T. Handle with Flange,Special Cock Series,Bib Cock Standard (120)
PTMT,120-WS,T. Handle without Flange,Special Cock Series,Bib Cock Standard (120)
PTMT,133NEW,SINK COCK (SWING ARM) T/M,,SINK COCK (133)
PTMT,142-O,Stop Cock 15mm (F/T) Old Handle,STANDARD Series Old Handle,Stop Cock
PTMT,DB-04,BALL COCK,Ball Cock,BALL COCK
PTMT,133C-NEW,SINK COCK (R.H) SWING ARM (T/M),,SINK COCK (133)
PTMT,1811-C,O.H. Shower Round 100mm (4 inch) + Shower Arm 225mm with Flange (1811+184),Shower Sets,Over Head Shower
PTMT,148-B,Concealed Stop Cock 20mm with Brass Body,STANDARD Series,Concealed Stop Cock
PTMT,129-O,2 Way Bib Cock 15mm (Foam Flow) with Flange,STANDARD Series Old Handle,2 Way Bib Cock (129)
PTMT,148-H,Concealed Stop Cock 20mm (R.H.),Helix Series,Concealed Stop Cock
PTMT,121-HG,Bib Cock Standard (121),Helix Gold Series,Bib Cock Standard (121)
PTMT,123-HG,Bib Cock Fancy  (123),Helix Gold Series,Bib Cock Fancy  (123)
PTMT,123-FHG,Bib Cock Fancy  (123),Helix Gold Series,Bib Cock Fancy  (123)
PTMT,123-HNG,Bib Cock Fancy  (123),Helix Gold Series,Bib Cock Fancy  (123)
PTMT,129-HG,2 Way Bib Cock 15mm (Foam Flow) with Flange,Helix Gold Series,2 Way Bib Cock (129)
PTMT,131-HG,Pillar Cock Fancy 15mm (Foam Flow) with Flange,Helix Gold Series,Pillar Cock (131)
PTMT,144-HG,Angle Cock with Flange,Helix Gold Series,Angle Cock (144)
PTMT,143-H,Stop Cock 20mm (F/T) R.H.,Helix Series,Stop Cock
PTMT,121-HR,Bib Cock Standard (121),Helix Royal Series,Bib Cock Standard (121)
PTMT,123-HR,Bib Cock Fancy  (123),Helix Royal Series,Bib Cock Fancy  (123)
PTMT,123-FHR,Bib Cock Fancy  (123),Helix Royal Series,Bib Cock Fancy  (123)
PTMT,123-HNR,Bib Cock Fancy  (123),Helix Royal Series,Bib Cock Fancy  (123)
PTMT,124-HR,Bib Cock Long Body 15mm with Flange (W/F),Helix Royal Series,Bib Cock Long Body (124)
PTMT,124-FHR,Bib Cock Long Body 15mm (Foam Flow) with Flange (W/F),Helix Royal Series,Bib Cock Long Body (124)
PTMT,130-HR,Pillar Cock Foam Flow with Flange,Helix Royal Series,Pillar Cock (130)
PTMT,132-HR,Sink Cock (Foam Flow) with Flange,Helix Royal Series,Sink Cock (132)
PTMT,144-HR,Angle Cock with Flange,Helix Royal Series,Angle Cock (144)
PTMT,1375-HR,Wall Mixer (Foam Flow) L Bend with Flange,Helix Royal Series,Wall Mixer (1375)
PTMT,121-FHP,Bib Cock Standard (121),,Bib Cock Standard (121)
PTMT,121-FHG,Bib Cock Standard (121),,Bib Cock Standard (121)
PTMT,121-FHR,Bib Cock Standard (121),,Bib Cock Standard (121)
PTMT,121-FHW,Bib Cock Standard (121),,Bib Cock Standard (121)
PTMT,124-HP,Bib Cock Long Body 15mm with Flange (W/F),Helix Peach Series,Bib Cock Long Body (124)
PTMT,124-FHP,Bib Cock Long Body 15mm (Foam Flow) with Flange (W/F),Helix Peach Series,Bib Cock Long Body (124)
PTMT,123-HP,Bib Cock Fancy  (123),Helix Peach Series,Bib Cock Fancy  (123)
PTMT,123-FHP,Bib Cock Fancy  (123),Helix Peach Series,Bib Cock Fancy  (123)
PTMT,123-HNP,Bib Cock Fancy  (123),Helix Peach Series,Bib Cock Fancy  (123)
PTMT,144-HP,Angle Cock with Flange,Helix Peach Series,Angle Cock (144)
PTMT,132-HP,Sink Cock (Foam Flow) with Flange,Helix Peach Series,Sink Cock (132)
PTMT,131-HP,Pillar Cock Fancy 15mm (Foam Flow) with Flange,Helix Peach Series,Pillar Cock (131)
PTMT,124-HG,Bib Cock Long Body 15mm with Flange (W/F),Helix Gold Series,Bib Cock Long Body (124)
PTMT,124-FHG,Bib Cock Long Body 15mm (Foam Flow) with Flange (W/F),Helix Gold Series,Bib Cock Long Body (124)
PTMT,132-HG,Sink Cock (Foam Flow) with Flange,Helix Gold Series,Sink Cock (132)
PTMT,131-HR,Pillar Cock Fancy 15mm (Foam Flow) with Flange,Helix Royal Series,Pillar Cock (131)
PTMT,145-I,2 Way Angle Cock with Flange,Ibix Series,2 Way Angle Cock (145)
PTMT,121-HW,Bib Cock Standard (121),Helix Wine Series,Bib Cock Standard (121)
PTMT,121-HP,Bib Cock Standard (121),Helix Peach Series,Bib Cock Standard (121)
PTMT,127-HR,Bib Cock Nozzle with Flange,Helix Royal Series,Bib Cock Nozzle (127)
PTMT,129-HR,2 Way Bib Cock 15mm (Foam Flow) with Flange,Helix Royal Series,2 Way Bib Cock (129)
PTMT,133-HR,Sink Cock (Foam Flow) (Swing Arm) (T/M) with Flange,Helix Royal Series,SINK COCK (133)
PTMT,145-HR,2 Way Angle Cock 15mm with Flange,Helix Royal Series,2 Way Angle Cock (145)
PTMT,127-HG,Bib Cock Nozzle with Flange,Helix Gold Series,Bib Cock Nozzle (127)
PTMT,133-HG,Sink Cock (Foam Flow) (Swing Arm) (T/M) with Flange,Helix Gold Series,SINK COCK (133)
PTMT,145-HG,2 Way Angle Cock 15mm with Flange,Helix Gold Series,2 Way Angle Cock (145)
PTMT,1491-HG,Washing Machine Tap with Flange,Helix Gold Series,Washing Machine Tap
PTMT,123-HW,Bib Cock Fancy  (123),Helix Wine Series,Bib Cock Fancy  (123)
PTMT,124-HW,Bib Cock Long Body 15mm with Flange (W/F),Helix Wine Series,Bib Cock Long Body (124)
PTMT,124-FHW,Bib Cock Long Body 15mm (Foam Flow) with Flange (W/F),Helix Wine Series,Bib Cock Long Body (124)
PTMT,127-HW,Bib Cock Nozzle with Flange,Helix Wine Series,Bib Cock Nozzle (127)
PTMT,1311-HR,Pillar Cock Fancy 15mm (R. H.) (Foam Flow) with Flange,Helix Royal Series,Pillar Cock (131)
PTMT,1491-HW,Washing Machine Tap with Flange,Helix Wine Series,Washing Machine Tap
PTMT,1322-HNW,Sink Cock Swan Neck Foam Flow Small Spout With Flange,Helix Wine Series,Sink Cock (132)
PTMT,147-HG,Pillar Cock (Foam Flow) Swan Neck with Flange,Helix Gold Series,Pillar Cock Swan Neck (147)
PTMT,129-HW,2 Way Bib Cock 15mm (Foam Flow) with Flange,Helix Wine Series,2 Way Bib Cock (129)
PTMT,1311-HW,Pillar Cock Fancy 15mm (R. H.) (Foam Flow) with Flange,Helix Wine Series,Pillar Cock (131)
PTMT,132-HW,Sink Cock (Foam Flow) with Flange,Helix Wine Series,Sink Cock (132)
PTMT,144-HW,Angle Cock with Flange,Helix Wine Series,Angle Cock (144)
PTMT,145-HW,2 Way Angle Cock 15mm with Flange,Helix Wine Series,2 Way Angle Cock (145)
PTMT,127-HP,Bib Cock Nozzle with Flange,Helix Peach Series,Bib Cock Nozzle (127)
PTMT,129-HP,2 Way Bib Cock 15mm (Foam Flow) with Flange,Helix Peach Series,2 Way Bib Cock (129)
PTMT,130-HP,Pillar Cock Foam Flow with Flange,Helix Peach Series,Pillar Cock (130)
PTMT,133-HP,Sink Cock (Foam Flow) (Swing Arm) (T/M) with Flange,Helix Peach Series,SINK COCK (133)
PTMT,134-HP,Sink Mixer (Foam Flow) with Flange,Helix Peach Series,Sink Mixer (134)
PTMT,1375-HP,Wall Mixer (Foam Flow) L Bend with Flange,Helix Peach Series,Wall Mixer (1375)
PTMT,145-HP,2 Way Angle Cock 15mm with Flange,Helix Peach Series,2 Way Angle Cock (145)
PTMT,147-HP,Pillar Cock (Foam Flow) Swan Neck with Flange,Helix Peach Series,Pillar Cock Swan Neck (147)
PTMT,147-HQP,Pillar Cock Swan Neck Foam Flow Square Spout with Flange,Helix Peach Series,Pillar Cock Swan Neck (147)
PTMT,1491-HP,Washing Machine Tap with Flange,Helix Peach Series,Washing Machine Tap
PTMT,147-HQR,Pillar Cock Swan Neck Foam Flow Square Spout with Flange,Helix Royal Series,Pillar Cock Swan Neck (147)
PTMT,147-HR,Pillar Cock (Foam Flow) Swan Neck with Flange,Helix Royal Series,Pillar Cock Swan Neck (147)
PTMT,130-HG,Pillar Cock Foam Flow with Flange,Helix Gold Series,Pillar Cock (130)
PTMT,142-HR,Stop Cock 15mm (F/T) R. H.,Helix Royal Series,Stop Cock
PTMT,1375-HG,Wall Mixer (Foam Flow) L Bend with Flange,Helix Gold Series,Wall Mixer (1375)
PTMT,148-HG,Concealed Stop Cock 20mm (R. H.),Helix Gold Series,Concealed Stop Cock
PTMT,1311-C,Pillar Cock Fancy 15mm (R. H.) (Foam Flow) with Flange,Cobra Series,Pillar Cock (131)
PTMT,131-HW,Pillar Cock Fancy 15mm (Foam Flow) with Flange,Helix Wine Series,Pillar Cock (131)
PTMT,147-HW,Pillar Cock (Foam Flow) Swan Neck with Flange,Helix Wine Series,Pillar Cock Swan Neck (147)
PTMT,1311-HG,Pillar Cock Fancy 15mm (R. H.) (Foam Flow) with Flange,Helix Gold Series,Pillar Cock (131)
PTMT,130-HW,Pillar Cock Foam Flow with Flange,Helix Wine Series,Pillar Cock (130)
PTMT,121-SG,Bib Cock Standard (121),Flora Gold Series,Bib Cock Standard (121)
PTMT,1332,Sink Cock (R. H.) Swing Arm T/M Foam Flow with Flange,Roman Series,SINK COCK (133)
PTMT,129-SG,2 Way Bib Cock 15mm (Foam Flow) with Flange,Flora Gold Series,2 Way Bib Cock (129)
PTMT,147-SG,Pillar Cock (Foam Flow) Swan Neck with Flange,Flora Gold Series,Pillar Cock Swan Neck (147)
PTMT,145-O,2 Way Angle Cock with Flange,STANDARD Series Old Handle,2 Way Angle Cock (145)
PTMT,144-SG,Angle Cock with Flange,Flora Gold Series,Angle Cock (144)
PTMT,131-I,Pillar Cock Fancy 15mm with (Foam Flow) with Flange,Ibix Series,Pillar Cock (131)
PTMT,1375-IG,Wall Mixer L Bend Foam Flow With Flange,Ibix Gold Series,Wall Mixer (1375)
PTMT,123-QR,Bib Cock Fancy  (123),Quadra Royal Series,Bib Cock Fancy  (123)
PTMT,129-QR,2 Way Bib Cock Foam Flow with Flange,Quadra Royal Series,2 Way Bib Cock (129)
PTMT,130-QR,Pillar Cock Foam Flow with Flange,Quadra Royal Series,Pillar Cock (130)
PTMT,132-QR,Sink Cock (W/M) Foam Flow with Flange,Quadra Royal Series,Sink Cock (132)
PTMT,133-QR,Sink Cock (R.H) Swan Neck (T/M) Foam Flow with Flange,Quadra Royal Series,SINK COCK (133)
PTMT,144-QR,Angle Cock with Flange,Quadra Royal Series,Angle Cock (144)
PTMT,129-QG,2 Way Bib Cock Foam Flow with Flange,Quadra Gold Series,2 Way Bib Cock (129)
PTMT,130-QG,Pillar Cock Foam Flow with Flange,Quadra Gold Series,Pillar Cock (130)
PTMT,132-QG,Sink Cock (W/M) Foam Flow with Flange,Quadra Gold Series,Sink Cock (132)
PTMT,133-QG,Sink Cock (R.H) Swan Neck (T/M) Foam Flow with Flange,Quadra Gold Series,SINK COCK (133)
PTMT,144-QG,Angle Cock with Flange,Quadra Gold Series,Angle Cock (144)
PTMT,134-HG,Sink Mixer (Foam Flow) with Flange,Helix Gold Series,Sink Mixer (134)
PTMT,1375-IR,Wall Mixer L Bend Foam Flow With Flange,Ibix Royal Series,Wall Mixer (1375)
PTMT,133-HW,Sink Cock (Foam Flow) (Swing Arm) (T/M) with Flange,Helix Wine Series,SINK COCK (133)
PTMT,143-HW,Stop Cock 20mm (F/T) R. H.,Helix Wine Series,Stop Cock
PTMT,1311-HP,Pillar Cock Fancy 15mm (R. H.) (Foam Flow) with Flange,Helix Peach Series,Pillar Cock (131)
PTMT,121-RR,Bib Cock Standard (121),Ovian Royal Series,Bib Cock Standard (121)
PTMT,121-RW,Bib Cock Standard (121),Ovian Wine Series,Bib Cock Standard (121)
PTMT,123-QW,Bib Cock Fancy  (123),Quadra Wine Series,Bib Cock Fancy  (123)
PTMT,121-RP,Bib Cock Standard (121),Ovian Peach Series,Bib Cock Standard (121)
PTMT,123-QP,Bib Cock Fancy  (123),Quadra Peach Series,Bib Cock Fancy  (123)
PTMT,121-RG,Bib Cock Standard (121),Ovian Gold Series,Bib Cock Standard (121)
PTMT,123-QG,Bib Cock Fancy  (123),Quadra Gold Series,Bib Cock Fancy  (123)
PTMT,130-RR,Pillar Cock Foam Flow with Flange,Ovian Royal Series,Pillar Cock (130)
PTMT,130-RNR,Pillar Cock Fancy 15mm (Foam Flow) with Flange,Ovian Royal Series,Pillar Cock (130)
PTMT,130-IR,Pillar Cock Foam Flow with Flange,Ibix Royal Series,Pillar Cock (130)
PTMT,130-SR,Pillar Cock with Flange,Flora Royal Series,Pillar Cock (130)
PTMT,129-QW,2 Way Bib Cock Foam Flow with Flange,Quadra Wine Series,2 Way Bib Cock (129)
PTMT,130-QW,Pillar Cock Foam Flow with Flange,Quadra Wine Series,Pillar Cock (130)
PTMT,132-QW,Sink Cock (W/M) Foam Flow with Flange,Quadra Wine Series,Sink Cock (132)
PTMT,133-QW,Sink Cock (R.H) Swan Neck (T/M) Foam Flow with Flange,Quadra Wine Series,SINK COCK (133)
PTMT,129-RG,2 Way Bib Cock Foam Flow with Flange,Ovian Gold Series,2 Way Bib Cock (129)
PTMT,130-RG,Pillar Cock Foam Flow with Flange,Ovian Gold Series,Pillar Cock (130)
PTMT,130-RNG,Pillar Cock Fancy 15mm (Foam Flow) with Flange,Ovian Gold Series,Pillar Cock (130)
PTMT,132-RG,Sink Cock (W/M) Long Arm Foam Flow with Flange,Ovian Gold Series,Sink Cock (132)
PTMT,134-RG,Sink Mixer Foam Flow with Flange,Ovian Gold Series,Sink Mixer (134)
PTMT,135-RG,Wall Mixer Foam Flow with Flange,Ovian Gold Series,Wall Mixer (135)
PTMT,144-RG,Angle Cock with Flange,Ovian Gold Series,Angle Cock (144)
PTMT,145-RG,2 Way Angle Cock with Flange,Ovian Gold Series,2 Way Angle Cock (145)
PTMT,400-RG,Single Lever Basin Mixer Foam Flow,Ovian Gold Series,Single Lever Basin (400)
PTMT,1375-RG,Wall Mixer L Bend Foam Flow With Flange,Ovian Gold Series,Wall Mixer (1375)
PTMT,132-SG,Sink Cock (Foam Flow) with Flange,Flora Gold Series,Sink Cock (132)
PTMT,145-SG,2 Way Angle Cock 15mm with Flange,Flora Gold Series,2 Way Angle Cock (145)
PTMT,124-SG,Bib Cock Long Smart Body 15mm with Flange,Flora Gold Series,Bib Cock Long Body (124)
PTMT,1375-HW,Wall Mixer (Foam Flow) L Bend with Flange,Helix Wine Series,Wall Mixer (1375)
PTMT,129-RR,2 Way Bib Cock Foam Flow with Flange,Ovian Royal Series,2 Way Bib Cock (129)
PTMT,132-RR,Sink Cock (W/M) Long Arm Foam Flow with Flange,Ovian Royal Series,Sink Cock (132)
PTMT,144-RR,Angle Cock with Flange,Ovian Royal Series,Angle Cock (144)
PTMT,145-RR,2 Way Angle Cock with Flange,Ovian Royal Series,2 Way Angle Cock (145)
PTMT,147-RQR,Pillar Cock Swan Neck Square Spout Foam Flow with Flange,Ovian Royal Series,Pillar Cock Swan Neck (147)
PTMT,147-RR,Pillar Cock Swan Neck Foam Flow with Flange,Ovian Royal Series,Pillar Cock Swan Neck (147)
PTMT,1375-RR,Wall Mixer L Bend Foam Flow With Flange,Ovian Royal Series,Wall Mixer (1375)
PTMT,145-QR,2 Way Angle Cock with Flange,Quadra Royal Series,2 Way Angle Cock (145)
PTMT,400-QR,Single Lever Basin Mixer Foam Flow,Quadra Royal Series,Single Lever Basin (400)
PTMT,129-RW,2 Way Bib Cock Foam Flow with Flange,Ovian Wine Series,2 Way Bib Cock (129)
PTMT,132-RW,Sink Cock (W/M) Long Arm Foam Flow with Flange,Ovian Wine Series,Sink Cock (132)
PTMT,144-RW,Angle Cock with Flange,Ovian Wine Series,Angle Cock (144)
PTMT,145-RW,2 Way Angle Cock with Flange,Ovian Wine Series,2 Way Angle Cock (145)
PTMT,147-RW,Pillar Cock Swan Neck Foam Flow with Flange,Ovian Wine Series,Pillar Cock Swan Neck (147)
PTMT,147-RQW,Pillar Cock Swan Neck Square Spout Foam Flow with Flange,Ovian Wine Series,Pillar Cock Swan Neck (147)
PTMT,1375-RW,Wall Mixer L Bend Foam Flow With Flange,Ovian Wine Series,Wall Mixer (1375)
PTMT,144-QW,Angle Cock with Flange,Quadra Wine Series,Angle Cock (144)
PTMT,145-QW,2 Way Angle Cock with Flange,Quadra Wine Series,2 Way Angle Cock (145)
PTMT,400-QW,Single Lever Basin Mixer Foam Flow,Quadra Wine Series,Single Lever Basin (400)
PTMT,129-RP,2 Way Bib Cock Foam Flow with Flange,Ovian Peach Series,2 Way Bib Cock (129)
PTMT,132-RP,Sink Cock (W/M) Long Arm Foam Flow with Flange,Ovian Peach Series,Sink Cock (132)
PTMT,144-RP,Angle Cock with Flange,Ovian Peach Series,Angle Cock (144)
PTMT,145-RP,2 Way Angle Cock with Flange,Ovian Peach Series,2 Way Angle Cock (145)
PTMT,147-RP,Pillar Cock Swan Neck Foam Flow with Flange,Ovian Peach Series,Pillar Cock Swan Neck (147)
PTMT,147-RQP,Pillar Cock Swan Neck Square Spout Foam Flow with Flange,Ovian Peach Series,Pillar Cock Swan Neck (147)
PTMT,1375-RP,Wall Mixer L Bend Foam Flow With Flange,Ovian Peach Series,Wall Mixer (1375)
PTMT,129-QP,2 Way Bib Cock Foam Flow with Flange,Quadra Peach Series,2 Way Bib Cock (129)
PTMT,130-QP,Pillar Cock Foam Flow with Flange,Quadra Peach Series,Pillar Cock (130)
PTMT,132-QP,Sink Cock (W/M) Foam Flow with Flange,Quadra Peach Series,Sink Cock (132)
PTMT,133-QP,Sink Cock (R.H) Swan Neck (T/M) Foam Flow with Flange,Quadra Peach Series,SINK COCK (133)
PTMT,144-QP,Angle Cock with Flange,Quadra Peach Series,Angle Cock (144)
PTMT,145-QP,2 Way Angle Cock with Flange,Quadra Peach Series,2 Way Angle Cock (145)
PTMT,400-QP,Single Lever Basin Mixer Foam Flow,Quadra Peach Series,Single Lever Basin (400)
PTMT,147-RG,Pillar Cock Swan Neck Foam Flow with Flange,Ovian Gold Series,Pillar Cock Swan Neck (147)
PTMT,147-RQG,Pillar Cock Swan Neck Square Spout Foam Flow with Flange,Ovian Gold Series,Pillar Cock Swan Neck (147)
PTMT,145-QG,2 Way Angle Cock with Flange,Quadra Gold Series,2 Way Angle Cock (145)
PTMT,400-QG,Single Lever Basin Mixer Foam Flow,Quadra Gold Series,Single Lever Basin (400)
PTMT,134-RR,Sink Mixer Foam Flow with Flange,Ovian Royal Series,Sink Mixer (134)
PTMT,135-RR,Wall Mixer Foam Flow with Flange,Ovian Royal Series,Wall Mixer (135)
PTMT,132-SW,Sink Cock (Foam Flow) with Flange,Flora Wine Series,Sink Cock (132)
PTMT,123-RR,Bib Cock Fancy  (123),Ovian Royal Series,Bib Cock Fancy  (123)
PTMT,150-RR,Center Hole Basin Mixer Foam Flow,Ovian Royal Series,Center Hole Basin
PTMT,124-RR,Bib Cock Long Smart Body 15mm with Flange,Ovian Royal Series,Bib Cock Long Body (124)
PTMT,121-IG,Bib Cock Standard (121),Ibix Gold Series,Bib Cock Standard (121)
PTMT,123-IG,Bib Cock Fancy  (123),Ibix Gold Series,Bib Cock Fancy  (123)
PTMT,124-IG,Bib Cock Long Body (Smart) Foam Flow with Flange,Ibix Gold Series,Bib Cock Long Body (124)
PTMT,129-IG,2 Way Bib Cock Foam Flow with Flange,Ibix Gold Series,2 Way Bib Cock (129)
PTMT,130-IG,Pillar Cock Foam Flow with Flange,Ibix Gold Series,Pillar Cock (130)
PTMT,144-IG,Angle Cock with Flange,Ibix Gold Series,Angle Cock (144)
PTMT,145-IG,2 Way Angle Cock with Flange,Ibix Gold Series,2 Way Angle Cock (145)
PTMT,147-IG,Pillar Cock Swan Neck Foam Flow with Flange,Ibix Gold Series,Pillar Cock Swan Neck (147)
PTMT,150-IG,Center Hole Basin Mixer Foam Flow,Ibix Gold Series,Center Hole Basin
PTMT,147-IQG,Pillar Cock Swan Neck Square Spout Foam Flow with Flange,Ibix Gold Series,Pillar Cock Swan Neck (147)
PTMT,132-IG,Sink Cock Foam Flow with Flange,Ibix Gold Series,Sink Cock (132)
PTMT,123-CF,Bib Cock Fancy  (123),Cobra Series,Bib Cock Fancy  (123)
PTMT,149-A,Washing Machine Tap with Flange,,Washing Machine Tap
PTMT,121-IR,Bib Cock Standard (121),Ibix Royal Series,Bib Cock Standard (121)
PTMT,123-IR,Bib Cock Fancy  (123),Ibix Royal Series,Bib Cock Fancy  (123)
PTMT,129-IR,2 Way Bib Cock Foam Flow with Flange,Ibix Royal Series,2 Way Bib Cock (129)
PTMT,132-IR,Sink Cock Foam Flow with Flange,Ibix Royal Series,Sink Cock (132)
PTMT,144-IR,Angle Cock with Flange,Ibix Royal Series,Angle Cock (144)
PTMT,145-IR,2 Way Angle Cock with Flange,Ibix Royal Series,2 Way Angle Cock (145)
PTMT,147-IR,Pillar Cock Swan Neck Foam Flow with Flange,Ibix Royal Series,Pillar Cock Swan Neck (147)
PTMT,121-SR,Bib Cock Standard (121),Flora Royal Series,Bib Cock Standard (121)
PTMT,124-SR,Bib Cock Long Smart Body 15mm with Flange,Flora Royal Series,Bib Cock Long Body (124)
PTMT,127-SR,Bib Cock Nozzle with Flange,Flora Royal Series,Bib Cock Nozzle (127)
PTMT,129-SR,2 Way Bib Cock 15mm with Flange,Flora Royal Series,2 Way Bib Cock (129)
PTMT,132-SR,Sink Cock (Foam Flow) with Flange,Flora Royal Series,Sink Cock (132)
PTMT,147-SR,Pillar Cock (Foam Flow) Swan Neck with Flange,Flora Royal Series,Pillar Cock Swan Neck (147)
PTMT,144-SR,Angle Cock with Flange,Flora Royal Series,Angle Cock (144)
PTMT,145-SR,2 Way Angle Cock 15mm with Flange,Flora Royal Series,2 Way Angle Cock (145)
PTMT,130-SG,Pillar Cock with Flange,Flora Gold Series,Pillar Cock (130)
PTMT,1322-SG,Sink Cock Swing Arm Short (W/M) with Flange,Flora Gold Series,Sink Cock (132)
PTMT,150-IR,Center Hole Basin Mixer Foam Flow,Ibix Royal Series,Center Hole Basin
PTMT,130-RW,Pillar Cock Foam Flow with Flange,Ovian Wine Series,Pillar Cock (130)
PTMT,130-RNW,Pillar Cock Fancy 15mm (Foam Flow) with Flange,Ovian Wine Series,Pillar Cock (130)
PTMT,130-VR,Pillar Cock with Flange,Vitro Royal Series,Pillar Cock (130)
PTMT,130-V,Pillar Cock with Flange,Vitro Series,Pillar Cock (130)
PTMT,200-A,,,Door Handel
PTMT,125-O,Bib Cock Standard 20mm with Flange,STANDARD Series Old Handle,Bib Cock Standard (125)
PTMT,123-FHW,Bib Cock Fancy  (123),Helix Wine Series,Bib Cock Fancy  (123)
PTMT,121-V,Bib Cock Standard (121),Vitro Series,Bib Cock Standard (121)
PTMT,121-VG,Bib Cock Standard (121),Vitro Gold Series,Bib Cock Standard (121)
PTMT,134-HW,Sink Mixer (Foam Flow) with Flange,Helix Wine Series,Sink Mixer (134)
PTMT,134-HR,Sink Mixer (Foam Flow) with Flange,Helix Royal Series,Sink Mixer (134)
PTMT,143-HR,Stop Cock 20mm (F/T) R. H.,Helix Royal Series,Stop Cock
PTMT,143-HG,Stop Cock 20mm (F/T) R. H.,Helix Gold Series,Stop Cock
PTMT,124-V,Bib Cock Long Body 15mm with Flange,Vitro Series,Bib Cock Long Body (124)
PTMT,129-V,2 Way Bib Cock with Flange,Vitro Series,2 Way Bib Cock (129)
PTMT,147-V,Pillar Cock Swan Neck (T/M) Foam Flow with Flange,Vitro Series,Pillar Cock Swan Neck (147)
PTMT,1322-V,Sink Cock Swing Arm Short (W/M) Foam Flow with Flange,Vitro Series,Sink Cock (132)
PTMT,144-V,Angle Cock with Flange,Vitro Series,Angle Cock (144)
PTMT,145-V,2 Way Angle Cock 15mm with Flange,Vitro Series,2 Way Angle Cock (145)
PTMT,133-SG,Sink Cock (Foam Flow) (Swing Arm) (T/M) with Flange,Flora Gold Series,SINK COCK (133)
PTMT,127-SG,Bib Cock Nozzle with Flange,Flora Gold Series,Bib Cock Nozzle (127)
PTMT,133-IG,Sink Cock (T/M) Long Spout Foam Flow with Flange,Ibix Gold Series,SINK COCK (133)
PTMT,123-RG,Bib Cock Fancy  (123),Ovian Gold Series,Bib Cock Fancy  (123)
PTMT,124-VG,Bib Cock Long Smart Body 15mm with Flange,Vitro Gold Series,Bib Cock Long Body (124)
PTMT,129-VG,2 Way Bib Cock with Flange,Vitro Gold Series,2 Way Bib Cock (129)
PTMT,132-VG,Sink Cock (W/M) Foam Flow with Flange,Vitro Gold Series,Sink Cock (132)
PTMT,144-VG,Angle Cock with Flange,Vitro Gold Series,Angle Cock (144)
PTMT,147-VG,Pillar Cock Swan Neck Foam Flow with Flange,Vitro Gold Series,Pillar Cock Swan Neck (147)
PTMT,124-IR,Bib Cock Long Body (Smart) Foam Flow with Flange,Ibix Royal Series,Bib Cock Long Body (124)
PTMT,142-HG,Stop Cock 15mm (F/T) R. H.,Helix Gold Series,Stop Cock
PTMT,142-HW,Stop Cock 15mm (F/T) R. H.,Helix Wine Series,Stop Cock
PTMT,148-HW,Concealed Stop Cock 20mm (R. H.),Helix Wine Series,Concealed Stop Cock
PTMT,149-SG,Washing Machine Tap with Flange,Flora Gold Series,Washing Machine Tap
PTMT,133-RG,Sink Cock (T/M) Long Arm Foam Flow with Flange,Ovian Gold Series,SINK COCK (133)
PTMT,133-IR,Sink Cock (T/M) Long Spout Foam Flow with Flange,Ibix Royal Series,SINK COCK (133)
PTMT,130-VG,Pillar Cock with Flange,Vitro Gold Series,Pillar Cock (130)
PTMT,127-VG,Bib Cock Nozzle with Flange,Vitro Gold Series,Bib Cock Nozzle (127)
PTMT,133-VG,Sink Cock (T/M) Long Spout Foam Flow with Flange,Vitro Gold Series,SINK COCK (133)
PTMT,145-VG,2 Way Angle Cock with Flange,Vitro Gold Series,2 Way Angle Cock (145)
PTMT,134-RP,Sink Mixer Foam Flow with Flange,Ovian Peach Series,Sink Mixer (134)
PTMT,123-RW,Bib Cock Fancy  (123),Ovian Wine Series,Bib Cock Fancy  (123)
PTMT,124-U,Bib Cock Long Body 15mm (Foam Flow) with Flange,Ultra Series,Bib Cock Long Body (124)
PTMT,149-SR,Washing Machine Tap with Flange,Flora Royal Series,Washing Machine Tap
PTMT,124-RG,Bib Cock Long Smart Body 15mm with Flange,Ovian Gold Series,Bib Cock Long Body (124)
PTMT,400-IR,Single Lever Basin Mixer Foam Flow,Ibix Royal Series,Single Lever Basin (400)
PTMT,400-RR,Single Lever Basin Mixer Foam Flow,Ovian Royal Series,Single Lever Basin (400)
PTMT,400-IG,Single Lever Basin Mixer Foam Flow,Ibix Gold Series,Single Lever Basin (400)
PTMT,149-V,Washing Machine Tap with Flange,Vitro Series,Washing Machine Tap
PTMT,149-VG,Washing Machine Tap with Flange,Vitro Gold Series,Washing Machine Tap
PTMT,130-U,Pillar Cock (Foam Flow) with Flange,Ultra Series,Pillar Cock (130)
PTMT,132-U,Sink Cock (W/M) (Foam Flow) with Flange,Ultra Series,Sink Cock (132)
PTMT,133-U,Sink Cock (R.H) Swan Neck (T/M) (Foam Flow) with Flange,Ultra Series,SINK COCK (133)
PTMT,144-U,Angle Cock with Flange,Ultra Series,Angle Cock (144)
PTMT,145-U,2 Way Angle Cock with Flange,Ultra Series,2 Way Angle Cock (145)
PTMT,123-U,Bib Cock Fancy  (123),Ultra Series,Bib Cock Fancy  (123)
PTMT,1375-Q,Wall Mixer L Bend Foam Flow With Flange,Quadra Series,Wall Mixer (1375)
PTMT,131-IG,Pillar Cock Fancy 15mm with (Foam Flow) with Flange,Ibix Gold Series,Pillar Cock (131)
PTMT,133-SR,Sink Cock (Foam Flow) (Swing Arm) (T/M) with Flange,Flora Royal Series,SINK COCK (133)
PTMT,133-RR,Sink Cock (T/M) Long Arm Foam Flow with Flange,Ovian Royal Series,SINK COCK (133)
PTMT,121-IW,Bib Cock Standard (121),Ibix Wine Series,Bib Cock Standard (121)
PTMT,123-IW,Bib Cock Fancy  (123),Ibix Wine Series,Bib Cock Fancy  (123)
PTMT,129-IW,2 Way Bib Cock Foam Flow with Flange,Ibix Wine Series,2 Way Bib Cock (129)
PTMT,130-IW,Pillar Cock Foam Flow with Flange,Ibix Wine Series,Pillar Cock (130)
PTMT,131-IW,Pillar Cock Fancy 15mm with (Foam Flow) with Flange,Ibix Wine Series,Pillar Cock (131)
PTMT,132-IW,Sink Cock Foam Flow with Flange,Ibix Wine Series,Sink Cock (132)
PTMT,133-IW,Sink Cock (T/M) Long Spout Foam Flow with Flange,Ibix Wine Series,SINK COCK (133)
PTMT,144-IW,Angle Cock with Flange,Ibix Wine Series,Angle Cock (144)
PTMT,145-IW,2 Way Angle Cock with Flange,Ibix Wine Series,2 Way Angle Cock (145)
PTMT,147-IW,Pillar Cock Swan Neck Foam Flow with Flange,Ibix Wine Series,Pillar Cock Swan Neck (147)
PTMT,147-IQW,Pillar Cock Swan Neck Square Spout Foam Flow with Flange,Ibix Wine Series,Pillar Cock Swan Neck (147)
PTMT,1375-IW,Wall Mixer L Bend Foam Flow With Flange,Ibix Wine Series,Wall Mixer (1375)
PTMT,400-IW,Single Lever Basin Mixer Foam Flow,Ibix Wine Series,Single Lever Basin (400)
PTMT,150-IW,Center Hole Basin Mixer Foam Flow,Ibix Wine Series,Center Hole Basin
PTMT,1322-VG,Sink Cock Swing Arm Short (W/M) Foam Flow with Flange,Vitro Gold Series,Sink Cock (132)
PTMT,1375-QR,Wall Mixer L Bend Foam Flow With Flange,Quadra Royal Series,Wall Mixer (1375)
PTMT,1375-SFG,Wall Mixer with L Bend,Flora Gold Series,Wall Mixer (1375)
PTMT,127-V,Bib Cock Nozzle with Flange,Vitro Series,Bib Cock Nozzle (127)
PTMT,132-V,Sink Cock (W/M) Foam Flow with Flange,Vitro Series,Sink Cock (132)
PTMT,188-G,2 in 1 Faucet (1.5 Mtr Tube) with Hook,Accessories Gold Series,2 in 1 Faucet
PTMT,188-W,2 in 1 Faucet (1.5 Mtr Tube) with Hook,Accessories Wine Series,2 in 1 Faucet
PTMT,187-G,2 in 1 Faucet (1 Mtr Tube) with Hook,Accessories Gold Series,2 in 1 Faucet
PTMT,187-W,2 in 1 Faucet (1 Mtr Tube) with Hook,Accessories Wine Series,2 in 1 Faucet
PTMT,187-R,2 in 1 Faucet (1 Mtr Tube) with Hook,Accessories Royal Series,2 in 1 Faucet
PTMT,187-P,2 in 1 Faucet (1 Mtr Tube) with Hook,Accessories Peach Series,2 in 1 Faucet
PTMT,188-R,2 in 1 Faucet (1.5 Mtr Tube) with Hook,Accessories Royal Series,2 in 1 Faucet
PTMT,188-P,2 in 1 Faucet (1.5 Mtr Tube) with Hook,Accessories Peach Series,2 in 1 Faucet
PTMT,189-P,2 in 1 Faucet (Body),Accessories Peach Series,2 in 1 Faucet
PTMT,1813-P,Over Head Shower Round 75mm (3 inch),Accessories Peach Series,Over Head Shower
PTMT,194-P,Liquid Soap Container,Accessories Peach Series,Liquid Soap Container
PTMT,1814-P,Over Head Shower Round 100mm (4 inch) (Adjustable) without Arm,Accessories Peach Series,Over Head Shower
PTMT,183-G,Hand Shower with 1.50 Mtr. Tube & Hook,Accessories Gold Series,Hand Shower
PTMT,183-W,Hand Shower with 1.50 Mtr. Tube & Hook,Accessories Wine Series,Hand Shower
PTMT,183-R,Hand Shower with 1.50 Mtr. Tube & Hook,Accessories Royal Series,Hand Shower
PTMT,194-R,Liquid Soap Container,Accessories Royal Series,Liquid Soap Container
PTMT,183-P,Hand Shower with 1.50 Mtr. Tube & Hook,Accessories Peach Series,Hand Shower
PTMT,1813-CG,"O.H. Shower Round 75mm (3"" + Shower Arm 225mm Square (1813+1841)",Accessories Gold Series,Over Head Shower
PTMT,1813-CW,"O.H. Shower Round 75mm (3"" + Shower Arm 225mm Square (1813+1841)",Accessories Wine Series,Over Head Shower
PTMT,1813-CR,"O.H. Shower Round 75mm (3"" + Shower Arm 225mm Square (1813+1841)",Accessories Royal Series,Over Head Shower
PTMT,1813-CP,"O.H. Shower Round 75mm (3"" + Shower Arm 225mm Square (1813+1841)",Accessories Peach Series,Over Head Shower
PTMT,1813-BP,O.H. Shower Round 75mm (3 inch) + Shower Arm 225mm with Flange (1813+184),Accessories Peach Series,Over Head Shower
PTMT,1814N-CP,O.H. Shower Round 100mm (4 inch) + Shower Arm 225mm with Flange (1814+1841),Accessories Peach Series,Over Head Shower
PTMT,1375-QG,Wall Mixer L Bend Foam Flow With Flange,Quadra Gold Series,Wall Mixer (1375)
PTMT,149-N,Washing Machine Tap with Flange,STANDARD Series,Washing Machine Tap
PTMT,121-FP,Bib Cock Standard (121),,Bib Cock Standard (121)
PTMT,131-P,Pillar Cock Fancy 15mm with (Foam Flow) with Flange,Diamond Series,Pillar Cock (131)
PTMT,1375-SP,Wall Mixer Foam Flow L Bend With Flange,Diamond Series,Wall Mixer (1375)
PTMT,145-P,2 Way Angle Cock 15mm with Flange,Diamond Series,2 Way Angle Cock (145)
PTMT,121-VW,Bib Cock Standard (121),Vitro Wine Series,Bib Cock Standard (121)
PTMT,124-VW,Bib Cock Long Smart Body 15mm with Flange,Vitro Wine Series,Bib Cock Long Body (124)
PTMT,129-VW,2 Way Bib Cock with Flange,Vitro Wine Series,2 Way Bib Cock (129)
PTMT,132-VW,Sink Cock (W/M) Foam Flow with Flange,Vitro Wine Series,Sink Cock (132)
PTMT,127-VW,Bib Cock Nozzle with Flange,Vitro Wine Series,Bib Cock Nozzle (127)
PTMT,133-VW,Sink Cock (T/M) Long Spout Foam Flow with Flange,Vitro Wine Series,SINK COCK (133)
PTMT,134-VW,Sink Mixer Foam Flow with Flange,Vitro Wine Series,Sink Mixer (134)
PTMT,135-VW,Wall Mixer (R.H.) Foam Flow with Flange,Vitro Wine Series,Wall Mixer (135)
PTMT,144-VW,Angle Cock with Flange,Vitro Wine Series,Angle Cock (144)
PTMT,145-VW,2 Way Angle Cock with Flange,Vitro Wine Series,2 Way Angle Cock (145)
PTMT,133-V,Sink Cock (T/M) Long Spout Foam Flow with Flange,Vitro Series,SINK COCK (133)
PTMT,134-V,Sink Mixer Foam Flow with Flange,Vitro Series,Sink Mixer (134)
PTMT,135-V,Wall Mixer (R.H.) Foam Flow with Flange,Vitro Series,Wall Mixer (135)
PTMT,130-VW,Pillar Cock with Flange,Vitro Wine Series,Pillar Cock (130)
PTMT,123-IP,Bib Cock Fancy  (123),Ibix Peach Series,Bib Cock Fancy  (123)
PTMT,1322-SR,Sink Cock Swing Arm Short (W/M) Foam Flow with Flange,Flora Royal Series,Sink Cock (132)
PTMT,1471,Pillar Cock Swan Neck Foam Flow with Flange,Roman Series,Pillar Cock Swan Neck (147)
PTMT,141-P,Stop Cock 15mm (M/T),Diamond Series,Stop Cock
PTMT,121-SW,Bib Cock Standard (121),Flora Wine Series,Bib Cock Standard (121)
PTMT,129-SW,2 Way Bib Cock 15mm (Foam Flow) with Flange,Flora Wine Series,2 Way Bib Cock (129)
PTMT,130-SW,Pillar Cock with Flange,Flora Wine Series,Pillar Cock (130)
PTMT,133-SW,Sink Cock (Foam Flow) (Swing Arm) (T/M) with Flange,Flora Wine Series,SINK COCK (133)
PTMT,144-SW,Angle Cock with Flange,Flora Wine Series,Angle Cock (144)
PTMT,121-VP,Bib Cock Standard (121),Vitro Peach Series,Bib Cock Standard (121)
PTMT,143-E,Stop Cock (20mm),Grand Series,Stop Cock
PTMT,149-E,Washing Machine Tap With Flange,Grand Series,Washing Machine Tap
PTMT,132-O,Sink Cock (Swing Arm) W/M Foam Flow with Flange,STANDARD Series Old Handle,Sink Cock (132)
PTMT,127-P,Garden Tap Bib Cock with Nozzle 15mm with Flange,Diamond Series,Bib Cock Nozzle (127)
PTMT,142-P,Stop Cock 15mm (F/T),Diamond Series,Stop Cock
PTMT,147-P,Pillar Cock Swan Neck Foam Flow with Flange,Diamond Series,Pillar Cock Swan Neck (147)
PTMT,121-VR,Bib Cock Standard (121),Vitro Royal Series,Bib Cock Standard (121)
PTMT,124-VR,Bib Cock Long Smart Body 15mm with Flange,Vitro Royal Series,Bib Cock Long Body (124)
PTMT,129-VR,2 Way Bib Cock with Flange,Vitro Royal Series,2 Way Bib Cock (129)
PTMT,144-VR,Angle Cock with Flange,Vitro Royal Series,Angle Cock (144)
PTMT,147-VR,Pillar Cock Swan Neck Foam Flow with Flange,Vitro Royal Series,Pillar Cock Swan Neck (147)
PTMT,149-VR,Washing Machine Tap with Flange,Vitro Royal Series,Washing Machine Tap
PTMT,121-IP,Bib Cock Standard (121),Ibix Peach Series,Bib Cock Standard (121)
PTMT,132-IP,Sink Cock Foam Flow with Flange,Ibix Peach Series,Sink Cock (132)
PTMT,144-IP,Angle Cock with Flange,Ibix Peach Series,Angle Cock (144)
PTMT,145-IP,2 Way Angle Cock with Flange,Ibix Peach Series,2 Way Angle Cock (145)
PTMT,147-IP,Pillar Cock Swan Neck Foam Flow with Flange,Ibix Peach Series,Pillar Cock Swan Neck (147)
PTMT,147-IQP,Pillar Cock Swan Neck Square Spout Foam Flow with Flange,Ibix Peach Series,Pillar Cock Swan Neck (147)
PTMT,1814-CG,O.H. Shower Round 100mm (4 inch) + Shower Arm 225mm with Flange (1814+184),Accessories Gold Series,Over Head Shower
PTMT,1814-CW,O.H. Shower Round 100mm (4 inch) + Shower Arm 225mm with Flange (1814+184),Accessories Wine Series,Over Head Shower
PTMT,1814N-CW,O.H. Shower Round 100mm (4 inch) + Shower Arm 225mm with Flange (1814+1841),Accessories Wine Series,Over Head Shower
PTMT,1814-CR,O.H. Shower Round 100mm (4 inch) + Shower Arm 225mm with Flange (1814+184),Accessories Royal Series,Over Head Shower
PTMT,121-SP,Bib Cock Standard (121),Flora Peach Series,Bib Cock Standard (121)
PTMT,149-O,Washing Machine Tap with Flange,STANDARD Series Old Handle,Washing Machine Tap
PTMT,133-O,Sink Cock (Swing Arm) T/M Foam Flow with Flange,STANDARD Series Old Handle,SINK COCK (133)
PTMT,1375-QW,Wall Mixer L Bend Foam Flow With Flange,Quadra Wine Series,Wall Mixer (1375)
PTMT,121-JJM,Bib Cock Standard (121),STANDARD Series,Bib Cock Standard (121)
PTMT,124-IP,Bib Cock Long Body (Smart) Foam Flow with Flange,Ibix Peach Series,Bib Cock Long Body (124)
PTMT,130-IP,Pillar Cock Foam Flow with Flange,Ibix Peach Series,Pillar Cock (130)
PTMT,133-IP,Sink Cock (T/M) Long Spout Foam Flow with Flange,Ibix Peach Series,SINK COCK (133)
PTMT,124-IW,Bib Cock Long Body (Smart) Foam Flow with Flange,Ibix Wine Series,Bib Cock Long Body (124)
PTMT,147-O,Pillar Cock Swan Neck Foam Flow with Flange,STANDARD Series Old Handle,Pillar Cock Swan Neck (147)
PTMT,1375-QP,Wall Mixer L Bend Foam Flow With Flange,Quadra Peach Series,Wall Mixer (1375)
PTMT,127-VR,Bib Cock Nozzle with Flange,Vitro Royal Series,Bib Cock Nozzle (127)
PTMT,132-VR,Sink Cock (W/M) Foam Flow with Flange,Vitro Royal Series,Sink Cock (132)
PTMT,133-VR,Sink Cock (T/M) Long Spout Foam Flow with Flange,Vitro Royal Series,SINK COCK (133)
PTMT,123-RP,Bib Cock Fancy  (123),Ovian Peach Series,Bib Cock Fancy  (123)
PTMT,130-RP,Pillar Cock Foam Flow with Flange,Ovian Peach Series,Pillar Cock (130)
PTMT,130-RNP,Pillar Cock Fancy 15mm (Foam Flow) with Flange,Ovian Peach Series,Pillar Cock (130)
PTMT,129-IP,2 Way Bib Cock Foam Flow with Flange,Ibix Peach Series,2 Way Bib Cock (129)
PTMT,400-IP,Single Lever Basin Mixer Foam Flow,Ibix Peach Series,Single Lever Basin (400)
PTMT,150-IP,Center Hole Basin Mixer Foam Flow,Ibix Peach Series,Center Hole Basin
PTMT,145-VR,2 Way Angle Cock with Flange,Vitro Royal Series,2 Way Angle Cock (145)
PTMT,134-VR,Sink Mixer Foam Flow with Flange,Vitro Royal Series,Sink Mixer (134)
PTMT,135-VR,Wall Mixer (R.H.) Foam Flow with Flange,Vitro Royal Series,Wall Mixer (135)
PTMT,1322-VR,Sink Cock Swing Arm Short (W/M) Foam Flow with Flange,Vitro Royal Series,Sink Cock (132)
PTMT,135-P,Wall Mixer Foam Flow with Flange,Diamond Series,Wall Mixer (135)
PTMT,129-U,2 Way Bib Cock (Foam Flow) with Flange,Ultra Series,2 Way Bib Cock (129)
PTMT,146-O,15mm Concealed Stop Cock,STANDARD Series Old Handle,Concealed Stop Cock
PTMT,134-O,Sink Mixer (Foam Flow) with Flange,STANDARD Series Old Handle,Sink Mixer (134)
PTMT,111-WH,,,Grating
PTMT,1231-F,Bib Cock Fancy  (123),Roman Series,Bib Cock Fancy  (123)
PTMT,150-HP,Center Hole Basin Mixer Foam Flow,Helix Peach Series,Center Hole Basin
PTMT,1322-HNP,Sink Cock Swan Neck Foam Flow Small Spout With Flange,Helix Peach Series,Sink Cock (132)
PTMT,1241-F,Bib Cock Long Body 15mm (R.H.) (Foam Flow) with Flange (W/F),Roman Series,Bib Cock Long Body (124)
PTMT,130-I N,,,Pillar Cock (130)
PTMT,1311-W,,,Pillar Cock (131)
PTMT,131-W,,,Pillar Cock (131)
PTMT,141-HG,Stop Cock 15mm (M/T),Helix Gold Series,Stop Cock
PTMT,141-HP,Stop Cock 15mm (M/T),Helix Peach Series,Stop Cock
PTMT,141-HR,Stop Cock 15mm (M/T),Helix Royal Series,Stop Cock
PTMT,142-HP,Stop Cock 15mm (F/T) R. H.,Helix Peach Series,Stop Cock
PTMT,143-HP,Stop Cock 20mm (F/T) R. H.,Helix Peach Series,Stop Cock
PTMT,146-HG,Concealed Stop Cock 15mm (R. H.),Helix Gold Series,Concealed Stop Cock
PTMT,146-HP,Concealed Stop Cock 15mm (R. H.),Helix Peach Series,Concealed Stop Cock
PTMT,146-HR,Concealed Stop Cock 15mm (R. H.),Helix Royal Series,Concealed Stop Cock
PTMT,146-HW,Concealed Stop Cock 15mm (R. H.),Helix Wine Series,Concealed Stop Cock
PTMT,148-HP,Concealed Stop Cock 20mm (R. H.),Helix Peach Series,Concealed Stop Cock
PTMT,148-HR,Concealed Stop Cock 20mm (R. H.),Helix Royal Series,Concealed Stop Cock
PTMT,145-SP,2 Way Angle Cock 15mm with Flange,Flora Peach Series,2 Way Angle Cock (145)
PTMT,149-SP,Washing Machine Tap with Flange,Flora Peach Series,Washing Machine Tap
PTMT,124-SW,Bib Cock Long Smart Body 15mm with Flange,Flora Wine Series,Bib Cock Long Body (124)
PTMT,127-SW,Bib Cock Nozzle with Flange,Flora Wine Series,Bib Cock Nozzle (127)
PTMT,147-SW,Pillar Cock (Foam Flow) Swan Neck with Flange,Flora Wine Series,Pillar Cock Swan Neck (147)
PTMT,1322-SW,Sink Cock Swing Arm Short (W/M) with Flange,Flora Wine Series,Sink Cock (132)
PTMT,1375-SFW,Wall Mixer with L Bend,Flora Wine Series,Wall Mixer (1375)
PTMT,145-SW,2 Way Angle Cock 15mm with Flange,Flora Wine Series,2 Way Angle Cock (145)
PTMT,149-SW,Washing Machine Tap with Flange,Flora Wine Series,Washing Machine Tap
PTMT,124-SP,Bib Cock Long Smart Body 15mm with Flange,Flora Peach Series,Bib Cock Long Body (124)
PTMT,127-SP,Bib Cock Nozzle with Flange,Flora Peach Series,Bib Cock Nozzle (127)
PTMT,129-SP,2 Way Bib Cock 15mm (Foam Flow) with Flange,Flora Peach Series,2 Way Bib Cock (129)
PTMT,130-SP,Pillar Cock with Flange,Flora Peach Series,Pillar Cock (130)
PTMT,132-SP,Sink Cock (Foam Flow) with Flange,Flora Peach Series,Sink Cock (132)
PTMT,147-SP,Pillar Cock (Foam Flow) Swan Neck with Flange,Flora Peach Series,Pillar Cock Swan Neck (147)
PTMT,133-SP,Sink Cock (Foam Flow) (Swing Arm) (T/M) with Flange,Flora Peach Series,SINK COCK (133)
PTMT,1322-SP,Sink Cock Swing Arm Short (W/M) with Flange,Flora Peach Series,Sink Cock (132)
PTMT,1375-SFP,Wall Mixer with L Bend,Flora Peach Series,Wall Mixer (1375)
PTMT,144-SP,Angle Cock with Flange,Flora Peach Series,Angle Cock (144)
PTMT,124-RP,Bib Cock Long Smart Body 15mm with Flange,Ovian Peach Series,Bib Cock Long Body (124)
PTMT,133-RP,Sink Cock (T/M) Long Arm Foam Flow with Flange,Ovian Peach Series,SINK COCK (133)
PTMT,135-RP,Wall Mixer Foam Flow with Flange,Ovian Peach Series,Wall Mixer (135)
PTMT,400-RP,Single Lever Basin Mixer Foam Flow,Ovian Peach Series,Single Lever Basin (400)
PTMT,123-QB,,,Bib Cock Fancy  (123)
PTMT,120,T-Handle with Flange,Special Cock Series,Bib Cock Standard (120)
PTMT,130-NP,Pillar Cock Foam Flow with Flange,Novo Peach Series,Pillar Cock (130)
PTMT,150-RP,Center Hole Basin Mixer Foam Flow,Ovian Peach Series,Center Hole Basin
PTMT,123-3U,,,Bib Cock Fancy  (123)
PTMT,124-4U,,,Bib Cock Long Body (124)
PTMT,129-9U,,,2 Way Bib Cock (129)
PTMT,130-0U,,,Pillar Cock (130)
PTMT,132-2U,,,Sink Cock (132)
PTMT,133-3U,,,SINK COCK (133)
PTMT,144-4U,,,Angle Cock (144)
PTMT,145-5U,,,2 Way Angle Cock (145)
PTMT,121-1E,Bib Cock Standard (121),,Bib Cock Standard (121)
PTMT,123-3E,,,Bib Cock Fancy  (123)
PTMT,123-EF,Bib Cock Fancy 15mm (Foam Flow) with Flange,Grand Series,Bib Cock Fancy  (123)
PTMT,124-4E,,,Bib Cock Long Body (124)
PTMT,127-7E,,,Bib Cock Nozzle (127)
PTMT,129-9E,,,2 Way Bib Cock (129)
PTMT,130-0E,,,Pillar Cock (130)
PTMT,132-2E,,,Sink Cock (132)
PTMT,133-3E,,,SINK COCK (133)
PTMT,144-4E,,,Angle Cock (144)
PTMT,145-5E,,,2 Way Angle Cock (145)
PTMT,147-7E,,,Pillar Cock Swan Neck (147)
PTMT,147-HQG,Pillar Cock Swan Neck Foam Flow Square Spout with Flange,Helix Gold Series,Pillar Cock Swan Neck (147)
PTMT,1322-HNG,Sink Cock Swan Neck Foam Flow Small Spout With Flange,Helix Gold Series,Sink Cock (132)
PTMT,150-HG,Center Hole Basin Mixer Foam Flow,Helix Gold Series,Center Hole Basin
PTMT,129-RH,,,2 Way Bib Cock (129)
PTMT,130-NG,Pillar Cock Foam Flow with Flange,Novo Gold Series,Pillar Cock (130)
PTMT,123-NNG,Bib Cock Foam Flow with Flange,Novo Gold Series,Bib Cock Fancy  (123)
PTMT,124-NG,Long Body Bib Cock Foam Flow with Flange,Novo Gold Series,Bib Cock Long Body (124)
PTMT,144-NG,Angle Cock with Flange,Novo Gold Series,Angle Cock (144)
PTMT,129-NG,2 Way Bib Cock Foam Flow with Flange,Novo Gold Series,2 Way Bib Cock (129)
PTMT,145-NG,2 Way Angle Cock Foam Flow with Flange,Novo Gold Series,2 Way Angle Cock (145)
PTMT,132-NG,Sink Cock (W/M) Foam Flow with Flange,Novo Gold Series,Sink Cock (132)
PTMT,150-HR,Center Hole Basin Mixer Foam Flow,Helix Royal Series,Center Hole Basin
PTMT,1491-HR,Washing Machine Tap with Flange,Helix Royal Series,Washing Machine Tap
PTMT,141-HW,Stop Cock 15mm (M/T),Helix Wine Series,Stop Cock
PTMT,147-HQW,Pillar Cock Swan Neck Foam Flow Square Spout with Flange,Helix Wine Series,Pillar Cock Swan Neck (147)
PTMT,130-NR,Pillar Cock Foam Flow with Flange,Novo Royal Series,Pillar Cock (130)
PTMT,123-B,,,Bib Cock Fancy  (123)
PTMT,124-UG,Bib Cock Long Body 15mm (Foam Flow) with Flange,Ultra Gold Series,Bib Cock Long Body (124)
PTMT,129QW,,,2 Way Bib Cock (129)
PTMT,133-RW,Sink Cock (T/M) Long Arm Foam Flow with Flange,Ovian Wine Series,SINK COCK (133)
PTMT,1375-SFR,Wall Mixer Foam Flow L Bend With Flange,Flora Royal Series,Wall Mixer (1375)
PTMT,131-NP,Pillar Cock 15mm (Foam Flow) with Flange,Diamond Series,Pillar Cock (131)
PTMT,147-BP,,,Pillar Cock Swan Neck (147)
PTMT,123-FP,Bib Cock Fancy 15mm (Foam Flow) with Flange,Diamond Series,Bib Cock Fancy  (123)
PTMT,124-FP,Bib Cock Long Body 15mm (Foam Flow) with Flange,Diamond Series,Bib Cock Long Body (124)
PTMT,1375-U,Wall Mixer (Foam Flow) with L Bend,Ultra Series,Wall Mixer (1375)
PTMT,127-C,Bib Cock Nozzle with Flange,Cobra Series,Bib Cock Nozzle (127)
PTMT,1491-C,Washing Machine Tap with Flange,Cobra Series,Washing Machine Tap
PTMT,1813-BG,O.H. Shower Round 75mm (3 inch) + Shower Arm 225mm with Flange (1813+184),Accessories Gold Series,Over Head Shower
PTMT,1813-BR,O.H. Shower Round 75mm (3 inch) + Shower Arm 225mm with Flange (1813+184),Accessories Royal Series,Over Head Shower
PTMT,1375-B,Wall Mixer L Bend Foam Flow With Flange,Black Pearl Series,Wall Mixer (1375)
PTMT,150-O,Center Hole Basin Mixer Foam Flow,STANDARD Series Old Handle,Center Hole Basin
PTMT,123-DR,Bib Cock Fancy 15mm Foam Flow With Flange,Delta Royal Series,Bib Cock Fancy  (123)
PTMT,129-DR,2 Way Bib Cock Foam Flow with Flange,Delta Royal Series,2 Way Bib Cock (129)
PTMT,130-DR,Pillar Cock Foam Flow with Flange,Delta Royal Series,Pillar Cock (130)
PTMT,144-DR,Angle Cock with Flange,Delta Royal Series,Angle Cock (144)
PTMT,132-DR,Sink Cock (W/M) Foam Flow with Flange,Delta Royal Series,Sink Cock (132)
PTMT,133-DR,Sink Cock (R.H.) Swan Neck (T/M) Foam Flow With Flange,Delta Royal Series,SINK COCK (133)
PTMT,1375-DR,Wall Mixer Foam Flow L Bend,Delta Royal Series,Wall Mixer (1375)
PTMT,180-A,2 In 1 Faucet (1 Mtr Tube) with Hook,Faucets & Jet Sprays,2 in 1 Faucet
PTMT,1375-SF,Wall Mixer Foam Flow L Bend With Flange,Flora Series,Wall Mixer (1375)
PTMT,1815-C,"Over Head Shower Round (4"") with Arm (1815+184)",Shower Sets,Over Head Shower
PTMT,1817-C,"Over Head Shower Square (4""X4"") with Arm (1817+1841)",Shower Sets,Over Head Shower
PTMT,150,Center Hole Basin Mixer Foam Flow,STANDARD Series,Center Hole Basin
PTMT,127-O,Bib Cock 15mm Nozzle With Flange,STANDARD Series Old Handle,Bib Cock Nozzle (127)
PTMT,145-D,2 Way Angle Cock with Flange,Delta Series,2 Way Angle Cock (145)
PTMT,134-P,Sink Mixer Foam Flow with Flange,Diamond Series,Sink Mixer (134)
PTMT,1815,"Over Head Shower Round (4"") without Arm",Accessories,Over Head Shower
PTMT,1817,"Over Head Shower Square (4""X4"") Without Arm",Accessories,Over Head Shower
PTMT,132T,,,Sink Cock (132)
PTMT,123-UR,Bib Cock Fancy 15mm (Foam Flow) with Flange,Ultra Royal Series,Bib Cock Fancy  (123)
PTMT,129-UR,2 Way Bib Cock (Foam Flow) with Flange,Ultra Royal Series,2 Way Bib Cock (129)
PTMT,130-UR,Pillar Cock (Foam Flow) with Flange,Ultra Royal Series,Pillar Cock (130)
PTMT,144-UR,Angle Cock with Flange,Ultra Royal Series,Angle Cock (144)
PTMT,145-UR,2 Way Angle Cock with Flange,Ultra Royal Series,2 Way Angle Cock (145)
PTMT,1872,2 in 1 Faucet (1 Mtr Tube) with Hook,Faucets & Jet Sprays,2 in 1 Faucet
PTMT,1882,2 in 1 Faucet (1.5 Mtr Tube) with Hook,Faucets & Jet Sprays,2 in 1 Faucet
PTMT,1375-UR,Wall Mixer (Foam Flow) with L Bend,Ultra Royal Series,Wall Mixer (1375)
PTMT,124-UR,Bib Cock Long Body 15mm (Foam Flow) with Flange,Ultra Royal Series,Bib Cock Long Body (124)
PTMT,132-UR,Sink Cock (W/M) (Foam Flow) with Flange,Ultra Royal Series,Sink Cock (132)
PTMT,133-UR,Sink Cock (R.H) Swan Neck (T/M) (Foam Flow) with Flange,Ultra Royal Series,SINK COCK (133)
PTMT,139-M,Push Cock 15mm (M/T),Push Cock Series,Push Cock
PTMT,123-CN,Bib Cock Fancy 15mm with New Flange & Nipple,Cobra Series,Bib Cock Fancy  (123)
PTMT,147-SQ,Pillar Cock Swan Neck Square Spout Foam Flow with Flange,STANDARD Series,Pillar Cock Swan Neck (147)
PTMT,147-CQ,Pillar Cock Swan Neck Square Spout Foam Flow with Flange,Cobra Series,Pillar Cock Swan Neck (147)
PTMT,145-DR,2 Way Angle Cock with Flange,Delta Royal Series,2 Way Angle Cock (145)
PTMT,144-UG,Angle Cock with Flange,Ultra Gold Series,Angle Cock (144)
PTMT,132-UG,Sink Cock (W/M) (Foam Flow) with Flange,Ultra Gold Series,Sink Cock (132)
PTMT,133-UG,Sink Cock (R.H) Swan Neck (T/M) (Foam Flow) with Flange,Ultra Gold Series,SINK COCK (133)
PTMT,132-OT,Sink Cock Swan Neck Small Spout Foam Flow With Flange,STANDARD Series Old Handle,Sink Cock (132)
PTMT,123-DP,Bib Cock Fancy 15mm Foam Flow With Flange,Delta Peach Series,Bib Cock Fancy  (123)
PTMT,129-DP,2 Way Bib Cock Foam Flow with Flange,Delta Peach Series,2 Way Bib Cock (129)
PTMT,130-DP,Pillar Cock Foam Flow with Flange,Delta Peach Series,Pillar Cock (130)
PTMT,144-DP,Angle Cock with Flange,Delta Peach Series,Angle Cock (144)
PTMT,145-DP,2 Way Angle Cock with Flange,Delta Peach Series,2 Way Angle Cock (145)
PTMT,132-DP,Sink Cock (W/M) Foam Flow with Flange,Delta Peach Series,Sink Cock (132)
PTMT,133-DP,Sink Cock (R.H.) Swan Neck (T/M) Foam Flow With Flange,Delta Peach Series,SINK COCK (133)
PTMT,146-BP,Concealed Stop Cock 15mm with Brass Body,Diamond Series,Concealed Stop Cock
PTMT,1375-D,Wall Mixer Foam Flow L Bend,Delta Series,Wall Mixer (1375)
PTMT,123-UW,Bib Cock Fancy 15mm (Foam Flow) with Flange,Ultra Wine Series,Bib Cock Fancy  (123)
PTMT,124-UW,Bib Cock Long Body 15mm (Foam Flow) with Flange,Ultra Wine Series,Bib Cock Long Body (124)
PTMT,129-UW,2 Way Bib Cock (Foam Flow) with Flange,Ultra Wine Series,2 Way Bib Cock (129)
PTMT,144-UW,Angle Cock with Flange,Ultra Wine Series,Angle Cock (144)
PTMT,145-UW,2 Way Angle Cock with Flange,Ultra Wine Series,2 Way Angle Cock (145)
PTMT,130-UW,Pillar Cock (Foam Flow) with Flange,Ultra Wine Series,Pillar Cock (130)
PTMT,123-UG,Bib Cock Fancy 15mm (Foam Flow) with Flange,Ultra Gold Series,Bib Cock Fancy  (123)
PTMT,1375-VR,Wall Mixer with L Bend,Vitro Royal Series,Wall Mixer (1375)
PTMT,132-UW,Sink Cock (W/M) (Foam Flow) with Flange,Ultra Wine Series,Sink Cock (132)
PTMT,133-UW,Sink Cock (R.H) Swan Neck (T/M) (Foam Flow) with Flange,Ultra Wine Series,SINK COCK (133)
PTMT,134-UW,Sink Mixer Foam Flow with Flange,Ultra Wine Series,Sink Mixer (134)
PTMT,135-UW,Wall Mixer Foam Flow with Flange,Ultra Wine Series,Wall Mixer (135)
PTMT,150-UW,Center Hole Basin Mixer Foam Flow,Ultra Wine Series,Center Hole Basin
PTMT,1375-UW,Wall Mixer (Foam Flow) with L Bend,Ultra Wine Series,Wall Mixer (1375)
PTMT,131-IR,Pillar Cock Fancy 15mm with (Foam Flow) with Flange,Ibix Royal Series,Pillar Cock (131)
PTMT,129-DG,2 Way Bib Cock Foam Flow with Flange,Delta Gold Series,2 Way Bib Cock (129)
PTMT,129-DW,2 Way Bib Cock Foam Flow with Flange,Delta Wine Series,2 Way Bib Cock (129)
PTMT,130-DG,Pillar Cock Foam Flow with Flange,Delta Gold Series,Pillar Cock (130)
PTMT,130-DW,Pillar Cock Foam Flow with Flange,Delta Wine Series,Pillar Cock (130)
PTMT,133-DG,Sink Cock (R.H.) Swan Neck (T/M) Foam Flow With Flange,Delta Gold Series,SINK COCK (133)
PTMT,133-DW,Sink Cock (R.H.) Swan Neck (T/M) Foam Flow With Flange,Delta Wine Series,SINK COCK (133)
PTMT,132-DG,Sink Cock (W/M) Foam Flow with Flange,Delta Gold Series,Sink Cock (132)
PTMT,132-DW,Sink Cock (W/M) Foam Flow with Flange,Delta Wine Series,Sink Cock (132)
PTMT,123-DG,Bib Cock Fancy 15mm Foam Flow With Flange,Delta Gold Series,Bib Cock Fancy  (123)
PTMT,123-DW,Bib Cock Fancy 15mm Foam Flow With Flange,Delta Wine Series,Bib Cock Fancy  (123)
PTMT,144-DG,Angle Cock with Flange,Delta Gold Series,Angle Cock (144)
PTMT,144-DW,Angle Cock with Flange,Delta Wine Series,Angle Cock (144)
PTMT,1375-DW,Wall Mixer Foam Flow L Bend,Delta Wine Series,Wall Mixer (1375)
PTMT,1322-DW,Sink Cock Swing Arm Short (W/M) Square Spout Foam Flow with Flange,Delta Wine Series,Sink Cock (132)
PTMT,134-DW,Sink Mixer Foam Flow with Flange,Delta Wine Series,Sink Mixer (134)
PTMT,135-DW,Wall Mixer Foam Flow with Flange,Delta Wine Series,Wall Mixer (135)
PTMT,150-DW,Center Hole Basin Mixer Foam Flow,Delta Wine Series,Center Hole Basin
PTMT,145-DW,2 Way Angle Cock with Flange,Delta Wine Series,2 Way Angle Cock (145)
PTMT,147-OSQ,Pillar Cock Swan Neck Square Spout Foam Flow with Flange,STANDARD Series Old Handle,Pillar Cock Swan Neck (147)
PTMT,180-B,2 In 1 Faucet (1.5 Mtr Tube) with Hook,Faucets & Jet Sprays,2 in 1 Faucet
PTMT,H-86,Health Faucet (Body),Faucets & Jet Sprays,Health Faucet
PTMT,H-87,Health Faucet with 1 Mtr Tube & Hook (PVC Tube),Faucets & Jet Sprays,Health Faucet
PTMT,H-88,Health Faucet with 1.5 Mtr Tube & Hook (PVC Tube),Faucets & Jet Sprays,Health Faucet
PTMT,134-RW,Sink Mixer Foam Flow with Flange,Ovian Wine Series,Sink Mixer (134)
PTMT,124-RW,Bib Cock Long Smart Body 15mm with Flange,Ovian Wine Series,Bib Cock Long Body (124)
PTMT,130-UG,Pillar Cock (Foam Flow) with Flange,Ultra Gold Series,Pillar Cock (130)
PTMT,129-UG,2 Way Bib Cock (Foam Flow) with Flange,Ultra Gold Series,2 Way Bib Cock (129)
PTMT,150-UG,Center Hole Basin Mixer Foam Flow,Ultra Gold Series,Center Hole Basin
PTMT,1375-UG,Wall Mixer (Foam Flow) with L Bend,Ultra Gold Series,Wall Mixer (1375)
PTMT,145-UG,2 Way Angle Cock with Flange,Ultra Gold Series,2 Way Angle Cock (145)
PTMT,150-C,Center Hole Basin Mixer Foam Flow,Cobra Series,Center Hole Basin
PTMT,147-VW,Pillar Cock Swan Neck Foam Flow with Flange,Vitro Wine Series,Pillar Cock Swan Neck (147)
PTMT,147-PQ,Pillar Cock Swan Neck Square Spout Foam Flow with Flange,Diamond Series,Pillar Cock Swan Neck (147)
PTMT,135-RW,Wall Mixer Foam Flow with Flange,Ovian Wine Series,Wall Mixer (135)
PTMT,150-RW,Center Hole Basin Mixer Foam Flow,Ovian Wine Series,Center Hole Basin
PTMT,400-RW,Single Lever Basin Mixer Foam Flow,Ovian Wine Series,Single Lever Basin (400)
PTMT,1322-HN,Sink Cock Swan Neck Foam Flow Small Spout With Flange,Helix Series,Sink Cock (132)
PTMT,123-HN,Bib Cock Fancy 15mm Foam Flow with New Flange & Nipple,Helix Series,Bib Cock Fancy  (123)
PTMT,150-P,Center Hole Basin Mixer Foam Flow,Diamond Series,Center Hole Basin
PTMT,145-DG,2 Way Angle Cock with Flange,Delta Gold Series,2 Way Angle Cock (145)
PTMT,1375-DG,Wall Mixer Foam Flow L Bend,Delta Gold Series,Wall Mixer (1375)
PTMT,1322-DG,Sink Cock Swing Arm Short (W/M) Square Spout Foam Flow with Flange,Delta Gold Series,Sink Cock (132)
PTMT,135-DG,Wall Mixer Foam Flow with Flange,Delta Gold Series,Wall Mixer (135)
PTMT,147-DG,Pillar Cock (R.H.) Swan Neck (W/M) Square Spout Foam Flow with Flange,Delta Gold Series,Pillar Cock Swan Neck (147)
PTMT,150-DG,Center Hole Basin Mixer Foam Flow,Delta Gold Series,Center Hole Basin
PTMT,123-UP,Bib Cock Fancy 15mm (Foam Flow) with Flange,Ultra Peach Series,Bib Cock Fancy  (123)
PTMT,124-UP,Bib Cock Long Body 15mm (Foam Flow) with Flange,Ultra Peach Series,Bib Cock Long Body (124)
PTMT,129-UP,2 Way Bib Cock (Foam Flow) with Flange,Ultra Peach Series,2 Way Bib Cock (129)
PTMT,130-UP,Pillar Cock (Foam Flow) with Flange,Ultra Peach Series,Pillar Cock (130)
PTMT,132-UP,Sink Cock (W/M) (Foam Flow) with Flange,Ultra Peach Series,Sink Cock (132)
PTMT,133-UP,Sink Cock (R.H) Swan Neck (T/M) (Foam Flow) with Flange,Ultra Peach Series,SINK COCK (133)
PTMT,144-UP,Angle Cock with Flange,Ultra Peach Series,Angle Cock (144)
PTMT,145-UP,2 Way Angle Cock with Flange,Ultra Peach Series,2 Way Angle Cock (145)
PTMT,180,2 in 1 Faucet (Body),Faucets & Jet Sprays,2 in 1 Faucet
PTMT,148-BP,Concealed Stop Cock 20mm with Brass Body,Diamond Series,Concealed Stop Cock
PTMT,148-P,Concealed Stop Cock 20mm,Diamond Series,Concealed Stop Cock
PTMT,1322-HNR,Sink Cock Swan Neck Foam Flow Small Spout With Flange,Helix Royal Series,Sink Cock (132)
PTMT,1892,2 in 1 Faucet (Body),Faucets & Jet Sprays,2 in 1 Faucet
PTMT,147-IQR,Pillar Cock Swan Neck Square Spout Foam Flow with Flange,Ibix Royal Series,Pillar Cock Swan Neck (147)
PTMT,143-P,Stop Cock 20mm (F/T),Diamond Series,Stop Cock
PTMT,134-Q,Sink Mixer Foam FLow with Flange,Quadra Series,Sink Mixer (134)
PTMT,134-QW,Sink Mixer Foam FLow with Flange,Quadra Wine Series,Sink Mixer (134)
PTMT,134-QR,Sink Mixer Foam FLow with Flange,Quadra Royal Series,Sink Mixer (134)
PTMT,124-L,Bib Cock Long Body (Smart) Foam Flow with Flange,Lagoona Series,Bib Cock Long Body (124)
PTMT,130-L,Pillar Cock Foam Flow with Flange,Lagoona Series,Pillar Cock (130)
PTMT,123-L,Bib Cock 15mm (Foam Flow) with Flange,Lagoona Series,Bib Cock Fancy  (123)
PTMT,144-L,Angle Cock with Flange,Lagoona Series,Angle Cock (144)
PTMT,145-L,2 Way Angle Cock with Flange,Lagoona Series,2 Way Angle Cock (145)
PTMT,132-L,Sink Cock Foam Flow with Flange,Lagoona Series,Sink Cock (132)
PTMT,133-L,Sink Cock (T/M) Long Spout Foam Flow with Flange,Lagoona Series,SINK COCK (133)
PTMT,1375-L,Wall Mixer L Bend Foam Flow With Flange,Lagoona Series,Wall Mixer (1375)
PTMT,1391-M,Push Cock 15mm with Spout (M/T),Push Cock Series,Push Cock
PTMT,149-NP,Washing Machine Tap with Flange,Diamond Series,Washing Machine Tap
PTMT,144-LR,Angle Cock with Flange,Lagoon Royal Series,Angle Cock (144)
PTMT,145-LR,2 Way Angle Cock with Flange,Lagoon Royal Series,2 Way Angle Cock (145)
PTMT,147-LR,Pillar Cock Swan Neck Foam Flow with Flange,Lagoon Royal Series,Pillar Cock Swan Neck (147)
PTMT,132-LR,Sink Cock Foam Flow with Flange,Lagoon Royal Series,Sink Cock (132)
PTMT,123-LR,Bib Cock 15mm (Foam Flow) with Flange,Lagoon Royal Series,Bib Cock Fancy  (123)
PTMT,129-LR,2 Way Bib Cock Foam Flow with Flange,Lagoon Royal Series,2 Way Bib Cock (129)
PTMT,130-LR,Pillar Cock Foam Flow with Flange,Lagoon Royal Series,Pillar Cock (130)
PTMT,147-LQR,Pillar Cock Swan Neck Square Spout Foam Flow with Flange,Lagoon Royal Series,Pillar Cock Swan Neck (147)
PTMT,141-N,Stop Cock with Nozzle 15mm,STANDARD Series,Stop Cock
PTMT,147-IQ,Pillar Cock Swan Neck Square Spout Foam Flow with Flange,Ibix Series,Pillar Cock Swan Neck (147)
PTMT,1375-IP,Wall Mixer L Bend Foam Flow With Flange,Ibix Peach Series,Wall Mixer (1375)
PTMT,1814-CP,O.H. Shower Round 100mm (4 inch) + Shower Arm 225mm with Flange (1814+184),Accessories Peach Series,Over Head Shower
PTMT,1375-DP,Wall Mixer Foam Flow L Bend,Delta Peach Series,Wall Mixer (1375)
PTMT,141-NP,Stop Cock with Nozzle 15mm,Diamond Series,Stop Cock
PTMT,189-G,2 in 1 Faucet (Body),Accessories Gold Series,2 in 1 Faucet
PTMT,189-W,2 in 1 Faucet (Body),Accessories Wine Series,2 in 1 Faucet
PTMT,189-R,2 in 1 Faucet (Body),Accessories Royal Series,2 in 1 Faucet
PTMT,134-QP,Sink Mixer Foam FLow with Flange,Quadra Peach Series,Sink Mixer (134)
PTMT,135-QR,Wall Mixer Foam Flow with Flange,Quadra Royal Series,Wall Mixer (135)
PTMT,147-D,Pillar Cock (R.H.) Swan Neck (W/M) Square Spout Foam Flow with Flange,Delta Series,Pillar Cock Swan Neck (147)
PTMT,134-DR,Sink Mixer Foam Flow with Flange,Delta Royal Series,Sink Mixer (134)
PTMT,134-U,Sink Mixer Foam Flow with Flange,Ultra Series,Sink Mixer (134)
PTMT,135-Q,Wall Mixer Foam Flow with Flange,Quadra Series,Wall Mixer (135)
PTMT,150-H,Center Hole Basin Mixer Foam Flow,Helix Series,Center Hole Basin
PTMT,147-RQ,Pillar Cock Swan Neck Square Spout Foam Flow with Flange,Ovian Series,Pillar Cock Swan Neck (147)
PTMT,147-BB,Pillar Cock Swan Neck (T/M) Foam Flow with Flange,Black Pearl Series,Pillar Cock Swan Neck (147)
PTMT,134-UR,Sink Mixer Foam Flow with Flange,Ultra Royal Series,Sink Mixer (134)
PTMT,1322-DR,Sink Cock Swing Arm Short (W/M) Square Spout Foam Flow with Flange,Delta Royal Series,Sink Cock (132)
PTMT,147-DR,Pillar Cock (R.H.) Swan Neck (W/M) Square Spout Foam Flow with Flange,Delta Royal Series,Pillar Cock Swan Neck (147)
PTMT,150-E,Center Hole Basin Mixer Foam Flow,Grand Series,Center Hole Basin
PTMT,135-QW,Wall Mixer Foam Flow with Flange,Quadra Wine Series,Wall Mixer (135)
PTMT,1375-UP,Wall Mixer (Foam Flow) with L Bend,Ultra Peach Series,Wall Mixer (1375)
PTMT,1814N-CR,O.H. Shower Round 100mm (4 inch) + Shower Arm 225mm with Flange (1814+1841),Accessories Royal Series,Over Head Shower
PTMT,1322-D,Sink Cock Swing Arm Short (W/M) Square Spout Foam Flow with Flange,Delta Series,Sink Cock (132)
PTMT,1813-W,Over Head Shower Round 75mm (3 inch),Accessories Wine Series,Over Head Shower
PTMT,1814-W,Over Head Shower Round 100mm (4 inch) (Adjustable) without Arm,Accessories Wine Series,Over Head Shower
PTMT,1375-V,Wall Mixer L Bend Foam Flow With Flange,Vitro Series,Wall Mixer (1375)
PTMT,147-DP,Pillar Cock (R.H.) Swan Neck (W/M) Square Spout Foam Flow with Flange,Delta Peach Series,Pillar Cock Swan Neck (147)
PTMT,147-EQ,Pillar Cock Swan Neck Square Spout Foam Flow with Flange,Grand Series,Pillar Cock Swan Neck (147)
PTMT,134-D,Sink Mixer Foam Flow with Flange,Delta Series,Sink Mixer (134)
PTMT,147-DW,Pillar Cock (R.H.) Swan Neck (W/M) Square Spout Foam Flow with Flange,Delta Wine Series,Pillar Cock Swan Neck (147)
PTMT,1231-N,Bib Cock Fancy 15mm with New Flange & Nipple,Roman Series,Bib Cock Fancy  (123)
PTMT,135-UR,Wall Mixer Foam Flow with Flange,Ultra Royal Series,Wall Mixer (135)
PTMT,144-PR,,,Angle Cock (144)
PTMT,131-PR,,,Pillar Cock (131)
PTMT,147-PR,,,Pillar Cock Swan Neck (147)
PTMT,132-PR,,,Sink Cock (132)
PTMT,124-PR,,,Bib Cock Long Body (124)
PTMT,129-PR,,,2 Way Bib Cock (129)
PTMT,145-PR,,,2 Way Angle Cock (145)
PTMT,121-PR,Bib Cock Standard (121),,Bib Cock Standard (121)
PTMT,121-LW,Bib Cock Standard (121),Lagoon Wine Series,Bib Cock Standard (121)
PTMT,123-LW,Bib Cock 15mm (Foam Flow) with Flange,Lagoon Wine Series,Bib Cock Fancy  (123)
PTMT,124-LW,Bib Cock Long Body (Smart) Foam Flow with Flange,Lagoon Wine Series,Bib Cock Long Body (124)
PTMT,129-LW,2 Way Bib Cock Foam Flow with Flange,Lagoon Wine Series,2 Way Bib Cock (129)
PTMT,130-LW,Pillar Cock Foam Flow with Flange,Lagoon Wine Series,Pillar Cock (130)
PTMT,131-LW,Pillar Cock Fancy 15mm with (Foam Flow) with Flange,Lagoon Wine Series,Pillar Cock (131)
PTMT,132-LW,Sink Cock Foam Flow with Flange,Lagoon Wine Series,Sink Cock (132)
PTMT,133-LW,Sink Cock (T/M) Long Spout Foam Flow with Flange,Lagoon Wine Series,SINK COCK (133)
PTMT,144-LW,Angle Cock with Flange,Lagoon Wine Series,Angle Cock (144)
PTMT,145-LW,2 Way Angle Cock with Flange,Lagoon Wine Series,2 Way Angle Cock (145)
PTMT,147-LW,Pillar Cock Swan Neck Foam Flow with Flange,Lagoon Wine Series,Pillar Cock Swan Neck (147)
PTMT,147-LQW,Pillar Cock Swan Neck Square Spout Foam Flow with Flange,Lagoon Wine Series,Pillar Cock Swan Neck (147)
PTMT,1375-LW,Wall Mixer L Bend Foam Flow With Flange,Lagoon Wine Series,Wall Mixer (1375)
PTMT,121-L,Bib Cock Standard (121),Lagoona Series,Bib Cock Standard (121)
PTMT,123-PN,Bib Cock Fancy 15mm with New Flange & Nipple,Diamond Series,Bib Cock Fancy  (123)
PTMT,123-ON,Bib Cock Fancy 15mm with New Flange & Nipple,STANDARD Series Old Handle,Bib Cock Fancy  (123)
PTMT,146-P,Concealed Stop Cock 15mm,Diamond Series,Concealed Stop Cock
PTMT,123-QAB,BIB COCK FANCY 15MM FOAM FLOW WITH FLANGE,STANDARD Series Old Handle,Bib Cock Fancy  (123)
PTMT,132-QAB,SINK COCK (W/M) FOAM FLOW WITH FLANGE,Ultra Series,Sink Cock (132)
PTMT,133-QAB,,STANDARD Series,SINK COCK (133)
PTMT,1322-DP,Sink Cock Swing Arm Short (W/M) Square Spout Foam Flow with Flange,Delta Peach Series,Sink Cock (132)
PTMT,121-LR,Bib Cock Standard (121),Lagoon Royal Series,Bib Cock Standard (121)
PTMT,134-UP,Sink Mixer Foam Flow with Flange,Ultra Peach Series,Sink Mixer (134)
PTMT,150-UP,Center Hole Basin Mixer Foam Flow,Ultra Peach Series,Center Hole Basin
PTMT,147-L,Pillar Cock Swan Neck Foam Flow with Flange,Lagoona Series,Pillar Cock Swan Neck (147)
PTMT,1813-BW,O.H. Shower Round 75mm (3 inch) + Shower Arm 225mm with Flange (1813+184),Accessories Wine Series,Over Head Shower
PTMT,1375-VG,Wall Mixer with L Bend,Vitro Gold Series,Wall Mixer (1375)
PTMT,134-VG,Sink Mixer Foam Flow with Flange,Vitro Gold Series,Sink Mixer (134)
PTMT,135-VG,Wall Mixer (R.H.) Foam Flow with Flange,Vitro Gold Series,Wall Mixer (135)
PTMT,135-QG,Wall Mixer Foam Flow with Flange,Quadra Gold Series,Wall Mixer (135)
PTMT,147-HQ,Pillar Cock Swan Neck Foam Flow Square Spout with Flange,Helix Series,Pillar Cock Swan Neck (147)
PTMT,143-O,Stop Cock 20mm (F/T) Old Handle,STANDARD Series Old Handle,Stop Cock
PTMT,123-EN,Bib Cock Fancy 15mm with New Flange & Nipple,Grand Series,Bib Cock Fancy  (123)
PTMT,1375-E,Wall Mixer L Bend Foam Flow With Flange,Grand Series,Wall Mixer (1375)
PTMT,148-O,20mm Concealed Stop Cock,STANDARD Series Old Handle,Concealed Stop Cock
PTMT,146-BO,Concealed Stop Cock 15mm with Brass Body,STANDARD Series Old Handle,Concealed Stop Cock
PTMT,148-BO,Concealed Stop Cock 20mm with Brass Body,STANDARD Series Old Handle,Concealed Stop Cock
PTMT,194-W,Liquid Soap Container,Accessories Wine Series,Liquid Soap Container
PTMT,135-D,Wall Mixer Foam Flow with Flange,Delta Series,Wall Mixer (135)
PTMT,147-LQ,Pillar Cock Swan Neck Square Spout Foam Flow with Flange,Lagoona Series,Pillar Cock Swan Neck (147)
PTMT,1375-LR,Wall Mixer L Bend Foam Flow With Flange,Lagoon Royal Series,Wall Mixer (1375)
PTMT,133-LR,Sink Cock (T/M) Long Spout Foam Flow with Flange,Lagoon Royal Series,SINK COCK (133)
PTMT,124-LR,Bib Cock Long Body (Smart) Foam Flow with Flange,Lagoon Royal Series,Bib Cock Long Body (124)
PTMT,130-QAB,,Ultra Royal Series,Pillar Cock (130)
PTMT,129-QAB,2 Way Bib Cock Foam Flow with Flange,Ultra Royal Series,2 Way Bib Cock (129)
PTMT,145-QAB,,Ultra Royal Series,2 Way Angle Cock (145)
PTMT,134-QG,Sink Mixer Foam FLow with Flange,Quadra Gold Series,Sink Mixer (134)
PTMT,134-QAB,Sink Mixer Foam FLow with Flange,Quadra Royal Series,Sink Mixer (134)
PTMT,1375-QAB,,Ultra Royal Series,Wall Mixer (1375)
PTMT,135-QAB,,Roman Series,Wall Mixer (1375)
PTMT,135-O,,,Wall Mixer (135)
PTMT,135-DR,Wall Mixer Foam Flow with Flange,Delta Royal Series,Wall Mixer (135)
PTMT,124-CF,Bib Cock Long Body Foam Flow 15 mm with Flange,Cobra Series,Bib Cock Long Body (124)
PTMT,131-IP,Pillar Cock Fancy 15mm with (Foam Flow) with Flange,Ibix Peach Series,Pillar Cock (131)
PTMT,135-DP,Wall Mixer Foam Flow with Flange,Delta Peach Series,Wall Mixer (135)
PTMT,150-DP,Center Hole Basin Mixer Foam Flow,Delta Peach Series,Center Hole Basin
PTMT,131-LR,Pillar Cock Fancy 15mm with (Foam Flow) with Flange,Lagoon Royal Series,Pillar Cock (131)
PTMT,133-NEW,Sink Cock (Swing Arm) T/M Foam Flow with Flange,STANDARD Series,SINK COCK (133)
PTMT,148-HB,Concealed Stop Cock 20mm with Brass Body,Helix Series,Concealed Stop Cock
PTMT,135-QP,Wall Mixer Foam Flow with Flange,Quadra Peach Series,Wall Mixer (135)
PTMT,135-UP,Wall Mixer Foam Flow with Flange,Ultra Peach Series,Wall Mixer (135)
PTMT,150-QR,Center Hole Basin Mixer Foam Flow,Quadra Royal Series,Center Hole Basin
PTMT,134-DG,Sink Mixer Foam Flow with Flange,Delta Gold Series,Sink Mixer (134)
PTMT,150-Q,Center Hole Basin Mixer Foam Flow,Quadra Series,Center Hole Basin
PTMT,150-QW,Center Hole Basin Mixer Foam Flow,Quadra Wine Series,Center Hole Basin
PTMT,150-QP,Center Hole Basin Mixer Foam Flow,Quadra Peach Series,Center Hole Basin
PTMT,131-L,Pillar Cock Fancy 15mm with (Foam Flow) with Flange,Lagoona Series,Pillar Cock (131)
PTMT,134-DP,Sink Mixer Foam Flow with Flange,Delta Peach Series,Sink Mixer (134)
PTMT,134-UG,Sink Mixer Foam Flow with Flange,Ultra Gold Series,Sink Mixer (134)
PTMT,135-UG,Wall Mixer Foam Flow with Flange,Ultra Gold Series,Wall Mixer (135)
PTMT,123-HNW,Bib Cock Fancy 15mm Foam Flow with New Flange & Nipple,Helix Wine Series,Bib Cock Fancy  (123)
PTMT,146-HB,Concealed Stop Cock 15mm with Brass Body,Helix Series,Concealed Stop Cock
PTMT,150-U,Center Hole Basin Mixer Foam Flow,Ultra Series,Center Hole Basin
PTMT,150-D,Center Hole Basin Mixer Foam Flow,Delta Series,Center Hole Basin
PTMT,150-I,Center Hole Basin Mixer Foam Flow,Ibix Series,Center Hole Basin
PTMT,150-R,Center Hole Basin Mixer Foam Flow,Ovian Series,Center Hole Basin
PTMT,135-E,Wall Mixer (Foam Flow) With Flange,Grand Series,Wall Mixer (135)
PTMT,129-L,2 Way Bib Cock Foam Flow with Flange,Lagoona Series,2 Way Bib Cock (129)
PTMT,1813-G,Over Head Shower Round 75mm (3 inch),Accessories Gold Series,Over Head Shower
PTMT,1814-G,Over Head Shower Round 100mm (4 inch) (Adjustable) without Arm,Accessories Gold Series,Over Head Shower
PTMT,1814N-CG,O.H. Shower Round 100mm (4 inch) + Shower Arm 225mm with Flange (1814+1841),Accessories Gold Series,Over Head Shower
PTMT,1813-R,Over Head Shower Round 75mm (3 inch),Accessories Royal Series,Over Head Shower
PTMT,1814-R,Over Head Shower Round 100mm (4 inch) (Adjustable) without Arm,Accessories Royal Series,Over Head Shower
PTMT,1811N-C,O.H. Shower Round 100mm (4 inch) + Shower Arm 225mm with Flange (1811+1841),Shower Sets,Over Head Shower
PTMT,194-G,Liquid Soap Container,Accessories Gold Series,Liquid Soap Container
PTMT,123-NN,Bib Cock Foam Flow with Flange,Novo Series,Bib Cock Fancy  (123)
PTMT,150-RG,Center Hole Basin Mixer Foam Flow,Ovian Gold Series,Center Hole Basin
PTMT,149-VW,Washing Machine Tap with Flange,Vitro Wine Series,Washing Machine Tap
PTMT,1375-VW,Wall Mixer with L Bend,Vitro Wine Series,Wall Mixer (1375)
PTMT,1322-VW,Sink Cock Swing Arm Short (W/M) Foam Flow with Flange,Vitro Wine Series,Sink Cock (132)
PTMT,150-UR,Center Hole Basin Mixer Foam Flow,Ultra Royal Series,Center Hole Basin
PTMT,124-NR,Long Body Bib Cock Foam Flow with Flange,Novo Royal Series,Bib Cock Long Body (124)
PTMT,123-NNR,Bib Cock Foam Flow with Flange,Novo Royal Series,Bib Cock Fancy  (123)
PTMT,129-NR,2 Way Bib Cock Foam Flow with Flange,Novo Royal Series,2 Way Bib Cock (129)
PTMT,144-NR,Angle Cock with Flange,Novo Royal Series,Angle Cock (144)
PTMT,145-NR,2 Way Angle Cock Foam Flow with Flange,Novo Royal Series,2 Way Angle Cock (145)
PTMT,132-NR,Sink Cock (W/M) Foam Flow with Flange,Novo Royal Series,Sink Cock (132)
PTMT,133-NR,Sink Cock (R. H) Swan Neck (T/M) Square Spout Foam Flow with Flange,Novo Royal Series,SINK COCK (133)
PTMT,135-U,Wall Mixer Foam Flow with Flange,Ultra Series,Wall Mixer (135)
PTMT,123-NNP,Bib Cock Foam Flow with Flange,Novo Peach Series,Bib Cock Fancy  (123)
PTMT,124-NP,Long Body Bib Cock Foam Flow with Flange,Novo Peach Series,Bib Cock Long Body (124)
PTMT,129-NP,2 Way Bib Cock Foam Flow with Flange,Novo Peach Series,2 Way Bib Cock (129)
PTMT,144-NP,Angle Cock with Flange,Novo Peach Series,Angle Cock (144)
PTMT,132-NP,Sink Cock (W/M) Foam Flow with Flange,Novo Peach Series,Sink Cock (132)
PTMT,133-NP,Sink Cock (R. H) Swan Neck (T/M) Square Spout Foam Flow with Flange,Novo Peach Series,SINK COCK (133)
PTMT,145-NP,2 Way Angle Cock Foam Flow with Flange,Novo Peach Series,2 Way Angle Cock (145)
PTMT,145-N,2 Way Angle Cock Foam Flow with Flange,Novo Series,2 Way Angle Cock (145)
PTMT,150-QG,Center Hole Basin Mixer Foam Flow,Quadra Gold Series,Center Hole Basin
PTMT,150-DR,Center Hole Basin Mixer Foam Flow,Delta Royal Series,Center Hole Basin
PTMT,123-NNW,Bib Cock Foam Flow with Flange,Novo Wine Series,Bib Cock Fancy  (123)
PTMT,124-NW,Long Body Bib Cock Foam Flow with Flange,Novo Wine Series,Bib Cock Long Body (124)
PTMT,144-NW,Angle Cock with Flange,Novo Wine Series,Angle Cock (144)
PTMT,130-NW,Pillar Cock Foam Flow with Flange,Novo Wine Series,Pillar Cock (130)
PTMT,129-NW,2 Way Bib Cock Foam Flow with Flange,Novo Wine Series,2 Way Bib Cock (129)
PTMT,145-NW,2 Way Angle Cock Foam Flow with Flange,Novo Wine Series,2 Way Angle Cock (145)
PTMT,132-NW,Sink Cock (W/M) Foam Flow with Flange,Novo Wine Series,Sink Cock (132)
PTMT,150-HW,Center Hole Basin Mixer Foam Flow,Helix Wine Series,Center Hole Basin
PTMT,1375-VP,Wall Mixer with L Bend,Vitro Peach Series,Wall Mixer (1375)
PTMT,1322-VP,Sink Cock Swing Arm Short (W/M) Foam Flow with Flange,Vitro Peach Series,Sink Cock (132)
PTMT,127-VP,Bib Cock Nozzle with Flange,Vitro Peach Series,Bib Cock Nozzle (127)
PTMT,132-VP,Sink Cock (W/M) Foam Flow with Flange,Vitro Peach Series,Sink Cock (132)
PTMT,133-VP,Sink Cock (T/M) Long Spout Foam Flow with Flange,Vitro Peach Series,SINK COCK (133)
PTMT,130-VP,Pillar Cock with Flange,Vitro Peach Series,Pillar Cock (130)
PTMT,129-VP,2 Way Bib Cock with Flange,Vitro Peach Series,2 Way Bib Cock (129)
PTMT,124-VP,Bib Cock Long Smart Body 15mm with Flange,Vitro Peach Series,Bib Cock Long Body (124)
PTMT,144-VP,Angle Cock with Flange,Vitro Peach Series,Angle Cock (144)
PTMT,145-VP,2 Way Angle Cock with Flange,Vitro Peach Series,2 Way Angle Cock (145)
PTMT,134-VP,Sink Mixer Foam Flow with Flange,Vitro Peach Series,Sink Mixer (134)
PTMT,135-VP,Wall Mixer (R.H.) Foam Flow with Flange,Vitro Peach Series,Wall Mixer (135)
PTMT,149-VP,Washing Machine Tap with Flange,Vitro Peach Series,Washing Machine Tap
PTMT,147-VP,Pillar Cock Swan Neck Foam Flow with Flange,Vitro Peach Series,Pillar Cock Swan Neck (147)
PTMT,1471-Q,Pillar Cock Swan Neck Square Spout Foam Flow with Flange,Roman Series,Pillar Cock Swan Neck (147)
PTMT,136,Push Cock 20mm (F/T) with Spout,Push Cock Series,Push Cock
PTMT,138,Push Cock with reducer 15 x 20mm,Push Cock Series,Push Cock
PTMT,139,Push Cock 15mm (F/T),Push Cock Series,Push Cock
PTMT,1391,Push Cock 15mm with Spout,Push Cock Series,Push Cock
PTMT,140,Urinal Cock 15mm,Push Cock Series,URINAL COCK
PTMT,B-151,Ball Cock with Rod & Ball 15mm,Brass Ball Cocks,BALL COCK
PTMT,B-152,Ball Cock with Rod & Ball 20mm,Brass Ball Cocks,BALL COCK
PTMT,B-153,Ball Cock with Rod & Ball 25mm,Brass Ball Cocks,BALL COCK
PTMT,B-161,Ball Cock Body (without Rod & Ball) 15mm,Brass Ball Cocks,BALL COCK
PTMT,B-162,Ball Cock Body (without Rod & Ball) 20mm,Brass Ball Cocks,BALL COCK
PTMT,B-163,Ball Cock Body (without Rod & Ball) 25mm,Brass Ball Cocks,BALL COCK
PTMT,B-167,Ball Cock Rod (Aluminium) 15mm,Brass Ball Cocks,BALL COCK
PTMT,B-168,Ball Cock Rod (Aluminium) 20mm,Brass Ball Cocks,BALL COCK
PTMT,B-169,Ball Cock Rod (Aluminium) 25mm,Brass Ball Cocks,BALL COCK
PTMT,B-173,Ball Cock Ball (HDPE with Brass Nut) 15mm,Brass Ball Cocks,BALL COCK
PTMT,B-174,Ball Cock Ball (HDPE with Brass Nut) 20mm,Brass Ball Cocks,BALL COCK
PTMT,B-175,Ball Cock Ball (HDPE with Brass Nut) 25mm,Brass Ball Cocks,BALL COCK
PTMT,I-151,Ball Cock with Rod & Ball 15mm,Brass Ball Cocks,BALL COCK
PTMT,I-152,Ball Cock with Rod & Ball 20mm,Brass Ball Cocks,BALL COCK
PTMT,I-153,Ball Cock with Rod & Ball 25mm,Brass Ball Cocks,BALL COCK
PTMT,I-155,Ball Cock with Rod & Ball 40mm,Brass Ball Cocks,BALL COCK
PTMT,I-161,Ball Cock Body (without Rod & Ball) 15mm,Brass Ball Cocks,BALL COCK
PTMT,I-162,Ball Cock Body (without Rod & Ball) 20mm,Brass Ball Cocks,BALL COCK
PTMT,I-163,Ball Cock Body (without Rod & Ball) 25mm,Brass Ball Cocks,BALL COCK
PTMT,I-164,Ball Cock Body (without Rod & Ball) 40mm,Brass Ball Cocks,BALL COCK
PTMT,I-167,Ball Cock Rod Brass 15mm,Brass Ball Cocks,BALL COCK
PTMT,I-168,Ball Cock Rod Brass 20mm,Brass Ball Cocks,BALL COCK
PTMT,I-169,Ball Cock Rod Brass 25mm,Brass Ball Cocks,BALL COCK
PTMT,I-171,Ball Cock Rod Brass 40mm,Brass Ball Cocks,BALL COCK
PTMT,I-173,Ball Cock Ball (HDPE with Brass Nut) 15mm,Brass Ball Cocks,BALL COCK
PTMT,I-174,Ball Cock Ball (HDPE with Brass Nut) 20mm,Brass Ball Cocks,BALL COCK
PTMT,I-175,Ball Cock Ball (HDPE with Brass Nut) 25mm,Brass Ball Cocks,BALL COCK
PTMT,I-177,Ball Cock Ball (HDPE with Brass Nut) 40mm,Brass Ball Cocks,BALL COCK
PTMT,121-LG,Bib Cock Standard (121),Lagoon Gold Series,Bib Cock Standard (121)
PTMT,123-LG,Bib Cock 15mm (Foam Flow) with Flange,Lagoon Gold Series,Bib Cock Fancy  (123)
PTMT,124-LG,Bib Cock Long Body (Smart) Foam Flow with Flange,Lagoon Gold Series,Bib Cock Long Body (124)
PTMT,129-LG,2 Way Bib Cock Foam Flow with Flange,Lagoon Gold Series,2 Way Bib Cock (129)
PTMT,130-LG,Pillar Cock Foam Flow with Flange,Lagoon Gold Series,Pillar Cock (130)
PTMT,131-LG,Pillar Cock Fancy 15mm with (Foam Flow) with Flange,Lagoon Gold Series,Pillar Cock (131)
PTMT,132-LG,Sink Cock Foam Flow with Flange,Lagoon Gold Series,Sink Cock (132)
PTMT,133-LG,Sink Cock (T/M) Long Spout Foam Flow with Flange,Lagoon Gold Series,SINK COCK (133)
PTMT,144-LG,Angle Cock with Flange,Lagoon Gold Series,Angle Cock (144)
PTMT,145-LG,2 Way Angle Cock with Flange,Lagoon Gold Series,2 Way Angle Cock (145)
PTMT,147-LG,Pillar Cock Swan Neck Foam Flow with Flange,Lagoon Gold Series,Pillar Cock Swan Neck (147)
PTMT,147-LQG,Pillar Cock Swan Neck Square Spout Foam Flow with Flange,Lagoon Gold Series,Pillar Cock Swan Neck (147)
PTMT,1375-LG,Wall Mixer L Bend Foam Flow With Flange,Lagoon Gold Series,Wall Mixer (1375)
PTMT,121-LP,Bib Cock Standard (121),Lagoon Peach Series,Bib Cock Standard (121)
PTMT,123-LP,Bib Cock 15mm (Foam Flow) with Flange,Lagoon Peach Series,Bib Cock Fancy  (123)
PTMT,124-LP,Bib Cock Long Body (Smart) Foam Flow with Flange,Lagoon Peach Series,Bib Cock Long Body (124)
PTMT,129-LP,2 Way Bib Cock Foam Flow with Flange,Lagoon Peach Series,2 Way Bib Cock (129)
PTMT,130-LP,Pillar Cock Foam Flow with Flange,Lagoon Peach Series,Pillar Cock (130)
PTMT,131-LP,Pillar Cock Fancy 15mm with (Foam Flow) with Flange,Lagoon Peach Series,Pillar Cock (131)
PTMT,132-LP,Sink Cock Foam Flow with Flange,Lagoon Peach Series,Sink Cock (132)
PTMT,133-LP,Sink Cock (T/M) Long Spout Foam Flow with Flange,Lagoon Peach Series,SINK COCK (133)
PTMT,144-LP,Angle Cock with Flange,Lagoon Peach Series,Angle Cock (144)
PTMT,145-LP,2 Way Angle Cock with Flange,Lagoon Peach Series,2 Way Angle Cock (145)
PTMT,147-LP,Pillar Cock Swan Neck Foam Flow with Flange,Lagoon Peach Series,Pillar Cock Swan Neck (147)
PTMT,147-LQP,Pillar Cock Swan Neck Square Spout Foam Flow with Flange,Lagoon Peach Series,Pillar Cock Swan Neck (147)
PTMT,1375-LP,Wall Mixer L Bend Foam Flow With Flange,Lagoon Peach Series,Wall Mixer (1375)
PTMT,133-NG,Sink Cock (R. H) Swan Neck (T/M) Square Spout Foam Flow with Flange,Novo Gold Series,SINK COCK (133)
PTMT,133-NW,Sink Cock (R. H) Swan Neck (T/M) Square Spout Foam Flow with Flange,Novo Wine Series,SINK COCK (133)
PTMT,327,Corrugated Waste Pipe 31x32x900mm,Waste Pipe,Waste Pipe
PTMT,511,Cosmo,SEAT COVER,SEAT COVER
PTMT,512,Ultra Cascade,SEAT COVER,SEAT COVER
PTMT,701,Gracia Flush Cistern (10 Ltr.),CISTERN,CISTERN
PTMT,323-K,"P.V.C. Connection (Standard Series 2 Pcs. Packing) 18""/450mm",Connection,Connection
PTMT,3272,Collapsible Waste Pipe (31x32x850mm) 40mm Pipe Pitch,Waste Pipe,Waste Pipe
PTMT,551,Mirror Cabinet 330x430mm,CABINET,CABINET
PTMT,501,Smart Flush Cistern,CISTERN,CISTERN
PTMT,324-HK,,Connection,Connection
PTMT,325-HK,,Connection,Connection
PTMT,329,Corrugated Waste Pipe 31x32x1150mm,Waste Pipe,Waste Pipe
PTMT,343,Corrugated Pipe (Inlet) Extra Long 20x3000mm,Washing Machine,Washing Machine
PTMT,361,Fully Auto Matic Wash Machine 2 Mtr,Waste Pipe,Waste Pipe
PTMT,666,Triple Door Mirror Cabinet with PP & PPCP Materials 848x343x250mm,CABINET,CABINET
PTMT,513,Standard,SEAT COVER,SEAT COVER
PTMT,345,P.V.C. Urinal Waste Pipe 50x800mm,Waste Pipe,Waste Pipe
PTMT,3451,Corrugated Waste Pipe 50x900mm,Waste Pipe,Waste Pipe
PTMT,324-K,"P.V.C. Connection (Standard Series 2 Pcs. Packing) 24""/600mm",Connection,Connection
PTMT,326-K,"P.V.C. Connection (Standard Series 2 Pcs. Packing) 36""/900mm",Connection,Connection
PTMT,350-K,"P.V.C. Connection (Standard Series 2 Pcs. Packing) 60""/1520mm",Connection,Connection
PTMT,LB-01,Cistern Long-Bend,CISTERN,CISTERN
PTMT,3271,P.V.C. Solid Waste Pipe 31x32x900mm,Waste Pipe,Waste Pipe
PTMT,325-K,"P.V.C. Connection (Standard Series 2 Pcs. Packing) 30""/750mm",Connection,Connection
PTMT,348-K,"P.V.C. Connection (Standard Series 2 Pcs. Packing) 48""/1200mm",Connection,Connection
PTMT,363,Inlet Fully Automatic Wash Mach. 4 Mtr,Waste Pipe,Waste Pipe
PTMT,665,Triple Door Cabinet with PP & PPCP Materials 848x343x250mm,CABINET,CABINET
PTMT,667,Mirror Cabinet with Shelf with PP & PPCP Materials 540x340x130mm,CABINET,CABINET
PTMT,662,Double Door Cabinet with PP & PPCP Materials 595x343x250mm,CABINET,CABINET
PTMT,701-N,,CISTERN,CISTERN
PTMT,555,Mirror Cabinet 622x422mm,CABINET,CABINET
PTMT,502,Dual Flush Cistern (10 Ltr.),CISTERN,CISTERN
PTMT,703,Macasa Dual Flush Cistern (10 Ltr.),CISTERN,CISTERN
PTMT,721,Saga,SEAT COVER,SEAT COVER
PTMT,362,Fully Auto Matic Wash Machine 3 Mtr,Waste Pipe,Waste Pipe
PTMT,341,Corrugated Pipe (Inlet) Extra Long 20x1500mm,Washing Machine,Washing Machine
PTMT,514,Royal Jet without Pipe,SEAT COVER,SEAT COVER
PTMT,514-T,Royal Jet with Pipe,SEAT COVER,SEAT COVER
PTMT,515,Waves-ISI,SEAT COVER,SEAT COVER
PTMT,516,Vintage,SEAT COVER,SEAT COVER
PTMT,704,Divine Single Flush Cistern (10 Ltr.),CISTERN,CISTERN
PTMT,705,Cairo Dual Flush Cistern (10 Ltr.),CISTERN,CISTERN
PTMT,513-EWC,,SEAT COVER,SEAT COVER
PTMT,328,Corrugated Waste Pipe 38x40x900mm,Waste Pipe,Waste Pipe
PTMT,554,Mirror Cabinet 400x500mm,CABINET,CABINET
PTMT,516-S,Deluxe Vintage,SEAT COVER,SEAT COVER
PTMT,360,Fully Auto Matic Wash Machine 1.5 Mtr,Waste Pipe,Waste Pipe
PTMT,663,Single Door Cabinet with PP & PPCP Materials 300x343x250mm,CABINET,CABINET
PTMT,342,Corrugated Pipe (Outlet) Extra Long 36x1500mm,Washing Machine,Washing Machine
PTMT,344,Corrugated Pipe (Outlet) Extra Long 36x3000mm,Washing Machine,Washing Machine
PTMT,325-ZK,,Connection,Connection
PTMT,3281,P.V.C. Solid Waste Pipe 38x40x900mm,Waste Pipe,Waste Pipe
PTMT,551-F,Cabinet Without Mirror 330x430mm,CABINET,CABINET
PTMT,3272-B,Collapsible Waste Pipe (31x32x850mm) 40mm Pipe Pitch Black Tale,Waste Pipe,Waste Pipe
PTMT,322-K,"P.V.C. Connection (Standard Series 2 Pcs. Packing) 15""/375mm",Connection,Connection
PTMT,3273,Collapsible Waste Pipe (38x40x850mm) 40mm Pipe Pitch,Waste Pipe,Waste Pipe
PTMT,324-ZK,,Connection,Connection
PTMT,326-HK,,Connection,Connection
PTMT,556,Bathroom Mirror Cabinet 500x400mm,CABINET,CABINET
PTMT,557,Bathroom Mirror Cabinet 450x350mm,CABINET,CABINET
PTMT,323-ZK,,Connection,Connection
PTMT,326-ZK,,Connection,Connection
PTMT,553-F,Bathroom Mirror Frame (600x600mm) without Mirror,CABINET,CABINET
PTMT,557-F,Cabinet without Mirror 450x350mm,CABINET,CABINET
PTMT,708,Stella Single  Flush Cistern (10 Ltr.),CISTERN,CISTERN
PTMT,3274,Collapsible Waste Pipe (31x32x850mm) 43mm Pipe Pitch,Waste Pipe,Waste Pipe
PTMT,517,Anglo Indian,SEAT COVER,SEAT COVER
PTMT,723,M-Gold Soft Close-ISI,Mute Series,Mute Series
PTMT,323-HK,,Connection,Connection
PTMT,503,Vintage Single Flush Cistern (10 Ltr.),CISTERN,CISTERN
PTMT,321-K,"P.V.C. Connection (Standard Series 2 Pcs. Packing) 12""/300mm",Connection,Connection
PTMT,506,Elantra Dual Flush Cistern (3/6 Ltr.),CISTERN,CISTERN
PTMT,332-ZK,,Connection,Connection
PTMT,702,Macasa Single Flush Cistern,CISTERN,CISTERN
PTMT,504,Vintage Dual Flush Cistern (5/10 Ltr.),CISTERN,CISTERN
PTMT,725,M-Cascade Soft Close,Mute Series,Mute Series
PTMT,555-F,Cabinet without Mirror 622x422mm,CABINET,CABINET
PTMT,508,Urbona Dual Flush Cistern (3/6 Ltr.)-ISI,CISTERN,CISTERN
PTMT,706,Iris Single Flush cistern (10 Ltr.),CISTERN,CISTERN
PTMT,501-S,CISTERN-SAGA  SINGLE FLUSH (ISI),CISTERN,CISTERN
PTMT,330-ZK,,Connection,Connection
PTMT,664-M,Single Door Mirror Cabinet with PP & PPCP Materials 300x343x250mm,CABINET,CABINET
PTMT,518,Glaze,SEAT COVER,SEAT COVER
PTMT,328 K,,Connection,Connection
PTMT,324,"P.V.C. Connection (Standard Series 2 Pcs. Packing) 24""/600mm",Connection,Connection
PTMT,323,"P.V.C. Connection (Standard Series 2 Pcs. Packing) 18""/450mm",Connection,Connection
PTMT,326,"P.V.C. Connection (Standard Series 2 Pcs. Packing) 36""/900mm",Connection,Connection
PTMT,411,S/Close S/Cover For Wall Hung Closet-All,CISTERN,CISTERN
PTMT,501-N,,CISTERN,CISTERN
PTMT,325,"P.V.C. Connection (Standard Series 2 Pcs. Packing) 30""/750mm",Connection,Connection
PTMT,3272-C,Collapsible Waste Pipe (31x32x850mm) 40mm Pipe Pitch,Waste Pipe,Waste Pipe
PTMT,3274-C,Collapsible Waste Pipe (31x32x850mm) 43mm Pipe Pitch,Waste Pipe,Waste Pipe
PTMT,328-ZK,,Connection,Connection
PTMT,661,Double Door Mirror Cabinet with PP & PPCP Materials 595x343x250mm,CABINET,CABINET
PTMT,3275-B,Collapsible Waste Pipe (31x32x850mm) 43mm Pipe Pitch Black Tale,Waste Pipe,Waste Pipe
PTMT,3276,Collapsible Waste Pipe (31x32x1100mm) 43mm Pipe Pitch,Waste Pipe,Waste Pipe
PTMT,554-F,,CABINET,CABINET
PTMT,3275,Collapsible Waste Pipe (31x32x850mm) 43mm Pipe Pitch,Waste Pipe,Waste Pipe
PTMT,724,M-Premium Soft Close,Mute Series,Mute Series
PTMT,330,Corrugated Waste Pipe 38x40x1150mm,Waste Pipe,Waste Pipe
PTMT,321,P.V.C CONNECTION  300MM (12),Connection,Connection
PTMT,722,M-Pulse Soft Close,Mute Series,Mute Series
PTMT,503-N,,CISTERN,CISTERN
PTMT,LF-155,"1-1/2"" Y Type Line Filter 40mm",Water Tank Line Filter,Line Filter
PTMT,107,,Bottle Trap,Bottle Trap
PTMT,LF-156,"2"" Y Type Line Filter 50mm",Water Tank Line Filter,Line Filter
PTMT,SP-02,Syphon Single Flush,CISTERN,CISTERN
PTMT,DB-02,Ball Cock+Ball (ISI),Ball Cock,BALL COCK
PTMT,CB-02,Cistern Long-Bend (2 Pc Pack),CISTERN,CISTERN
PTMT,CF-01,Comp Internal Fitting for Single Flush Cistern,CISTERN,CISTERN
PTMT,N-152,Ball Cock with Rod & Ball 20mm,Ball Cock,BALL COCK
PTMT,N-151,Ball Cock with Rod & Ball 15mm,Ball Cock,BALL COCK
PTMT,LF-153,"1"" Y Type Line Filter 25mm",Water Tank Line Filter,Line Filter
PTMT,CF-03,Comp Internal Fitting for Dual Flush Cistern,CISTERN,CISTERN
PTMT,LF-154,"1-1/4"" Y Type Line Filter 32mm",Water Tank Line Filter,Line Filter
PTMT,DF-01,Syphon Dual Flush,CISTERN Accessories,CISTERN Accessories
PTMT,LF-152,"3/4"" Y Type Line Filter 20mm",Water Tank Line Filter,Line Filter
PTMT,300,Complete Internal Fitting,Spindles Set Accessories,Spindles Set
PTMT,SB-01,Cistern Short-Bend,CISTERN,CISTERN
PTMT,CS-01,Cistern Handle,CISTERN,CISTERN
PTMT,DB-02 L,Ball Cock+Ball (ISI),Ball Cock,BALL COCK
PTMT,1375-SR,,Flora Royal Series,Wall Mixer (1375)
PTMT,137,MS Reducer for Push Cock 15 x 20mm,Push Cock Series,Push Cock
PTMT,PTA-48,Mirror Cabinet 330x430mm,CABINET,CABINET
PTMT,PTA-78,Standard,SEAT COVER,SEAT COVER
PTMT,PTA-53,Ball Cock with Rod & Ball 15mm,Ball Cock,BALL COCK
PTMT,PTA-68,"24""",Connection,Connection
PTMT,PTA-67,"18""",Connection,Connection
PTMT,PTA-84,Comp Internal Fitting for Single Flush Cistern,CISTERN,CISTERN
PTMT,PTA-72,Saga Flush Cistern,CISTERN,CISTERN
PTMT,CH-01,Cistern Handle Lever,CISTERN,CISTERN
PTMT,PTA-62,Corrugated Waste Pipe 31x32x900mm,Waste Pipe,Waste Pipe
PTMT,PTA-18,Towel Rail 24 inch (600mm),Accessories,Towel Rail
PTMT,PQ-18,,Connection,Connection
PTMT,PTA-71,Smart Flush Cistern,CISTERN,CISTERN
PTMT,PTA-63,Corrugated Waste Pipe 38x40x900mm,Waste Pipe,Waste Pipe
PTMT,DB-01,Dual Push Button,CISTERN Accessories,CISTERN Accessories
PTMT,PTA-54,Ball Cock with Rod & Ball 20mm,Ball Cock,BALL COCK
PTMT,PTA-69,"30""",Connection,Connection
PTMT,PTA-65,"12""",Connection,Connection
PTMT,PTA-79,Waves-ISI,SEAT COVER,SEAT COVER
PTMT,PD-18,,Connection,Connection
PTMT,PTA-77,M-Premium Soft Close,Mute Series,Mute Series
PTMT,N-153,Ball Cock with Rod & Ball 25mm,Ball Cock,BALL COCK
PTMT,PTA-2,Waste Coupling 38/40mm (F/T),WASTE COUPLING,Waste Coupling
PTMT,PTA-82,Cistern Long-Bend,CISTERN,CISTERN
PTMT,PTA-5,Grating Doom 125mm (5 inch),Grating,Grating
PTMT,PTA-6,Grating Doom Waste Hole 125mm (5 inch),Grating,Grating
PTMT,PTA-74,Urbona Single Flush Cistern (6 Ltr.),CISTERN,CISTERN
PTMT,PTA-3,Waste Coupling 31/32mm (F/T),WASTE COUPLING,Waste Coupling
PTMT,PTA-14,Soap Dish - Oval,Accessories,Soap Dish
PTMT,PTA-15,Towel Ring - Quad,Accessories,Towel Ring
PTMT,PTA-50,Mirror Cabinet 622x422mm,CABINET,CABINET
PTMT,PI-18,,Connection,Connection
PTMT,PTA-60,P.V.C. Solid Waste Pipe 38x40x900mm,Waste Pipe,Waste Pipe
PTMT,PTA-61,P.V.C. Urinal Waste Pipe 50x800mm,Waste Pipe,Waste Pipe
PTMT,PTA-21,Push Cock 15mm (F/T),Push Cock Series,Push Cock
PTMT,PTA-55,Ball Cock with Rod & Ball 25mm,Ball Cock,BALL COCK
PTMT,PTA-49,Mirror Cabinet 400x500mm,CABINET,CABINET
PTMT,144-QAB,Angle Cock with Flange,Ultra Royal Series,Angle Cock (144)
PTMT,302,Valve Spindle Set (15mm),Spindles Set Accessories,Spindles Set
PTMT,PR-18,,Connection,Connection
PTMT,PTA-81,Anglo Indian,SEAT COVER,SEAT COVER
PTMT,PTA-76,M-Gold Soft Close-ISI,Mute Series,Mute Series
PTMT,PTA-64,Collapsible Waste Pipe (31x32x800mm),Waste Pipe,Waste Pipe
PTMT,PTA-1,Waste Coupling 31/32mm (H/T),WASTE COUPLING,Waste Coupling
PTMT,PTA-66,"15""",Connection,Connection
PTMT,PTA-58,Ball Cock with Rod & Ball 50mm,Ball Cock,BALL COCK
PTMT,LFP-156,,Water Tank Line Filter,Line Filter
PTMT,PTA-85,Comp Internal Fitting for Dual Flush Cistern,CISTERN,CISTERN
PTMT,PTA-57,Ball Cock with Rod & Ball 40mm,Ball Cock,BALL COCK
PTMT,PTA-73,Dual Flush Cistern (10 Ltr.)-ISI,CISTERN,CISTERN
PTMT,PTA-13,Liquid Soap Container,Accessories,Liquid Soap Container
PTMT,PTA-56,Ball Cock with Rod & Ball 32mm,Ball Cock,BALL COCK
PTMT,PTA-59,P.V.C. Solid Waste Pipe 31x32x900mm,Waste Pipe,Waste Pipe
PTMT,PTA-80,Vintage,SEAT COVER,SEAT COVER
PTMT,PTA-26,Swiveling Shower 15mm + Shower Arm 225mm (181+184),Shower Sets,Over Head Shower
PTMT,151-S,,Ball Cock,BALL COCK
PTMT,PTA-33,2 in 1 Faucet (1.5 Mtr Tube) with Hook,Faucets & Jet Sprays,2 in 1 Faucet
PTMT,PTA-44,Health Faucet with 1.5 Mtr Tube & Hook (PVC Tube),Faucets & Jet Sprays,Health Faucet
PTMT,PTA-9,Swiveling Shower 75mm (3 inch),Accessories,Over Head Shower
PTMT,PTA-70,"36""",Connection,Connection
PTMT,PTA-83,Cistern Short-Bend,CISTERN,CISTERN
PTMT,PTA-34,2 in 1 Faucet (1.5 Mtr Tube) with Hook,Faucets & Jet Sprays,2 in 1 Faucet
PTMT,PTA-36,Jet Spray with 1.5 Mtr Tube,Faucets & Jet Sprays,Jet Spray
PTMT,H-3,Ibix Series Handle,Spindles Set Accessories,Spindles Set
PTMT,PTA-32,2 in 1 Faucet Special (1 Mtr Tube) with Hook,Faucets & Jet Sprays,2 in 1 Faucet
PTMT,553,Bathroom Mirror (600x600mm),CABINET,CABINET
PTMT,PTA-17,Towel Rail 18 inch (450mm),Accessories,Towel Rail
PTMT,PTA-12,The Shelf 450mm (18 inch),Accessories,SHELF
PTMT,PTA-27,Flush Valve 25mm (Lever Type),Flush Valves,Flush Valve
PTMT,PTA-7,Grating Square 150mm (6 inch),Grating,Grating
PTMT,PTA-22,Push Cock 15mm (M/T),Push Cock Series,Push Cock
PTMT,PTA-4,Urinal Waste Coupling 31/32mm,WASTE COUPLING,Waste Coupling
PTMT,PTA-25,Over Head Shower Round 150mm (6 inch) with Arm,Accessories,Over Head Shower
Sheet6,6806,BIB COCK (06),MARCUS(68),MARCUS(68)
Sheet6,6808,BIB COCK LONG BODY,MARCUS(68),MARCUS(68)
Sheet6,6875,WALL MIXER L-BEND,MARCUS(68),MARCUS(68)
Sheet6,6850,CENTER HOLE BASIN MIXER,MARCUS(68),MARCUS(68)
Sheet6,6708,BIB COCK LONG BODY,QUINCY(67),QUINCY(67)
Sheet6,6818,CONCEALED STOP COCK 15 MM,MARCUS(68),MARCUS(68)
Sheet6,6706,BIB COCK (06),QUINCY(67),QUINCY(67)
Sheet6,PIS 06H,BIB COCK (06),NEPTUNE (ISI),NEPTUNE (ISI)
Sheet6,8318,CONCEALED STOP COCK 15 MM,WAVES(83),WAVES(83)
Sheet6,7614,PILLAR COCK SINK TAP (T/M ),MACASA(76),MACASA(76)
Sheet6,7608,BIB COCK LONG BODY,MACASA(76),MACASA(76)
Sheet6,PIS 10H,ANGLE COCK (10),NEPTUNE (ISI),NEPTUNE (ISI)
Sheet6,7414,PILLAR COCK SINK TAP (T/M ),GRACIA(74),GRACIA(74)
Sheet6,6420,CONCEALED STOP COCK 20 MM,BALAGRA (64),BALAGRA (64)
Sheet6,7616,BIB COCK SINK TAP (W/M),MACASA(76),MACASA(76)
Sheet6,7810,ANGLE COCK (10),URBONA(78),URBONA(78)
Sheet6,6614,PILLAR COCK SINK TAP (T/M ),VINCENT(66),VINCENT(66)
Sheet6,PIS-14H,PILLAR COCK SINK TAP (T/M ),NEPTUNE (ISI),NEPTUNE (ISI)
Sheet6,7420,CONCEALED STOP COCK 20 MM,GRACIA(74),GRACIA(74)
Sheet6,6814,PILLAR COCK SINK TAP (T/M ),MARCUS(68),MARCUS(68)
Sheet6,8202,PILLAR COCK (02),OPAL(82),OPAL(82)
Sheet6,8328,STOP COCK 15 MM ( F/T ),WAVES(83),WAVES(83)
Sheet6,PIS 02,PILLAR COCK (02),NEPTUNE (NON ISI),NEPTUNE (NON ISI)
Sheet6,7808,BIB COCK LONG BODY,URBONA(78),URBONA(78)
Sheet6,6812,2-WAY BIB COCK (12),MARCUS(68),MARCUS(68)
Sheet6,9802,PILLAR COCK (02),DAWN (98),DAWN (98)
Sheet6,8520,CONCEALED STOP COCK 20 MM,MIST(85),MIST(85)
Sheet6,8706,BIB COCK (06),EVIAN (87),EVIAN (87)
Sheet6,8902,PILLAR COCK (02),OPUS(89),OPUS(89)
Sheet6,6408,BIB COCK LONG BODY,BALAGRA (64),BALAGRA (64)
Sheet6,PIS 02H,PILLAR COCK (02),NEPTUNE (ISI),NEPTUNE (ISI)
Sheet6,7480,WALL MIXER 3IN ONE,GRACIA(74),GRACIA(74)
Sheet6,7208,BIB COCK LONG BODY,VIVA(72),VIVA(72)
Sheet6,6820,CONCEALED STOP COCK 20 MM,MARCUS(68),MARCUS(68)
Sheet6,6402,PILLAR COCK (02),BALAGRA (64),BALAGRA (64)
Sheet6,7302,PILLAR COCK (02),TRANQUIL(73),TRANQUIL(73)
Sheet6,9095,SPOUT PLAIN,EUROPA(90),EUROPA(90)
Sheet6,9910,ANGLE COCK (10),OCTAVIA(99),OCTAVIA(99)
Sheet6,8120,CONCEALED STOP COCK 20 MM,NIGRA(81),NIGRA(81)
Sheet6,PIS 10,ANGLE COCK (10),NEPTUNE (NON ISI),NEPTUNE (NON ISI)
Sheet6,PIS-55H,SINK MIXER ( W/M),NEPTUNE (ISI),NEPTUNE (ISI)
Sheet6,8720,CONCEALED STOP COCK 20 MM,EVIAN (87),EVIAN (87)
Sheet6,PIS 08H,BIB COCK LONG BODY,NEPTUNE (ISI),NEPTUNE (ISI)
Sheet6,7906-F,BIB COCK (06),SAGA(79F),SAGA(79F)
Sheet6,6498,FLUSH COCK,BALAGRA (64),BALAGRA (64)
Sheet6,7906,BIB COCK (06),INOX(79),INOX(79)
Sheet6,9014,PILLAR COCK SINK TAP (T/M ),EUROPA(90),EUROPA(90)
Sheet6,9902,PILLAR COCK (02),OCTAVIA(99),OCTAVIA(99)
Sheet6,7314,PILLAR COCK SINK TAP (T/M ),TRANQUIL(73),TRANQUIL(73)
Sheet6,8714,PILLAR COCK SINK TAP (T/M ),EVIAN (87),EVIAN (87)
Sheet6,9098,FLUSH COCK,EUROPA(90),EUROPA(90)
Sheet6,7455,SINK MIXER ( W/M),GRACIA(74),GRACIA(74)
Sheet6,6518,CONCEALED STOP COCK 15 MM,MATRIX(65),MATRIX(65)
Sheet6,7308,BIB COCK LONG BODY,TRANQUIL(73),TRANQUIL(73)
Sheet6,8775,WALL MIXER L-BEND,EVIAN (87),EVIAN (87)
Sheet6,PIS 16,BIB COCK SINK TAP (W/M),NEPTUNE (NON ISI),NEPTUNE (NON ISI)
Sheet6,7320,CONCEALED STOP COCK 20 MM,TRANQUIL(73),TRANQUIL(73)
Sheet6,7908,BIB COCK LONG BODY,INOX(79),INOX(79)
Sheet6,8712,2-WAY BIB COCK (12),EVIAN (87),EVIAN (87)
Sheet6,8916,BIB COCK SINK TAP (W/M),OPUS(89),OPUS(89)
Sheet6,7375,WALL MIXER L-BEND,TRANQUIL(73),TRANQUIL(73)
Sheet6,7310,ANGLE COCK (10),TRANQUIL(73),TRANQUIL(73)
Sheet6,7916,BIB COCK SINK TAP (W/M),INOX(79),INOX(79)
Sheet6,6712,2-WAY BIB COCK (12),QUINCY(67),QUINCY(67)
Sheet6,7720,CONCEALED STOP COCK 20 MM,FROST (77),FROST (77)
Sheet6,9220,CONCEALED STOP COCK 20 MM,CASA (92),CASA (92)
Sheet6,6775,WALL MIXER L-BEND,QUINCY(67),QUINCY(67)
Sheet6,7708,BIB COCK LONG BODY,FROST (77),FROST (77)
Sheet6,7912-F,2-WAY BIB COCK (12),SAGA(79F),SAGA(79F)
Sheet6,7814,PILLAR COCK SINK TAP (T/M ),URBONA(78),URBONA(78)
Sheet6,7910,ANGLE COCK (10),INOX(79),INOX(79)
Sheet6,7212,2-WAY BIB COCK (12),VIVA(72),VIVA(72)
Sheet6,7918,CONCEALED STOP COCK 15 MM,INOX(79),INOX(79)
Sheet6,6416,BIB COCK SINK TAP (W/M),BALAGRA (64),BALAGRA (64)
Sheet6,9380,WALL MIXER 3IN ONE,LAGUNA(93),LAGUNA(93)
Sheet6,6451,SINGLE LEVER BASIN MIXER,BALAGRA (64),BALAGRA (64)
Sheet6,6611,2-WAY ANGLE COCK (11),VINCENT(66),VINCENT(66)
Sheet6,7205,BIB COCK NOZZLE,VIVA(72),VIVA(72)
Sheet6,8795,SPOUT PLAIN,EVIAN (87),EVIAN (87)
Sheet6,7875,WALL MIXER L-BEND,URBONA(78),URBONA(78)
Sheet6,7920,CONCEALED STOP COCK 20 MM,INOX(79),INOX(79)
Sheet6,7220,CONCEALED STOP COCK 20 MM,VIVA(72),VIVA(72)
Sheet6,8220,CONCEALED STOP COCK 20 MM,OPAL(82),OPAL(82)
Sheet6,8305,BIB COCK NOZZLE,WAVES(83),WAVES(83)
Sheet6,8791,SINGLE LEVER CONCEALED DIVERTOR,EVIAN (87),EVIAN (87)
Sheet6,PIS-20,CONCEALED STOP COCK 20 MM,NEPTUNE (NON ISI),NEPTUNE (NON ISI)
Sheet6,8110,ANGLE COCK (10),NIGRA(81),NIGRA(81)
Sheet6,6414,PILLAR COCK SINK TAP (T/M ),BALAGRA (64),BALAGRA (64)
Sheet6,8306,BIB COCK (06),WAVES(83),WAVES(83)
Sheet6,8750,CENTER HOLE BASIN MIXER,EVIAN (87),EVIAN (87)
Sheet6,6898,FLUSH COCK,MARCUS(68),MARCUS(68)
Sheet6,7995,SPOUT PLAIN,INOX(79),INOX(79)
Sheet6,7691,SINGLE LEVER CONCEALED DIVERTOR,MACASA(76),MACASA(76)
Sheet6,8210,ANGLE COCK (10),OPAL(82),OPAL(82)
Sheet6,6680,WALL MIXER 3IN ONE,VINCENT(66),VINCENT(66)
Sheet6,8314,PILLAR COCK SINK TAP (T/M ),WAVES(83),WAVES(83)
Sheet6,7896,SPOUT TIP TON,URBONA(78),URBONA(78)
Sheet6,8406,BIB COCK (06),PICASSO (84),PICASSO (84)
Sheet6,9012,2-WAY BIB COCK (12),EUROPA(90),EUROPA(90)
Sheet6,6711,2-WAY ANGLE COCK (11),QUINCY(67),QUINCY(67)
Sheet6,7975-F,WALL MIXER L-BEND,SAGA(79F),SAGA(79F)
Sheet6,9206,BIB COCK (06),CASA (92),CASA (92)
Sheet6,7692,SINGLE LEVER CONCEALED DIVERTOR HIGH FLOW,MACASA(76),MACASA(76)
Sheet6,PIS 09,BIB COCK LONG NOSE,NEPTUNE (NON ISI),NEPTUNE (NON ISI)
Sheet6,7920-F,CONCEALED STOP COCK 20 MM,SAGA(79F),SAGA(79F)
Sheet6,8509,BIB COCK LONG NOSE,MIST(85),MIST(85)
Sheet6,8191,SINGLE LEVER CONCEALED DIVERTOR,NIGRA(81),NIGRA(81)
Sheet6,8755,SINK MIXER ( W/M),EVIAN (87),EVIAN (87)
Sheet6,8326,STOP COCK 15 MM ( M/T ),WAVES(83),WAVES(83)
Sheet6,8206,BIB COCK (06),OPAL(82),OPAL(82)
Sheet6,9092,SINGLE LEVER CONCEALED DIVERTOR HIGH FLOW,EUROPA(90),EUROPA(90)
Sheet6,9091,SINGLE LEVER CONCEALED DIVERTOR,EUROPA(90),EUROPA(90)
Sheet6,6692,SINGLE LEVER CONCEALED DIVERTOR HIGH FLOW,VINCENT(66),VINCENT(66)
Sheet6,9806,BIB COCK (06),DAWN (98),DAWN (98)
Sheet6,6418,CONCEALED STOP COCK 15 MM,BALAGRA (64),BALAGRA (64)
Sheet6,7316,BIB COCK SINK TAP (W/M),TRANQUIL(73),TRANQUIL(73)
Sheet6,9816,BIB COCK SINK TAP (W/M),DAWN (98),DAWN (98)
Sheet6,6892,SINGLE LEVER CONCEALED DIVERTOR HIGH FLOW,MARCUS(68),MARCUS(68)
Sheet6,7698,FLUSH COCK,MACASA(76),MACASA(76)
Sheet6,8975,WALL MIXER L-BEND,OPUS(89),OPUS(89)
Sheet6,7811,2-WAY ANGLE COCK (11),URBONA(78),URBONA(78)
Sheet6,8703,PILLAR COCK TALL HIGHT,EVIAN (87),EVIAN (87)
Sheet6,8214,PILLAR COCK SINK TAP (T/M ),OPAL(82),OPAL(82)
Sheet6,6455,SINK MIXER ( W/M),BALAGRA (64),BALAGRA (64)
Sheet6,9204,PILLAR COCK EXTENDED BODY,CASA (92),CASA (92)
Sheet6,7908-F,BIB COCK LONG BODY,SAGA(79F),SAGA(79F)
Sheet6,7998F,FLUSH COCK,SAGA(79F),SAGA(79F)
Sheet6,9016,BIB COCK SINK TAP (W/M),EUROPA(90),EUROPA(90)
Sheet6,6891,SINGLE LEVER CONCEALED DIVERTOR,MARCUS(68),MARCUS(68)
Sheet6,6555,SINK MIXER ( W/M),MATRIX(65),MATRIX(65)
Sheet6,7820,CONCEALED STOP COCK 20 MM,URBONA(78),URBONA(78)
Sheet6,8770,WALL MIXER TELEPHONIC,EVIAN (87),EVIAN (87)
Sheet6,7850,CENTER HOLE BASIN MIXER,URBONA(78),URBONA(78)
Sheet6,8310,ANGLE COCK (10),WAVES(83),WAVES(83)
Sheet6,8765,WALL MIXER NON TELEPHONIC,EVIAN (87),EVIAN (87)
Sheet6,7818,CONCEALED STOP COCK 15 MM,URBONA(78),URBONA(78)
Sheet6,8792,SINGLE LEVER CONCEALED DIVERTOR HIGH FLOW,EVIAN (87),EVIAN (87)
Sheet6,8198,FLUSH COCK,NIGRA(81),NIGRA(81)
Sheet6,7403,PILLAR COCK TALL HIGHT,GRACIA(74),GRACIA(74)
Sheet6,8512,2-WAY BIB COCK (12),MIST(85),MIST(85)
Sheet6,8103,PILLAR COCK TALL HIGHT,NIGRA(81),NIGRA(81)
Sheet6,8416,BIB COCK SINK TAP (W/M),PICASSO (84),PICASSO (84)
Sheet6,7803,PILLAR COCK TALL HIGHT,URBONA(78),URBONA(78)
Sheet6,9820,CONCEALED STOP COCK 20 MM,DAWN (98),DAWN (98)
Sheet6,9116,BIB COCK SINK TAP (W/M),GALA(91),GALA(91)
Sheet6,9375,WALL MIXER L-BEND,LAGUNA(93),LAGUNA(93)
Sheet6,9916,BIB COCK SINK TAP (W/M),OCTAVIA(99),OCTAVIA(99)
Sheet6,8114,PILLAR COCK SINK TAP (T/M ),NIGRA(81),NIGRA(81)
Sheet6,8502,PILLAR COCK (02),MIST(85),MIST(85)
Sheet6,8450,CENTER HOLE BASIN MIXER,PICASSO (84),PICASSO (84)
Sheet6,8255,SINK MIXER ( W/M),OPAL(82),OPAL(82)
Sheet6,6665,WALL MIXER NON TELEPHONIC,VINCENT(66),VINCENT(66)
Sheet6,7892,SINGLE LEVER CONCEALED DIVERTOR HIGH FLOW,URBONA(78),URBONA(78)
Sheet6,7895,SPOUT PLAIN,URBONA(78),URBONA(78)
Sheet6,8793,SINGLE LEVER CONCEALED DIVERTOR 3 IN ONE,EVIAN (87),EVIAN (87)
Sheet6,9055,SINK MIXER ( W/M),EUROPA(90),EUROPA(90)
Sheet6,7780,WALL MIXER 3IN ONE,FROST (77),FROST (77)
Sheet6,7603,PILLAR COCK TALL HIGHT,MACASA(76),MACASA(76)
Sheet6,8208,BIB COCK LONG BODY,OPAL(82),OPAL(82)
Sheet6,7992,SINGLE LEVER CONCEALED DIVERTOR HIGH FLOW,INOX(79),INOX(79)
Sheet6,7275,WALL MIXER L-BEND,VIVA(72),VIVA(72)
Sheet6,8216,BIB COCK SINK TAP (W/M),OPAL(82),OPAL(82)
Sheet6,9352,SINGLE LIVER BASIN MIXER TALL HIGHT,LAGUNA(93),LAGUNA(93)
Sheet6,8514,PILLAR COCK SINK TAP (T/M ),MIST(85),MIST(85)
Sheet6,9351,SINGLE LEVER BASIN MIXER,LAGUNA(93),LAGUNA(93)
Sheet6,8780,WALL MIXER 3IN ONE,EVIAN (87),EVIAN (87)
Sheet6,7326,STOP COCK 15 MM ( M/T ),TRANQUIL(73),TRANQUIL(73)
Sheet6,8875,WALL MIXER L-BEND,DIVINE(88),DIVINE(88)
Sheet6,9814,PILLAR COCK SINK TAP (T/M ),DAWN (98),DAWN (98)
Sheet6,8580,WALL MIXER 3IN ONE,MIST(85),MIST(85)
Sheet6,8751,SINGLE LEVER BASIN MIXER,EVIAN (87),EVIAN (87)
Sheet6,6691,SINGLE LEVER CONCEALED DIVERTOR,VINCENT(66),VINCENT(66)
Sheet6,8480,WALL MIXER 3IN ONE,PICASSO (84),PICASSO (84)
Sheet6,9392-N,SINGLE LEVER CONCEALED DIVERTOR HIGH FLOW,LAGUNA(93),KORA(93-N)
Sheet6,8914,PILLAR COCK SINK TAP (T/M ),OPUS(89),OPUS(89)
Sheet6,8295,SPOUT PLAIN,OPAL(82),OPAL(82)
Sheet6,7991-F,SINGLE LEVER CONCEALED DIVERTOR,SAGA(79F),SAGA(79F)
Sheet6,8796,SPOUT TIP TON,EVIAN (87),EVIAN (87)
Sheet6,7975,WALL MIXER L-BEND,INOX(79),INOX(79)
Sheet6,8151,SINGLE LEVER BASIN MIXER,NIGRA(81),NIGRA(81)
Sheet6,9955,SINK MIXER ( W/M),OCTAVIA(99),OCTAVIA(99)
Sheet6,7951-F,SINGLE LEVER BASIN MIXER,SAGA(79F),SAGA(79F)
Sheet6,6880,WALL MIXER 3IN ONE,MARCUS(68),MARCUS(68)
Sheet6,7654,SINGLE LEVER BASIN MIXER WALL MONTED,MACASA(76),MACASA(76)
Sheet6,7855,SINK MIXER ( W/M),URBONA(78),URBONA(78)
Sheet6,7891,SINGLE LEVER CONCEALED DIVERTOR,URBONA(78),URBONA(78)
Sheet6,8250,CENTER HOLE BASIN MIXER,OPAL(82),OPAL(82)
Sheet6,8850,CENTER HOLE BASIN MIXER,DIVINE(88),DIVINE(88)
Sheet6,9914,PILLAR COCK SINK TAP (T/M ),OCTAVIA(99),OCTAVIA(99)
Sheet6,8218,CONCEALED STOP COCK 15 MM,OPAL(82),OPAL(82)
Sheet6,7380,WALL MIXER 3IN ONE,TRANQUIL(73),TRANQUIL(73)
Sheet6,9396,SPOUT TIP TON,LAGUNA(93),LAGUNA(93)
Sheet6,8175,WALL MIXER L-BEND,NIGRA(81),NIGRA(81)
Sheet6,9061,SINGLE LEVER SINK MIXER (T/M ),EUROPA(90),EUROPA(90)
Sheet6,6412,2-WAY BIB COCK (12),BALAGRA (64),BALAGRA (64)
Sheet6,9096,SPOUT TIP TON,EUROPA(90),EUROPA(90)
Sheet6,7911,2-WAY ANGLE COCK (11),INOX(79),INOX(79)
Sheet6,7951,SINGLE LEVER BASIN MIXER,INOX(79),INOX(79)
Sheet6,Pis-11H,2-WAY ANGLE COCK (11),NEPTUNE (ISI),NEPTUNE (ISI)
Sheet6,7655,SINK MIXER ( W/M),MACASA(76),MACASA(76)
Sheet6,7955-F,SINK MIXER ( W/M),SAGA(79F),SAGA(79F)
Sheet6,B-152,BALL COCK,DROPLETS,DROPLETS
Sheet6,BD-40,BASIN MIXER BODY,ALLED,ALLED
Sheet6,6575,WALL MIXER L-BEND,MATRIX(65),MATRIX(65)
Sheet6,9054,SINGLE LEVER BASIN MIXER WALL MONTED,EUROPA(90),EUROPA(90)
Sheet6,PIS-70 H,WALL MIXER TELEPHONIC,NEPTUNE (ISI),NEPTUNE (ISI)
Sheet6,7365,WALL MIXER NON TELEPHONIC,TRANQUIL(73),TRANQUIL(73)
Sheet6,7898,FLUSH COCK,URBONA(78),URBONA(78)
Sheet6,7965,SPOUT TIP TON,INOX(79),INOX(79)
Sheet6,8855,SINK MIXER ( W/M),DIVINE(88),DIVINE(88)
Sheet6,8955,SINK MIXER ( W/M),OPUS(89),OPUS(89)
Sheet6,8112,2-WAY BIB COCK (12),NIGRA(81),NIGRA(81)
Sheet6,7952,SINGLE LIVER BASIN MIXER TALL HIGHT,INOX(79),INOX(79)
Sheet6,7952F,SINGLE LIVER BASIN MIXER TALL HIGHT,SAGA(79F),SAGA(79F)
Sheet6,8606,BIB COCK (06),IRIS(86),IRIS(86)
Sheet6,7250,CENTER HOLE BASIN MIXER,VIVA(72),VIVA(72)
Sheet6,7670,WALL MIXER TELEPHONIC,MACASA(76),MACASA(76)
Sheet6,9951,SINGLE LEVER BASIN MIXER,OCTAVIA(99),OCTAVIA(99)
Sheet6,9355-N,SINK MIXER ( W/M),LAGUNA(93),KORA(93-N)
Sheet6,8618,CONCEALED STOP COCK 15 MM,IRIS(86),IRIS(86)
Sheet6,BB-81,BASIN MIXER PALTE HANDLE,NIGRA(81),NIGRA(81)
Sheet6,6514,PILLAR COCK SINK TAP (T/M ),MATRIX(65),MATRIX(65)
Sheet6,8161,BIB COCK SINK TAP (W/M),NIGRA(81),NIGRA(81)
Sheet6,7450,CENTER HOLE BASIN MIXER,GRACIA(74),GRACIA(74)
Sheet6,7750,CENTER HOLE BASIN MIXER,FROST (77),FROST (77)
Sheet6,8380,WALL MIXER 3IN ONE,WAVES(83),WAVES(83)
Sheet6,7680,WALL MIXER 3IN ONE,MACASA(76),MACASA(76)
Sheet6,7911-F,2-WAY ANGLE COCK (11),SAGA(79F),SAGA(79F)
Sheet6,8506,BIB COCK (06),MIST(85),MIST(85)
Sheet6,PIS-80H,WALL MIXER 3IN ONE,NEPTUNE (ISI),NEPTUNE (ISI)
Sheet6,7954-F,SINGLE LEVER BASIN MIXER WALL MONTED,SAGA(79F),SAGA(79F)
Sheet6,9071,SINGLE LEVER WALL MIXER,EUROPA(90),EUROPA(90)
Sheet6,7903,PILLAR COCK TALL HIGHT,INOX(79),INOX(79)
Sheet6,6311,2-WAY ANGLE COCK (11),DECENTISH (63),DECENTISH (63)
Sheet6,151-I,BALL COCK,DROPLETS,DROPLETS
Sheet6,152-I,BALL COCK,DROPLETS,DROPLETS
Sheet6,153-I,BALL COCK,DROPLETS,DROPLETS
Sheet6,155-I,BALL COCK,DROPLETS,DROPLETS
Sheet6,6302,PILLAR COCK (02),DECENTISH (63),DECENTISH (63)
Sheet6,6306,BIB COCK (06),DECENTISH (63),DECENTISH (63)
Sheet6,6308,BIB COCK LONG BODY,DECENTISH (63),DECENTISH (63)
Sheet6,6310,ANGLE COCK (10),DECENTISH (63),DECENTISH (63)
Sheet6,6312,2-WAY BIB COCK (12),DECENTISH (63),DECENTISH (63)
Sheet6,6314,PILLAR COCK SINK TAP (T/M ),DECENTISH (63),DECENTISH (63)
Sheet6,6316,BIB COCK SINK TAP (W/M),DECENTISH (63),DECENTISH (63)
Sheet6,6318,CONCEALED STOP COCK 15 MM,DECENTISH (63),DECENTISH (63)
Sheet6,6320,CONCEALED STOP COCK 20 MM,DECENTISH (63),DECENTISH (63)
Sheet6,6350,CENTER HOLE BASIN MIXER,DECENTISH (63),DECENTISH (63)
Sheet6,6355,SINK MIXER ( W/M),DECENTISH (63),DECENTISH (63)
Sheet6,6370,WALL MIXER TELEPHONIC,DECENTISH (63),DECENTISH (63)
Sheet6,6375,WALL MIXER L-BEND,DECENTISH (63),DECENTISH (63)
Sheet6,6395,SPOUT PLAIN,DECENTISH (63),DECENTISH (63)
Sheet6,6396,SPOUT TIP TON,DECENTISH (63),DECENTISH (63)
Sheet6,6406,BIB COCK (06),BALAGRA (64),BALAGRA (64)
Sheet6,6410,ANGLE COCK (10),BALAGRA (64),BALAGRA (64)
Sheet6,6411,2-WAY ANGLE COCK (11),BALAGRA (64),BALAGRA (64)
Sheet6,6450,CENTER HOLE BASIN MIXER,BALAGRA (64),BALAGRA (64)
Sheet6,6470,WALL MIXER TELEPHONIC,BALAGRA (64),BALAGRA (64)
Sheet6,6475,WALL MIXER L-BEND,BALAGRA (64),BALAGRA (64)
Sheet6,6480,WALL MIXER 3IN ONE,BALAGRA (64),BALAGRA (64)
Sheet6,6491,SINGLE LEVER CONCEALED DIVERTOR,BALAGRA (64),BALAGRA (64)
Sheet6,6492,SINGLE LEVER CONCEALED DIVERTOR HIGH FLOW,BALAGRA (64),BALAGRA (64)
Sheet6,6495,SPOUT PLAIN,BALAGRA (64),BALAGRA (64)
Sheet6,6496,SPOUT TIP TON,BALAGRA (64),BALAGRA (64)
Sheet6,6502,PILLAR COCK (02),MATRIX(65),MATRIX(65)
Sheet6,6506,BIB COCK (06),MATRIX(65),MATRIX(65)
Sheet6,6508,BIB COCK LONG BODY,MATRIX(65),MATRIX(65)
Sheet6,6509,BIB COCK LONG NOSE,MATRIX(65),MATRIX(65)
Sheet6,6510,ANGLE COCK (10),MATRIX(65),MATRIX(65)
Sheet6,6511,2-WAY ANGLE COCK (11),MATRIX(65),MATRIX(65)
Sheet6,6512,2-WAY BIB COCK (12),MATRIX(65),MATRIX(65)
Sheet6,6516,BIB COCK SINK TAP (W/M),MATRIX(65),MATRIX(65)
Sheet6,6520,CONCEALED STOP COCK 20 MM,MATRIX(65),MATRIX(65)
Sheet6,6550,CENTER HOLE BASIN MIXER,MATRIX(65),MATRIX(65)
Sheet6,6570,WALL MIXER TELEPHONIC,MATRIX(65),MATRIX(65)
Sheet6,6580,WALL MIXER 3IN ONE,MATRIX(65),MATRIX(65)
Sheet6,6602,PILLAR COCK (02),VINCENT(66),VINCENT(66)
Sheet6,6606,BIB COCK (06),VINCENT(66),VINCENT(66)
Sheet6,6608,BIB COCK LONG BODY,VINCENT(66),VINCENT(66)
Sheet6,6609,BIB COCK LONG NOSE,VINCENT(66),VINCENT(66)
Sheet6,6610,ANGLE COCK (10),VINCENT(66),VINCENT(66)
Sheet6,6612,2-WAY BIB COCK (12),VINCENT(66),VINCENT(66)
Sheet6,6616,BIB COCK SINK TAP (W/M),VINCENT(66),VINCENT(66)
Sheet6,6618,CONCEALED STOP COCK 15 MM,VINCENT(66),VINCENT(66)
Sheet6,6620,CONCEALED STOP COCK 20 MM,VINCENT(66),VINCENT(66)
Sheet6,6650,CENTER HOLE BASIN MIXER,VINCENT(66),VINCENT(66)
Sheet6,6651,SINGLE LEVER BASIN MIXER,VINCENT(66),VINCENT(66)
Sheet6,6652,SINGLE LIVER BASIN MIXER TALL HIGHT,VINCENT(66),VINCENT(66)
Sheet6,6655,SINK MIXER ( W/M),VINCENT(66),VINCENT(66)
Sheet6,6670,WALL MIXER TELEPHONIC,VINCENT(66),VINCENT(66)
Sheet6,6675,WALL MIXER L-BEND,VINCENT(66),VINCENT(66)
Sheet6,6695,SPOUT PLAIN,VINCENT(66),VINCENT(66)
Sheet6,6696,SPOUT TIP TON,VINCENT(66),VINCENT(66)
Sheet6,6698,FLUSH COCK,VINCENT(66),VINCENT(66)
Sheet6,6702,PILLAR COCK (02),QUINCY(67),QUINCY(67)
Sheet6,6709,BIB COCK LONG NOSE,QUINCY(67),QUINCY(67)
Sheet6,6710,ANGLE COCK (10),QUINCY(67),QUINCY(67)
Sheet6,6714,PILLAR COCK SINK TAP (T/M ),QUINCY(67),QUINCY(67)
Sheet6,6716,BIB COCK SINK TAP (W/M),QUINCY(67),QUINCY(67)
Sheet6,6718,CONCEALED STOP COCK 15 MM,QUINCY(67),QUINCY(67)
Sheet6,6720,CONCEALED STOP COCK 20 MM,QUINCY(67),QUINCY(67)
Sheet6,6726,STOP COCK 15 MM ( M/T ),QUINCY(67),QUINCY(67)
Sheet6,6750,CENTER HOLE BASIN MIXER,QUINCY(67),QUINCY(67)
Sheet6,6755,SINK MIXER ( W/M),QUINCY(67),QUINCY(67)
Sheet6,6765,WALL MIXER NON TELEPHONIC,QUINCY(67),QUINCY(67)
Sheet6,6770,WALL MIXER TELEPHONIC,QUINCY(67),QUINCY(67)
Sheet6,6780,WALL MIXER 3IN ONE,QUINCY(67),QUINCY(67)
Sheet6,6798,FLUSH COCK,QUINCY(67),QUINCY(67)
Sheet6,6802,PILLAR COCK (02),MARCUS(68),MARCUS(68)
Sheet6,6803,PILLAR COCK TALL HIGHT,MARCUS(68),MARCUS(68)
Sheet6,6810,ANGLE COCK (10),MARCUS(68),MARCUS(68)
Sheet6,6811,2-WAY ANGLE COCK (11),MARCUS(68),MARCUS(68)
Sheet6,6816,BIB COCK SINK TAP (W/M),MARCUS(68),MARCUS(68)
Sheet6,6851,SINGLE LEVER BASIN MIXER,MARCUS(68),MARCUS(68)
Sheet6,6852,SINGLE LIVER BASIN MIXER TALL HIGHT,MARCUS(68),MARCUS(68)
Sheet6,6855,SINK MIXER ( W/M),MARCUS(68),MARCUS(68)
Sheet6,6865,WALL MIXER NON TELEPHONIC,MARCUS(68),MARCUS(68)
Sheet6,6870,WALL MIXER TELEPHONIC,MARCUS(68),MARCUS(68)
Sheet6,6895,SPOUT PLAIN,MARCUS(68),MARCUS(68)
Sheet6,6896,SPOUT TIP TON,MARCUS(68),MARCUS(68)
Sheet6,7201,BIB COCK NOZZLE,VIVA(72),VIVA(72)
Sheet6,7202,PILLAR COCK (02),VIVA(72),VIVA(72)
Sheet6,7206,BIB COCK (06),VIVA(72),VIVA(72)
Sheet6,7209,BIB COCK LONG NOSE,VIVA(72),VIVA(72)
Sheet6,7210,ANGLE COCK (10),VIVA(72),VIVA(72)
Sheet6,7211,2-WAY ANGLE COCK (11),VIVA(72),VIVA(72)
Sheet6,7214,PILLAR COCK SINK TAP (T/M ),VIVA(72),VIVA(72)
Sheet6,7216,BIB COCK SINK TAP (W/M),VIVA(72),VIVA(72)
Sheet6,7218,CONCEALED STOP COCK 15 MM,VIVA(72),VIVA(72)
Sheet6,7226,STOP COCK 15 MM ( M/T ),VIVA(72),VIVA(72)
Sheet6,7228,STOP COCK 15 MM ( F/T ),VIVA(72),VIVA(72)
Sheet6,7255,SINK MIXER ( W/M),VIVA(72),VIVA(72)
Sheet6,7265,WALL MIXER NON TELEPHONIC,VIVA(72),VIVA(72)
Sheet6,7270,WALL MIXER TELEPHONIC,VIVA(72),VIVA(72)
Sheet6,7280,WALL MIXER 3IN ONE,VIVA(72),VIVA(72)
Sheet6,7298,FLUSH COCK,VIVA(72),VIVA(72)
Sheet6,7301,BIB COCK NOZZLE,TRANQUIL(73),TRANQUIL(73)
Sheet6,7305,BIB COCK NOZZLE,TRANQUIL(73),TRANQUIL(73)
Sheet6,7306,BIB COCK (06),TRANQUIL(73),TRANQUIL(73)
Sheet6,7309,BIB COCK LONG NOSE,TRANQUIL(73),TRANQUIL(73)
Sheet6,7311,2-WAY ANGLE COCK (11),TRANQUIL(73),TRANQUIL(73)
Sheet6,7312,2-WAY BIB COCK (12),TRANQUIL(73),TRANQUIL(73)
Sheet6,7318,CONCEALED STOP COCK 15 MM,TRANQUIL(73),TRANQUIL(73)
Sheet6,7328,STOP COCK 15 MM ( F/T ),TRANQUIL(73),TRANQUIL(73)
Sheet6,7350,CENTER HOLE BASIN MIXER,TRANQUIL(73),TRANQUIL(73)
Sheet6,7355,SINK MIXER ( W/M),TRANQUIL(73),TRANQUIL(73)
Sheet6,7370,WALL MIXER TELEPHONIC,TRANQUIL(73),TRANQUIL(73)
Sheet6,7398,FLUSH COCK,TRANQUIL(73),TRANQUIL(73)
Sheet6,7402,PILLAR COCK (02),GRACIA(74),GRACIA(74)
Sheet6,7406,BIB COCK (06),GRACIA(74),GRACIA(74)
Sheet6,7408,BIB COCK LONG BODY,GRACIA(74),GRACIA(74)
Sheet6,7410,ANGLE COCK (10),GRACIA(74),GRACIA(74)
Sheet6,7411,2-WAY ANGLE COCK (11),GRACIA(74),GRACIA(74)
Sheet6,7412,2-WAY BIB COCK (12),GRACIA(74),GRACIA(74)
Sheet6,7416,BIB COCK SINK TAP (W/M),GRACIA(74),GRACIA(74)
Sheet6,7418,CONCEALED STOP COCK 15 MM,GRACIA(74),GRACIA(74)
Sheet6,7465,WALL MIXER NON TELEPHONIC,GRACIA(74),GRACIA(74)
Sheet6,7470,WALL MIXER TELEPHONIC,GRACIA(74),GRACIA(74)
Sheet6,7475,WALL MIXER L-BEND,GRACIA(74),GRACIA(74)
Sheet6,7498,FLUSH COCK,GRACIA(74),GRACIA(74)
Sheet6,7601,BIB COCK NOZZLE,MACASA(76),MACASA(76)
Sheet6,7602,PILLAR COCK (02),MACASA(76),MACASA(76)
Sheet6,7606,BIB COCK (06),MACASA(76),MACASA(76)
Sheet6,7610,ANGLE COCK (10),MACASA(76),MACASA(76)
Sheet6,7611,2-WAY ANGLE COCK (11),MACASA(76),MACASA(76)
Sheet6,7612,2-WAY BIB COCK (12),MACASA(76),MACASA(76)
Sheet6,7618,CONCEALED STOP COCK 15 MM,MACASA(76),MACASA(76)
Sheet6,7620,CONCEALED STOP COCK 20 MM,MACASA(76),MACASA(76)
Sheet6,7650,CENTER HOLE BASIN MIXER,MACASA(76),MACASA(76)
Sheet6,7651,SINGLE LEVER BASIN MIXER,MACASA(76),MACASA(76)
Sheet6,7665,WALL MIXER NON TELEPHONIC,MACASA(76),MACASA(76)
Sheet6,7671,SINGLE LEVER WALL MIXER,MACASA(76),MACASA(76)
Sheet6,7675,WALL MIXER L-BEND,MACASA(76),MACASA(76)
Sheet6,7693,SINGLE LEVER CONCEALED DIVERTOR 3 IN ONE,MACASA(76),MACASA(76)
Sheet6,7695,SPOUT PLAIN,MACASA(76),MACASA(76)
Sheet6,7696,SPOUT TIP TON,MACASA(76),MACASA(76)
Sheet6,7701,BIB COCK NOZZLE,FROST (77),FROST (77)
Sheet6,7702,PILLAR COCK (02),FROST (77),FROST (77)
Sheet6,7703,PILLAR COCK TALL HIGHT,FROST (77),FROST (77)
Sheet6,7706,BIB COCK (06),FROST (77),FROST (77)
Sheet6,7710,ANGLE COCK (10),FROST (77),FROST (77)
Sheet6,7711,2-WAY ANGLE COCK (11),FROST (77),FROST (77)
Sheet6,7712,2-WAY BIB COCK (12),FROST (77),FROST (77)
Sheet6,7714,PILLAR COCK SINK TAP (T/M ),FROST (77),FROST (77)
Sheet6,7716,BIB COCK SINK TAP (W/M),FROST (77),FROST (77)
Sheet6,7718,CONCEALED STOP COCK 15 MM,FROST (77),FROST (77)
Sheet6,7755,SINK MIXER ( W/M),FROST (77),FROST (77)
Sheet6,7765,WALL MIXER NON TELEPHONIC,FROST (77),FROST (77)
Sheet6,7770,WALL MIXER TELEPHONIC,FROST (77),FROST (77)
Sheet6,7775,WALL MIXER L-BEND,FROST (77),FROST (77)
Sheet6,7798,FLUSH COCK,FROST (77),FROST (77)
Sheet6,7802,PILLAR COCK (02),URBONA(78),URBONA(78)
Sheet6,7806,BIB COCK (06),URBONA(78),URBONA(78)
Sheet6,7805,BIB COCK NOZZLE,URBONA(78),URBONA(78)
Sheet6,7812,2-WAY BIB COCK (12),URBONA(78),URBONA(78)
Sheet6,7816,BIB COCK SINK TAP (W/M),URBONA(78),URBONA(78)
Sheet6,7851,SINGLE LEVER BASIN MIXER,URBONA(78),URBONA(78)
Sheet6,7852,SINGLE LIVER BASIN MIXER TALL HIGHT,URBONA(78),URBONA(78)
Sheet6,7854,SINGLE LEVER BASIN MIXER WALL MONTED,URBONA(78),URBONA(78)
Sheet6,7865,WALL MIXER NON TELEPHONIC,URBONA(78),URBONA(78)
Sheet6,7870,WALL MIXER TELEPHONIC,URBONA(78),URBONA(78)
Sheet6,7871,SINGLE LEVER WALL MIXER,URBONA(78),URBONA(78)
Sheet6,7876,"SINGLE LEVER WALL MIXER ""L"" BEND (EXPOSE TYPE)",URBONA(78),URBONA(78)
Sheet6,7880,WALL MIXER 3IN ONE,URBONA(78),URBONA(78)
Sheet6,7893,SINGLE LEVER CONCEALED DIVERTOR 3 IN ONE,URBONA(78),URBONA(78)
Sheet6,7902,PILLAR COCK (02),INOX(79),INOX(79)
Sheet6,7912,2-WAY BIB COCK (12),INOX(79),INOX(79)
Sheet6,7914,PILLAR COCK SINK TAP (T/M ),INOX(79),INOX(79)
Sheet6,7950,CENTER HOLE BASIN MIXER,INOX(79),INOX(79)
Sheet6,7954,SINGLE LEVER BASIN MIXER WALL MONTED,INOX(79),INOX(79)
Sheet6,7955,SINK MIXER ( W/M),INOX(79),INOX(79)
Sheet6,7970,WALL MIXER TELEPHONIC,INOX(79),INOX(79)
Sheet6,7980,WALL MIXER 3IN ONE,INOX(79),INOX(79)
Sheet6,7991,SINGLE LEVER CONCEALED DIVERTOR,INOX(79),INOX(79)
Sheet6,7993,SINGLE LEVER CONCEALED DIVERTOR 3 IN ONE,INOX(79),INOX(79)
Sheet6,7996,SPOUT TIP TON,INOX(79),INOX(79)
Sheet6,7998,FLUSH COCK,INOX(79),INOX(79)
Sheet6,7902-F,PILLAR COCK (02),SAGA(79F),SAGA(79F)
Sheet6,7903 F,PILLAR COCK TALL HIGHT,SAGA(79F),SAGA(79F)
Sheet6,7910-F,ANGLE COCK (10),SAGA(79F),SAGA(79F)
Sheet6,7914-F,PILLAR COCK SINK TAP (T/M ),SAGA(79F),SAGA(79F)
Sheet6,7916 F,BIB COCK SINK TAP (W/M),SAGA(79F),SAGA(79F)
Sheet6,7918 F,CONCEALED STOP COCK 15 MM,SAGA(79F),SAGA(79F)
Sheet6,7950 F,CENTER HOLE BASIN MIXER,SAGA(79F),SAGA(79F)
Sheet6,7965 F,WALL MIXER NON TELEPHONIC,SAGA(79F),SAGA(79F)
Sheet6,7970 F,WALL MIXER TELEPHONIC,SAGA(79F),SAGA(79F)
Sheet6,7980-F,WALL MIXER 3IN ONE,SAGA(79F),SAGA(79F)
Sheet6,7992F,SINGLE LEVER CONCEALED DIVERTOR HIGH FLOW,SAGA(79F),SAGA(79F)
Sheet6,7993 F,SINGLE LEVER CONCEALED DIVERTOR 3 IN ONE,SAGA(79F),SAGA(79F)
Sheet6,7995 F,SPOUT PLAIN,SAGA(79F),SAGA(79F)
Sheet6,7996-F,SPOUT TIP TON,SAGA(79F),SAGA(79F)
Sheet6,8002,PILLAR COCK (02),MABEL(80),MABEL(80)
Sheet6,8006,BIB COCK (06),MABEL(80),MABEL(80)
Sheet6,8008,BIB COCK LONG BODY,MABEL(80),MABEL(80)
Sheet6,8010,ANGLE COCK (10),MABEL(80),MABEL(80)
Sheet6,8012,2-WAY BIB COCK (12),MABEL(80),MABEL(80)
Sheet6,8014,PILLAR COCK SINK TAP (T/M ),MABEL(80),MABEL(80)
Sheet6,8016,BIB COCK SINK TAP (W/M),MABEL(80),MABEL(80)
Sheet6,8018,CONCEALED STOP COCK 15 MM,MABEL(80),MABEL(80)
Sheet6,8051,SINGLE LEVER BASIN MIXER,MABEL(80),MABEL(80)
Sheet6,8080,BIB COCK LONG BODY,MABEL(80),MABEL(80)
Sheet6,8091,SINGLE LEVER CONCEALED DIVERTOR,MABEL(80),MABEL(80)
Sheet6,8093,SINGLE LEVER CONCEALED DIVERTOR 3 IN ONE,MABEL(80),MABEL(80)
Sheet6,8095,SPOUT PLAIN,MABEL(80),MABEL(80)
Sheet6,8096,SPOUT TIP TON,MABEL(80),MABEL(80)
Sheet6,8102,PILLAR COCK (02),NIGRA(81),NIGRA(81)
Sheet6,8106,BIB COCK (06),NIGRA(81),NIGRA(81)
Sheet6,8108,BIB COCK LONG BODY,NIGRA(81),NIGRA(81)
Sheet6,8111,2-WAY ANGLE COCK (11),NIGRA(81),NIGRA(81)
Sheet6,8116,BIB COCK SINK TAP (W/M),NIGRA(81),NIGRA(81)
Sheet6,8118,CONCEALED STOP COCK 15 MM,NIGRA(81),NIGRA(81)
Sheet6,8153,SINGLE LEVER BASIN MIXER,NIGRA(81),NIGRA(81)
Sheet6,8154,SINGLE LEVER BASIN MIXER WALL MONTED,NIGRA(81),NIGRA(81)
Sheet6,8155,SINK MIXER ( W/M),NIGRA(81),NIGRA(81)
Sheet6,8156,SINGLE LEVER SINK MIXER (W/M ),NIGRA(81),NIGRA(81)
Sheet6,8165,WALL MIXER NON TELEPHONIC,NIGRA(81),NIGRA(81)
Sheet6,8170,WALL MIXER TELEPHONIC,NIGRA(81),NIGRA(81)
Sheet6,8171,SINGLE LEVER WALL MIXER,NIGRA(81),NIGRA(81)
Sheet6,8176,"SINGLE LEVER WALL MIXER ""L"" BEND (EXPOSE TYPE)",NIGRA(81),NIGRA(81)
Sheet6,8192,SINGLE LEVER CONCEALED DIVERTOR HIGH FLOW,NIGRA(81),NIGRA(81)
Sheet6,8193,SINGLE LEVER CONCEALED DIVERTOR 3 IN ONE,NIGRA(81),NIGRA(81)
Sheet6,8195,SPOUT PLAIN,NIGRA(81),NIGRA(81)
Sheet6,8196,SPOUT TIP TON,NIGRA(81),NIGRA(81)
Sheet6,8211,2-WAY ANGLE COCK (11),OPAL(82),OPAL(82)
Sheet6,8212,2-WAY BIB COCK (12),OPAL(82),OPAL(82)
Sheet6,8251,SINGLE LEVER BASIN MIXER,OPAL(82),OPAL(82)
Sheet6,8254,SINGLE LEVER BASIN MIXER WALL MONTED,OPAL(82),OPAL(82)
Sheet6,8265,WALL MIXER NON TELEPHONIC,OPAL(82),OPAL(82)
Sheet6,8270,WALL MIXER TELEPHONIC,OPAL(82),OPAL(82)
Sheet6,8275,WALL MIXER L-BEND,OPAL(82),OPAL(82)
Sheet6,8280,WALL MIXER 3IN ONE,OPAL(82),OPAL(82)
Sheet6,8292,SINGLE LEVER CONCEALED DIVERTOR HIGH FLOW,OPAL(82),OPAL(82)
Sheet6,8293,SINGLE LEVER CONCEALED DIVERTOR 3 IN ONE,OPAL(82),OPAL(82)
Sheet6,8296,SPOUT TIP TON,OPAL(82),OPAL(82)
Sheet6,8301,BIB COCK NOZZLE,WAVES(83),WAVES(83)
Sheet6,8302,PILLAR COCK (02),WAVES(83),WAVES(83)
Sheet6,8304,PILLAR COCK EXTENDED BODY,WAVES(83),WAVES(83)
Sheet6,8308,BIB COCK LONG BODY,WAVES(83),WAVES(83)
Sheet6,8309,BIB COCK LONG NOSE,WAVES(83),WAVES(83)
Sheet6,8311,2-WAY ANGLE COCK (11),WAVES(83),WAVES(83)
Sheet6,8312,2-WAY BIB COCK (12),WAVES(83),WAVES(83)
Sheet6,8316,BIB COCK SINK TAP (W/M),WAVES(83),WAVES(83)
Sheet6,8320,CONCEALED STOP COCK 20 MM,WAVES(83),WAVES(83)
Sheet6,8350,CENTER HOLE BASIN MIXER,WAVES(83),WAVES(83)
Sheet6,8355,SINK MIXER ( W/M),WAVES(83),WAVES(83)
Sheet6,8365,WALL MIXER NON TELEPHONIC,WAVES(83),WAVES(83)
Sheet6,8370,WALL MIXER TELEPHONIC,WAVES(83),WAVES(83)
Sheet6,8375,WALL MIXER L-BEND,WAVES(83),WAVES(83)
Sheet6,8398,FLUSH COCK,WAVES(83),WAVES(83)
Sheet6,8402,PILLAR COCK (02),PICASSO (84),PICASSO (84)
Sheet6,8410,ANGLE COCK (10),PICASSO (84),PICASSO (84)
Sheet6,8411,2-WAY ANGLE COCK (11),PICASSO (84),PICASSO (84)
Sheet6,8412,2-WAY BIB COCK (12),PICASSO (84),PICASSO (84)
Sheet6,8414,PILLAR COCK SINK TAP (T/M ),PICASSO (84),PICASSO (84)
Sheet6,8418,CONCEALED STOP COCK 15 MM,PICASSO (84),PICASSO (84)
Sheet6,8420,CONCEALED STOP COCK 20 MM,PICASSO (84),PICASSO (84)
Sheet6,8455,SINK MIXER ( W/M),PICASSO (84),PICASSO (84)
Sheet6,8460,SINK MIXER (T/M),PICASSO (84),PICASSO (84)
Sheet6,8470,WALL MIXER TELEPHONIC,PICASSO (84),PICASSO (84)
Sheet6,8475,WALL MIXER L-BEND,PICASSO (84),PICASSO (84)
Sheet6,8505,BIB COCK NOZZLE,MIST(85),MIST(85)
Sheet6,8508,BIB COCK LONG BODY,MIST(85),MIST(85)
Sheet6,8510,ANGLE COCK (10),MIST(85),MIST(85)
Sheet6,8511,2-WAY ANGLE COCK (11),MIST(85),MIST(85)
Sheet6,8516,BIB COCK SINK TAP (W/M),MIST(85),MIST(85)
Sheet6,8518,CONCEALED STOP COCK 15 MM,MIST(85),MIST(85)
Sheet6,8526,STOP COCK 15 MM ( M/T ),MIST(85),MIST(85)
Sheet6,8550,CENTER HOLE BASIN MIXER,MIST(85),MIST(85)
Sheet6,8555,SINK MIXER ( W/M),MIST(85),MIST(85)
Sheet6,8560,SINK MIXER (T/M),MIST(85),MIST(85)
Sheet6,8570,WALL MIXER TELEPHONIC,MIST(85),MIST(85)
Sheet6,8575,WALL MIXER L-BEND,MIST(85),MIST(85)
Sheet6,8598,FLUSH COCK,MIST(85),MIST(85)
Sheet6,8602,PILLAR COCK (02),IRIS(86),IRIS(86)
Sheet6,8604,PILLAR COCK EXTENDED BODY,IRIS(86),IRIS(86)
Sheet6,8608,BIB COCK LONG BODY,IRIS(86),IRIS(86)
Sheet6,8610,ANGLE COCK (10),IRIS(86),IRIS(86)
Sheet6,8611,2-WAY ANGLE COCK (11),IRIS(86),IRIS(86)
Sheet6,8612,2-WAY BIB COCK (12),IRIS(86),IRIS(86)
Sheet6,8614,PILLAR COCK SINK TAP (T/M ),IRIS(86),IRIS(86)
Sheet6,8616,BIB COCK SINK TAP (W/M),IRIS(86),IRIS(86)
Sheet6,8620,CONCEALED STOP COCK 20 MM,IRIS(86),IRIS(86)
Sheet6,8650,CENTER HOLE BASIN MIXER,IRIS(86),IRIS(86)
Sheet6,8655,SINK MIXER ( W/M),IRIS(86),IRIS(86)
Sheet6,8670,WALL MIXER TELEPHONIC,IRIS(86),IRIS(86)
Sheet6,8675,WALL MIXER L-BEND,IRIS(86),IRIS(86)
Sheet6,8680,WALL MIXER 3IN ONE,IRIS(86),IRIS(86)
Sheet6,8702,PILLAR COCK (02),EVIAN (87),EVIAN (87)
Sheet6,8710,ANGLE COCK (10),EVIAN (87),EVIAN (87)
Sheet6,8711,2-WAY ANGLE COCK (11),EVIAN (87),EVIAN (87)
Sheet6,8716,BIB COCK SINK TAP (W/M),EVIAN (87),EVIAN (87)
Sheet6,8718,CONCEALED STOP COCK 15 MM,EVIAN (87),EVIAN (87)
Sheet6,8752,SINGLE LIVER BASIN MIXER TALL HIGHT,EVIAN (87),EVIAN (87)
Sheet6,8754,SINGLE LEVER BASIN MIXER WALL MONTED,EVIAN (87),EVIAN (87)
Sheet6,8756,SINGLE LEVER SINK MIXER (W/M ),EVIAN (87),EVIAN (87)
Sheet6,8760,SINK MIXER WITH REGULAR SPOUT T/M (SWINGING SPOUT),EVIAN (87),EVIAN (87)
Sheet6,8771,SINGLE LEVER WALL MIXER,EVIAN (87),EVIAN (87)
Sheet6,8776,"SINGLE LEVER WALL MIXER ""L"" BEND (EXPOSE TYPE)",EVIAN (87),EVIAN (87)
Sheet6,8798,FLUSH COCK,EVIAN (87),EVIAN (87)
Sheet6,8802,PILLAR COCK (02),DIVINE(88),DIVINE(88)
Sheet6,8806,BIB COCK (06),DIVINE(88),DIVINE(88)
Sheet6,8810,ANGLE COCK (10),DIVINE(88),DIVINE(88)
Sheet6,8811,2-WAY ANGLE COCK (11),DIVINE(88),DIVINE(88)
Sheet6,8812,2-WAY BIB COCK (12),DIVINE(88),DIVINE(88)
Sheet6,8814,PILLAR COCK SINK TAP (T/M ),DIVINE(88),DIVINE(88)
Sheet6,8816,BIB COCK SINK TAP (W/M),DIVINE(88),DIVINE(88)
Sheet6,8818,CONCEALED STOP COCK 15 MM,DIVINE(88),DIVINE(88)
Sheet6,8820,CONCEALED STOP COCK 20 MM,DIVINE(88),DIVINE(88)
Sheet6,8851,SINGLE LEVER BASIN MIXER,DIVINE(88),DIVINE(88)
Sheet6,8860,SINK MIXER (T/M),DIVINE(88),DIVINE(88)
Sheet6,8865,WALL MIXER NON TELEPHONIC,DIVINE(88),DIVINE(88)
Sheet6,8880,WALL MIXER 3IN ONE,DIVINE(88),DIVINE(88)
Sheet6,8895,SPOUT PLAIN,DIVINE(88),DIVINE(88)
Sheet6,8896,SPOUT TIP TON,DIVINE(88),DIVINE(88)
Sheet6,8903,PILLAR COCK TALL HIGHT,OPUS(89),OPUS(89)
Sheet6,8906,BIB COCK (06),OPUS(89),OPUS(89)
Sheet6,8908,BIB COCK LONG BODY,OPUS(89),OPUS(89)
Sheet6,8910,ANGLE COCK (10),OPUS(89),OPUS(89)
Sheet6,8911,2-WAY ANGLE COCK (11),OPUS(89),OPUS(89)
Sheet6,8912,2-WAY BIB COCK (12),OPUS(89),OPUS(89)
Sheet6,8918,CONCEALED STOP COCK 15 MM,OPUS(89),OPUS(89)
Sheet6,8920,CONCEALED STOP COCK 20 MM,OPUS(89),OPUS(89)
Sheet6,8951,SINGLE LEVER BASIN MIXER,OPUS(89),OPUS(89)
Sheet6,8952,SINGLE LIVER BASIN MIXER TALL HIGHT,OPUS(89),OPUS(89)
Sheet6,8953,SINGLE LIVER BASIN MIXER TALL HIGHT,OPUS(89),OPUS(89)
Sheet6,8954,SINGLE LEVER BASIN MIXER WALL MONTED,OPUS(89),OPUS(89)
Sheet6,8956,SINGLE LEVER SINK MIXER (W/M ),OPUS(89),OPUS(89)
Sheet6,8961,SINGLE LEVER SINK MIXER (T/M ),OPUS(89),OPUS(89)
Sheet6,8971,SINGLE LEVER WALL MIXER,OPUS(89),OPUS(89)
Sheet6,8976,"SINGLE LEVER WALL MIXER ""L"" BEND (EXPOSE TYPE)",OPUS(89),OPUS(89)
Sheet6,8980,WALL MIXER 3IN ONE,OPUS(89),OPUS(89)
Sheet6,8991,SINGLE LEVER CONCEALED DIVERTOR,OPUS(89),OPUS(89)
Sheet6,8992,SINGLE LEVER CONCEALED DIVERTOR HIGH FLOW,OPUS(89),OPUS(89)
Sheet6,8993,SINGLE LEVER CONCEALED DIVERTOR 3 IN ONE,OPUS(89),OPUS(89)
Sheet6,8995,SPOUT PLAIN,OPUS(89),OPUS(89)
Sheet6,8996,SPOUT TIP TON,OPUS(89),OPUS(89)
Sheet6,8998,FLUSH COCK,OPUS(89),OPUS(89)
Sheet6,9002,PILLAR COCK (02),EUROPA(90),EUROPA(90)
Sheet6,9003,PILLAR COCK TALL HIGHT,EUROPA(90),EUROPA(90)
Sheet6,9006,BIB COCK (06),EUROPA(90),EUROPA(90)
Sheet6,9008,BIB COCK LONG BODY,EUROPA(90),EUROPA(90)
Sheet6,9010,ANGLE COCK (10),EUROPA(90),EUROPA(90)
Sheet6,9011,2-WAY ANGLE COCK (11),EUROPA(90),EUROPA(90)
Sheet6,9018,CONCEALED STOP COCK 15 MM,EUROPA(90),EUROPA(90)
Sheet6,9020,CONCEALED STOP COCK 20 MM,EUROPA(90),EUROPA(90)
Sheet6,9051,SINGLE LEVER BASIN MIXER,EUROPA(90),EUROPA(90)
Sheet6,9052,SINGLE LEVER BASIN MIXER,EUROPA(90),EUROPA(90)
Sheet6,9053,SINGLE LEVER BASIN MIXER,EUROPA(90),EUROPA(90)
Sheet6,9075,WALL MIXER L-BEND,EUROPA(90),EUROPA(90)
Sheet6,9056,SINGLE LEVER SINK MIXER (W/M ),EUROPA(90),EUROPA(90)
Sheet6,9076,"SINGLE LEVER WALL MIXER ""L"" BEND (EXPOSE TYPE)",EUROPA(90),EUROPA(90)
Sheet6,9093,SINGLE LEVER CONCEALED DIVERTOR 3 IN ONE,EUROPA(90),EUROPA(90)
Sheet6,9102,PILLAR COCK (02),GALA(91),GALA(91)
Sheet6,9106,BIB COCK (06),GALA(91),GALA(91)
Sheet6,9110,ANGLE COCK (10),GALA(91),GALA(91)
Sheet6,9111,2-WAY ANGLE COCK (11),GALA(91),GALA(91)
Sheet6,9112,2-WAY BIB COCK (12),GALA(91),GALA(91)
Sheet6,9114,PILLAR COCK SINK TAP (T/M ),GALA(91),GALA(91)
Sheet6,9120,CONCEALED STOP COCK 20 MM,GALA(91),GALA(91)
Sheet6,9118,CONCEALED STOP COCK 15 MM,GALA(91),GALA(91)
Sheet6,9151,SINGLE LEVER BASIN MIXER,GALA(91),GALA(91)
Sheet6,9155,SINK MIXER ( W/M),GALA(91),GALA(91)
Sheet6,9170,WALL MIXER TELEPHONIC,GALA(91),GALA(91)
Sheet6,9175,WALL MIXER L-BEND,GALA(91),GALA(91)
Sheet6,9180,WALL MIXER 3IN ONE,GALA(91),GALA(91)
Sheet6,9191,SINGLE LEVER CONCEALED DIVERTOR,GALA(91),GALA(91)
Sheet6,9192,SINGLE LEVER CONCEALED DIVERTOR HIGH FLOW,GALA(91),GALA(91)
Sheet6,9195,SPOUT PLAIN,GALA(91),GALA(91)
Sheet6,9196,SPOUT TIP TON,GALA(91),GALA(91)
Sheet6,9198,FLUSH COCK,GALA(91),GALA(91)
Sheet6,9202,PILLAR COCK (02),CASA (92),CASA (92)
Sheet6,9208,BIB COCK LONG BODY,CASA (92),CASA (92)
Sheet6,9210,ANGLE COCK (10),CASA (92),CASA (92)
Sheet6,9211,2-WAY ANGLE COCK (11),CASA (92),CASA (92)
Sheet6,9212,2-WAY BIB COCK (12),CASA (92),CASA (92)
Sheet6,9214,PILLAR COCK SINK TAP (T/M ),CASA (92),CASA (92)
Sheet6,9216,BIB COCK SINK TAP (W/M),CASA (92),CASA (92)
Sheet6,9218,CONCEALED STOP COCK 15 MM,CASA (92),CASA (92)
Sheet6,9250,CENTER HOLE BASIN MIXER,CASA (92),CASA (92)
Sheet6,9255,SINK MIXER ( W/M),CASA (92),CASA (92)
Sheet6,9260,SINK MIXER (T/M),CASA (92),CASA (92)
Sheet6,9265,WALL MIXER NON TELEPHONIC,CASA (92),CASA (92)
Sheet6,9270,WALL MIXER TELEPHONIC,CASA (92),CASA (92)
Sheet6,9275,WALL MIXER L-BEND,CASA (92),CASA (92)
Sheet6,9280,WALL MIXER 3IN ONE,CASA (92),CASA (92)
Sheet6,9302-N,PILLAR COCK (02),LAGUNA(93),KORA(93-N)
Sheet6,9302,PILLAR COCK (02),LAGUNA(93),LAGUNA(93)
Sheet6,9306,BIB COCK (06),LAGUNA(93),LAGUNA(93)
Sheet6,9306-N,BIB COCK (06),LAGUNA(93),KORA(93-N)
Sheet6,9310,ANGLE COCK (10),LAGUNA(93),LAGUNA(93)
Sheet6,9310-N,ANGLE COCK (10),LAGUNA(93),KORA(93-N)
Sheet6,9312,2-WAY BIB COCK (12),LAGUNA(93),LAGUNA(93)
Sheet6,9312-N,2-WAY BIB COCK (12),LAGUNA(93),KORA(93-N)
Sheet6,9314-N,PILLAR COCK SINK TAP (T/M ),LAGUNA(93),KORA(93-N)
Sheet6,9314,PILLAR COCK SINK TAP (T/M ),LAGUNA(93),LAGUNA(93)
Sheet6,9316-N,BIB COCK SINK TAP (W/M),LAGUNA(93),KORA(93-N)
Sheet6,9316,BIB COCK SINK TAP (W/M),LAGUNA(93),LAGUNA(93)
Sheet6,9318,CONCEALED STOP COCK 15 MM,LAGUNA(93),LAGUNA(93)
Sheet6,9318-N,CONCEALED STOP COCK 15 MM,LAGUNA(93),KORA(93-N)
Sheet6,9320-N,CONCEALED STOP COCK 20 MM,LAGUNA(93),KORA(93-N)
Sheet6,9320,CONCEALED STOP COCK 20 MM,LAGUNA(93),LAGUNA(93)
Sheet6,9351-N,SINGLE LEVER BASIN MIXER,LAGUNA(93),KORA(93-N)
Sheet6,9352-N,SINGLE LIVER BASIN MIXER TALL HIGHT,LAGUNA(93),KORA(93-N)
Sheet6,9350-N,CENTER HOLE BASIN MIXER,LAGUNA(93),KORA(93-N)
Sheet6,9350,CENTER HOLE BASIN MIXER,LAGUNA(93),LAGUNA(93)
Sheet6,9354,SINGLE LEVER BASIN MIXER WALL MONTED,LAGUNA(93),LAGUNA(93)
Sheet6,9355,SINK MIXER ( W/M),LAGUNA(93),LAGUNA(93)
Sheet6,9360-N,SINK MIXER (T/M),LAGUNA(93),KORA(93-N)
Sheet6,9370-N,WALL MIXER TELEPHONIC,LAGUNA(93),KORA(93-N)
Sheet6,9370,WALL MIXER TELEPHONIC,LAGUNA(93),LAGUNA(93)
Sheet6,9371,SINGLE LEVER WALL MIXER,LAGUNA(93),LAGUNA(93)
Sheet6,9354-N,SINGLE LEVER BASIN MIXER WALL MONTED,LAGUNA(93),KORA(93-N)
Sheet6,9380-N,WALL MIXER 3IN ONE,LAGUNA(93),KORA(93-N)
Sheet6,9375-N,WALL MIXER L-BEND,LAGUNA(93),KORA(93-N)
Sheet6,9311-N,2-WAY ANGLE COCK (11),LAGUNA(93),KORA(93-N)
Sheet6,9391-N,SINGLE LEVER CONCEALED DIVERTOR,LAGUNA(93),KORA(93-N)
Sheet6,9392,SINGLE LEVER CONCEALED DIVERTOR HIGH FLOW,LAGUNA(93),LAGUNA(93)
Sheet6,9395-N,SPOUT PLAIN,LAGUNA(93),KORA(93-N)
Sheet6,9398-N,FLUSH COCK,LAGUNA(93),KORA(93-N)
Sheet6,9402,PILLAR COCK (02),ROCIO(94),ROCIO(94)
Sheet6,9406,BIB COCK (06),ROCIO(94),ROCIO(94)
Sheet6,9418,CONCEALED STOP COCK 15 MM,ROCIO(94),ROCIO(94)
Sheet6,9452,SINGLE LIVER BASIN MIXER TALL HIGHT,ROCIO(94),ROCIO(94)
Sheet6,9454,SINGLE LEVER BASIN MIXER WALL MONTED,ROCIO(94),ROCIO(94)
Sheet6,9461,SINGLE LEVER SINK MIXER (T/M ),ROCIO(94),ROCIO(94)
Sheet6,9491,SINGLE LEVER CONCEALED DIVERTOR,ROCIO(94),ROCIO(94)
Sheet6,9410,ANGLE COCK (10),ROCIO(94),ROCIO(94)
Sheet6,9495,SPOUT PLAIN,ROCIO(94),ROCIO(94)
Sheet6,9496,SPOUT TIP TON,ROCIO(94),ROCIO(94)
Sheet6,9420,CONCEALED STOP COCK 20 MM,ROCIO(94),ROCIO(94)
Sheet6,9502,PILLAR COCK (02),DEWDROP(95),DEWDROP(95)
Sheet6,9506,BIB COCK (06),DEWDROP(95),DEWDROP(95)
Sheet6,9508,BIB COCK LONG BODY,DEWDROP(95),DEWDROP(95)
Sheet6,9510,ANGLE COCK (10),DEWDROP(95),DEWDROP(95)
Sheet6,9516,BIB COCK SINK TAP (W/M),DEWDROP(95),DEWDROP(95)
Sheet6,9518,CONCEALED STOP COCK 15 MM,DEWDROP(95),DEWDROP(95)
Sheet6,9520,CONCEALED STOP COCK 20 MM,DEWDROP(95),DEWDROP(95)
Sheet6,9550,CENTER HOLE BASIN MIXER,DEWDROP(95),DEWDROP(95)
Sheet6,9555,SINK MIXER ( W/M),DEWDROP(95),DEWDROP(95)
Sheet6,9570,WALL MIXER TELEPHONIC,DEWDROP(95),DEWDROP(95)
Sheet6,9575,WALL MIXER L-BEND,DEWDROP(95),DEWDROP(95)
Sheet6,9580,WALL MIXER 3IN ONE,DEWDROP(95),DEWDROP(95)
Sheet6,9596,SPOUT TIP TON,DEWDROP(95),DEWDROP(95)
Sheet6,9602,PILLAR COCK (02),CATARATA (96),CATARATA (96)
Sheet6,9608,BIB COCK LONG BODY,CATARATA (96),CATARATA (96)
Sheet6,9618,CONCEALED STOP COCK 15 MM,CATARATA (96),CATARATA (96)
Sheet6,9620,CONCEALED STOP COCK 20 MM,CATARATA (96),CATARATA (96)
Sheet6,9695,SPOUT PLAIN,CATARATA (96),CATARATA (96)
Sheet6,9696,SPOUT TIP TON,CATARATA (96),CATARATA (96)
Sheet6,9702,PILLAR COCK (02),SWIRL (97),SWIRL (97)
Sheet6,9718,CONCEALED STOP COCK 15 MM,SWIRL (97),SWIRL (97)
Sheet6,9706,BIB COCK (06),SWIRL (97),SWIRL (97)
Sheet6,9710,ANGLE COCK (10),SWIRL (97),SWIRL (97)
Sheet6,9751,SINGLE LEVER BASIN MIXER,SWIRL (97),SWIRL (97)
Sheet6,9754,SINGLE LEVER BASIN MIXER WALL MONTED,SWIRL (97),SWIRL (97)
Sheet6,9761,SINGLE LEVER SINK MIXER (T/M ),SWIRL (97),SWIRL (97)
Sheet6,9795,SPOUT PLAIN,SWIRL (97),SWIRL (97)
Sheet6,9796,SPOUT TIP TON,SWIRL (97),SWIRL (97)
Sheet6,9810,ANGLE COCK (10),DAWN (98),DAWN (98)
Sheet6,9811,2-WAY ANGLE COCK (11),DAWN (98),DAWN (98)
Sheet6,9812,2-WAY BIB COCK (12),DAWN (98),DAWN (98)
Sheet6,9818,CONCEALED STOP COCK 15 MM,DAWN (98),DAWN (98)
Sheet6,9851,SINGLE LEVER BASIN MIXER,DAWN (98),DAWN (98)
Sheet6,9852,SINGLE LIVER BASIN MIXER TALL HIGHT,DAWN (98),DAWN (98)
Sheet6,9854,SINGLE LEVER BASIN MIXER WALL MONTED,DAWN (98),DAWN (98)
Sheet6,9855,SINK MIXER ( W/M),DAWN (98),DAWN (98)
Sheet6,9870,WALL MIXER TELEPHONIC,DAWN (98),DAWN (98)
Sheet6,9875,WALL MIXER L-BEND,DAWN (98),DAWN (98)
Sheet6,9880,WALL MIXER 3IN ONE,DAWN (98),DAWN (98)
Sheet6,9891,SINGLE LEVER CONCEALED DIVERTOR,DAWN (98),DAWN (98)
Sheet6,9892,SINGLE LEVER CONCEALED DIVERTOR HIGH FLOW,DAWN (98),DAWN (98)
Sheet6,9893,SINGLE LEVER CONCEALED DIVERTOR 3 IN ONE,DAWN (98),DAWN (98)
Sheet6,9895,SPOUT PLAIN,DAWN (98),DAWN (98)
Sheet6,9896,SPOUT TIP TON,DAWN (98),DAWN (98)
Sheet6,9908,BIB COCK LONG BODY,OCTAVIA(99),OCTAVIA(99)
Sheet6,9911,2-WAY ANGLE COCK (11),OCTAVIA(99),OCTAVIA(99)
Sheet6,9912,2-WAY BIB COCK (12),OCTAVIA(99),OCTAVIA(99)
Sheet6,9918,CONCEALED STOP COCK 15 MM,OCTAVIA(99),OCTAVIA(99)
Sheet6,9920,CONCEALED STOP COCK 20 MM,OCTAVIA(99),OCTAVIA(99)
Sheet6,9954,SINGLE LEVER BASIN MIXER WALL MONTED,OCTAVIA(99),OCTAVIA(99)
Sheet6,9956,SINGLE LEVER SINK MIXER (W/M ),OCTAVIA(99),OCTAVIA(99)
Sheet6,9970,WALL MIXER TELEPHONIC,OCTAVIA(99),OCTAVIA(99)
Sheet6,9971,SINGLE LEVER WALL MIXER,OCTAVIA(99),OCTAVIA(99)
Sheet6,9975,WALL MIXER L-BEND,OCTAVIA(99),OCTAVIA(99)
Sheet6,9980,WALL MIXER 3IN ONE,OCTAVIA(99),OCTAVIA(99)
Sheet6,9991,SINGLE LEVER CONCEALED DIVERTOR,OCTAVIA(99),OCTAVIA(99)
Sheet6,9993,SINGLE LEVER CONCEALED DIVERTOR 3 IN ONE,OCTAVIA(99),OCTAVIA(99)
Sheet6,9995,SPOUT PLAIN,OCTAVIA(99),OCTAVIA(99)
Sheet6,9996,SPOUT TIP TON,OCTAVIA(99),OCTAVIA(99)
Sheet6,8761,SINGLE LEVER SINK MIXER (T/M ),EVIAN (87),EVIAN (87)
Sheet6,BEN-01,EXTENSION NIPPLE,DROPLETS,DROPLETS
Sheet6,BEN-03,EXTENSION NIPPLE,DROPLETS,DROPLETS
Sheet6,BEN-06,EXTENSION NIPPLE,DROPLETS,DROPLETS
Sheet6,BEN-02,EXTENSION NIPPLE,DROPLETS,DROPLETS
Sheet6,BEN-04,EXTENSION NIPPLE,DROPLETS,DROPLETS
Sheet6,BEN-05,EXTENSION NIPPLE,DROPLETS,DROPLETS
Sheet6,B-151,BALL COCK,DROPLETS,DROPLETS
Sheet6,B-153,BALL COCK,DROPLETS,DROPLETS
Sheet6,B-163,BALL COCK,DROPLETS,DROPLETS
Sheet6,B-162,BALL COCK,DROPLETS,DROPLETS
Sheet6,BB-79,BASIN MIXER PALTE HANDLE,INOX(79),INOX(79)
Sheet6,BB-94,BASIN MIXER PALTE HANDLE,ROCIO(94),ROCIO(94)
Sheet6,BB-93,BASIN MIXER PALTE HANDLE,LAGUNA(93),LAGUNA(93)
Sheet6,CPS-15,CONCEALED STOP COCK 15 MM BODY,ALLED,ALLED
Sheet6,CPS-20,CONCEALED STOP COCK 20 MM,ALLED,ALLED
Sheet6,CPS-74,CONCEALED FLANGE HANGLE & SLEEVE,GRACIA(74),GRACIA(74)
Sheet6,CPS-78,CONCEALED FLANGE HANGLE & SLEEVE,URBONA(78),URBONA(78)
Sheet6,CPS-79,CONCEALED FLANGE HANGLE & SLEEVE,INOX(79),INOX(79)
Sheet6,CPS-79F,CONCEALED FLANGE HANGLE & SLEEVE,SAGA(79F),SAGA(79F)
Sheet6,CPS-81,CONCEALED FLANGE HANGLE & SLEEVE,NIGRA(81),NIGRA(81)
Sheet6,CPS-82,CONCEALED FLANGE HANGLE & SLEEVE,OPAL(82),OPAL(82)
Sheet6,CPS-85,CONCEALED FLANGE HANGLE & SLEEVE,MIST(85),MIST(85)
Sheet6,CPS-86,CONCEALED FLANGE HANGLE & SLEEVE,IRIS(86),IRIS(86)
Sheet6,CPS-90,CONCEALED FLANGE HANGLE & SLEEVE,EUROPA(90),EUROPA(90)
Sheet6,CPS-98,CONCEALED FLANGE HANGLE & SLEEVE,DAWN (98),DAWN (98)
Sheet6,CSS 79F,CONCEALED FLANGE HANGLE & SLEEVE,SAGA(79F),SAGA(79F)
Sheet6,CSS-15,CONCEALED STOP COCK 15 MM BODY,ALLED,ALLED
Sheet6,Css-20,CONCEALED STOP COCK 20 MM,ALLED,ALLED
Sheet6,CSS-66,CONCEALED FLANGE HANGLE & SLEEVE,VINCENT(66),VINCENT(66)
Sheet6,CSS-67,CONCEALED FLANGE HANGLE & SLEEVE,QUINCY(67),QUINCY(67)
Sheet6,CSS-68,CONCEALED FLANGE HANGLE & SLEEVE,MARCUS(68),MARCUS(68)
Sheet6,CSS-72,CONCEALED FLANGE HANGLE & SLEEVE,VIVA(72),VIVA(72)
Sheet6,CSS-73,CONCEALED FLANGE HANGLE & SLEEVE,TRANQUIL(73),TRANQUIL(73)
Sheet6,CSS-74,CONCEALED FLANGE HANGLE & SLEEVE,GRACIA(74),GRACIA(74)
Sheet6,CSS-76,CONCEALED FLANGE HANGLE & SLEEVE,MACASA(76),MACASA(76)
Sheet6,CSS-77,CONCEALED FLANGE HANGLE & SLEEVE,FROST (77),FROST (77)
Sheet6,CSS-78,CONCEALED FLANGE HANGLE & SLEEVE,URBONA(78),URBONA(78)
Sheet6,CSS-79,CONCEALED FLANGE HANGLE & SLEEVE,INOX(79),INOX(79)
Sheet6,CSS-81,CONCEALED FLANGE HANGLE & SLEEVE,NIGRA(81),NIGRA(81)
Sheet6,CSS-82,CONCEALED FLANGE HANGLE & SLEEVE,OPAL(82),OPAL(82)
Sheet6,CSS-83,CONCEALED FLANGE HANGLE & SLEEVE,WAVES(83),WAVES(83)
Sheet6,CSS-85,CONCEALED FLANGE HANGLE & SLEEVE,MIST(85),MIST(85)
Sheet6,CSS-87,CONCEALED FLANGE HANGLE & SLEEVE,EVIAN (87),EVIAN (87)
Sheet6,CSS-88,CONCEALED FLANGE HANGLE & SLEEVE,DIVINE(88),DIVINE(88)
Sheet6,CSS-89,CONCEALED FLANGE HANGLE & SLEEVE,OPUS(89),OPUS(89)
Sheet6,CSS-90,CONCEALED FLANGE HANGLE & SLEEVE,EUROPA(90),EUROPA(90)
Sheet6,CSS-91,CONCEALED FLANGE HANGLE & SLEEVE,GALA(91),GALA(91)
Sheet6,CSS-98,CONCEALED FLANGE HANGLE & SLEEVE,DAWN (98),DAWN (98)
Sheet6,CSS-99,CONCEALED FLANGE HANGLE & SLEEVE,OCTAVIA(99),OCTAVIA(99)
Sheet6,D-5110,ANGLE COCK (10),GOLD,GOLD
Sheet6,D-5112,2-WAY BIB COCK (12),GOLD,GOLD
Sheet6,D-5195,SPOUT PLAIN,GOLD,GOLD
Sheet6,DB-51,DIVERTOR PLATE HANDLE,GOLD,GOLD
Sheet6,DB-64 ON-0FF,DIVERTOR PLATE HANDLE,BALAGRA (64),BALAGRA (64)
Sheet6,DB-66,DIVERTOR PLATE HANDLE,VINCENT(66),VINCENT(66)
Sheet6,DB-66-3IN,DIVERTOR PLATE HANDLE,VINCENT(66),VINCENT(66)
Sheet6,DB-66 ON-0FF,DIVERTOR PLATE HANDLE,VINCENT(66),VINCENT(66)
Sheet6,DB-68,DIVERTOR PLATE HANDLE,MARCUS(68),MARCUS(68)
Sheet6,DB-68-ON-OFF,DIVERTOR PLATE HANDLE,MARCUS(68),MARCUS(68)
Sheet6,DB-76,DIVERTOR PLATE HANDLE,MACASA(76),MACASA(76)
Sheet6,DB-78,DIVERTOR PLATE HANDLE,URBONA(78),URBONA(78)
Sheet6,DB-78 ON-OFF,DIVERTOR PLATE HANDLE,URBONA(78),URBONA(78)
Sheet6,DB-79,DIVERTOR PLATE HANDLE,INOX(79),INOX(79)
Sheet6,DB-79 ON-OFF,DIVERTOR PLATE HANDLE,INOX(79),INOX(79)
Sheet6,DB-79F,DIVERTOR PLATE HANDLE,SAGA(79F),SAGA(79F)
Sheet6,DB-79F ON-0FF,DIVERTOR PLATE HANDLE,SAGA(79F),SAGA(79F)
Sheet6,DB-79F-3IN,DIVERTOR PLATE HANDLE,SAGA(79F),SAGA(79F)
Sheet6,DB-80,DIVERTOR PLATE HANDLE,MABEL(80),MABEL(80)
Sheet6,DB-81,DIVERTOR PLATE HANDLE,NIGRA(81),NIGRA(81)
Sheet6,DB-81 ON-0FF,DIVERTOR PLATE HANDLE,NIGRA(81),NIGRA(81)
Sheet6,DB-82,DIVERTOR PLATE HANDLE,OPAL(82),OPAL(82)
Sheet6,DB-87,DIVERTOR PLATE HANDLE,EVIAN (87),EVIAN (87)
Sheet6,DB-89,DIVERTOR PLATE HANDLE,OPUS(89),OPUS(89)
Sheet6,DB-90,DIVERTOR PLATE HANDLE,EUROPA(90),EUROPA(90)
Sheet6,DB-90 ON-OFF,DIVERTOR PLATE HANDLE,EUROPA(90),EUROPA(90)
Sheet6,DB-91,DIVERTOR PLATE HANDLE,GALA(91),GALA(91)
Sheet6,DB-91 ON-OFF,DIVERTOR PLATE HANDLE,GALA(91),GALA(91)
Sheet6,DB-64-3IN,DIVERTOR PLATE HANDLE,BALAGRA (64),BALAGRA (64)
Sheet6,DB-93,DIVERTOR PLATE HANDLE,LAGUNA(93),LAGUNA(93)
Sheet6,DB-97,DIVERTOR PLATE HANDLE,CATARATA (96),CATARATA (96)
Sheet6,DB-98,DIVERTOR PLATE HANDLE,DAWN (98),DAWN (98)
Sheet6,DB-98 ON-0FF,DIVERTOR PLATE HANDLE,DAWN (98),DAWN (98)
Sheet6,DB-99,DIVERTOR PLATE HANDLE,OCTAVIA(99),OCTAVIA(99)
Sheet6,DB-99-ON-OFF,DIVERTOR PLATE HANDLE,OCTAVIA(99),OCTAVIA(99)
Sheet6,I-161,BALL COCK,DROPLETS,DROPLETS
Sheet6,I-167,BALL COCK,DROPLETS,DROPLETS
Sheet6,PD 3IN,DIVERTOR BODY,ALLED,ALLED
Sheet6,PD-3 IN LET-OF,DIVERTOR BODY,ALLED,ALLED
Sheet6,PD-35C,DIVERTOR BODY,ALLED,ALLED
Sheet6,PD-40F,DIVERTOR BODY,ALLED,ALLED
Sheet6,PD-46 OF,DIVERTOR BODY,ALLED,ALLED
Sheet6,PD-46H,DIVERTOR BODY,ALLED,ALLED
Sheet6,PIS 06,BIB COCK (06),NEPTUNE (NON ISI),NEPTUNE (NON ISI)
Sheet6,PIS 08,BIB COCK LONG BODY,NEPTUNE (NON ISI),NEPTUNE (NON ISI)
Sheet6,PIS 09H,BIB COCK LONG NOSE,NEPTUNE (ISI),NEPTUNE (ISI)
Sheet6,PIS 12,2-WAY BIB COCK (12),NEPTUNE (NON ISI),NEPTUNE (NON ISI)
Sheet6,PIS 12H,2-WAY BIB COCK (12),NEPTUNE (ISI),NEPTUNE (ISI)
Sheet6,PIS 18,CONCEALED STOP COCK 15 MM,NEPTUNE (NON ISI),NEPTUNE (NON ISI)
Sheet6,PIS 18H,CONCEALED STOP COCK 15 MM,NEPTUNE (ISI),NEPTUNE (ISI)
Sheet6,PIS 26,STOP COCK 15 MM ( M/T ),NEPTUNE (NON ISI),NEPTUNE (NON ISI)
Sheet6,PIS 28,STOP COCK 15 MM ( F/T ),NEPTUNE (NON ISI),NEPTUNE (NON ISI)
Sheet6,PIS 50,CENTER HOLE BASIN MIXER,NEPTUNE (NON ISI),NEPTUNE (NON ISI)
Sheet6,PIS-052,SINGLE LIVER BASIN MIXER TALL HIGHT,NEPTUNE (NON ISI),NEPTUNE (NON ISI)
Sheet6,Pis-11,2-WAY ANGLE COCK (11),NEPTUNE (NON ISI),NEPTUNE (NON ISI)
Sheet6,PIS-14,PILLAR COCK SINK TAP (T/M ),NEPTUNE (NON ISI),NEPTUNE (NON ISI)
Sheet6,PIS-16H,BIB COCK SINK TAP (W/M),NEPTUNE (ISI),NEPTUNE (ISI)
Sheet6,PIS-20H,CONCEALED STOP COCK 20 MM,NEPTUNE (ISI),NEPTUNE (ISI)
Sheet6,PIS-50 H,CENTER HOLE BASIN MIXER,NEPTUNE (ISI),NEPTUNE (ISI)
Sheet6,PIS-55,SINK MIXER ( W/M),NEPTUNE (NON ISI),NEPTUNE (NON ISI)
Sheet6,PIS-70,WALL MIXER TELEPHONIC,NEPTUNE (NON ISI),NEPTUNE (NON ISI)
Sheet6,PIS-75,WALL MIXER L-BEND,NEPTUNE (NON ISI),NEPTUNE (NON ISI)
Sheet6,PIS-75 H,WALL MIXER L-BEND,NEPTUNE (ISI),NEPTUNE (ISI)
Sheet6,PIS-80,WALL MIXER 3IN ONE,NEPTUNE (NON ISI),NEPTUNE (NON ISI)
Sheet6,PR139,PUCH COCK,DROPLETS,DROPLETS
Sheet6,PR144,PRJ ANGLE COCK,DROPLETS,DROPLETS
Sheet6,PR244,PRJ ANGLE COCK,DROPLETS,DROPLETS
Sheet6,PR344,PRJ ANGLE COCK,DROPLETS,DROPLETS
Sheet6,PR444,PRJ ANGLE COCK,DROPLETS,DROPLETS
Sheet6,PR544,PRJ ANGLE COCK,DROPLETS,DROPLETS
Sheet6,PR-644,PRJ ANGLE COCK,DROPLETS,DROPLETS
Sheet6,BEA-23,BOTTLE TRAP,ALLED,ALLED
Sheet6,BEA-10,WASTE COUPLING,ALLED,ALLED
Sheet6,BMC-04,WASTE COUPLING,ALLED,ALLED
Sheet6,BEA-31,FLUSH VALVE,ALLED,ALLED
Sheet6,BEA-32,FLUSH VALVE,ALLED,ALLED
Sheet6,BEA-33,FLUSH VALVE,ALLED,ALLED
Sheet6,BEA-36,FLUSH VALVE,ALLED,ALLED
Sheet6,BEA-37,FLUSH VALVE,ALLED,ALLED
Sheet6,BEA-35,FLUSH VALVE,ALLED,ALLED
Sheet6,BEA-11,WASTE COUPLING,ALLED,ALLED
Sheet6,BEA-14,WASTE COUPLING,ALLED,ALLED
Sheet6,BEA-15,WASTE COUPLING,ALLED,ALLED
Sheet6,7401,BIB COCK NOZZLE,GRACIA(74),GRACIA(74)
Sheet6,6493,SINGLE LEVER CONCEALED DIVERTOR 3 IN ONE,BALAGRA (64),BALAGRA (64)
Sheet6,6809,BIB COCK LONG NOSE,MARCUS(68),MARCUS(68)
Sheet6,6893,SINGLE LEVER CONCEALED DIVERTOR 3 IN ONE,MARCUS(68),MARCUS(68)
Sheet6,7152,SINGLE LIVER BASIN MIXER TALL HIGHT,CYGNUS(71),CYGNUS(71)
Sheet6,7195,SPOUT PLAIN,CYGNUS(71),CYGNUS(71)
Sheet6,9390,COMPLETE DUAL DIVERTER,LAGUNA(93),LAGUNA(93)
Sheet6,BB-90,BASIN MIXER PALTE HANDLE,EUROPA(90),EUROPA(90)
Sheet6,P6802,PILLAR COCK (02),MARCO(P68),MARCO(P68)
Sheet6,P6806,BIB COCK (06),MARCO(P68),MARCO(P68)
Sheet6,P6808,BIB COCK LONG BODY,MARCO(P68),MARCO(P68)
Sheet6,P6810,ANGLE COCK (10),MARCO(P68),MARCO(P68)
Sheet6,P6811,2-WAY ANGLE COCK (11),MARCO(P68),MARCO(P68)
Sheet6,P6812,2-WAY BIB COCK (12),MARCO(P68),MARCO(P68)
Sheet6,P6814,PILLAR COCK SINK TAP (T/M ),MARCO(P68),MARCO(P68)
Sheet6,P6816,BIB COCK SINK TAP (W/M),MARCO(P68),MARCO(P68)
Sheet6,P6818,CONCEALED STOP COCK 15 MM,MARCO(P68),MARCO(P68)
Sheet6,P6820,CONCEALED STOP COCK 20 MM,MARCO(P68),MARCO(P68)
Sheet6,P6850,CENTER HOLE BASIN MIXER,MARCO(P68),MARCO(P68)
Sheet6,P6851,SINGLE LEVER BASIN MIXER,MARCO(P68),MARCO(P68)
Sheet6,P6855,SINK MIXER ( W/M),MARCO(P68),MARCO(P68)
Sheet6,P6875,WALL MIXER L-BEND,MARCO(P68),MARCO(P68)
Sheet6,P6880,WALL MIXER 3IN ONE,MARCO(P68),MARCO(P68)
Sheet6,P6891,SINGLE LEVER CONCEALED DIVERTOR,MARCO(P68),MARCO(P68)
Sheet6,P6895,SPOUT PLAIN,MARCO(P68),MARCO(P68)
Sheet6,PHN-008,SPARE PART,SPARE PART,SPARE PART
Sheet6,PHN-179,SPARE PART,SPARE PART,SPARE PART
Sheet6,PIF-003,SPARE PART,SPARE PART,SPARE PART
Sheet6,PIF-005,SPARE PART,SPARE PART,SPARE PART
Sheet6,PIF-018,SPARE PART,SPARE PART,SPARE PART
Sheet6,PIF-061,SPARE PART,SPARE PART,SPARE PART
Sheet6,PMS-91,SPARE PART,SPARE PART,SPARE PART
Sheet6,PSL-006,SPARE PART,SPARE PART,SPARE PART
Sheet6,SP-01,SPARE PART,SPARE PART,SPARE PART
Sheet6,6854,SINGLE LEVER BASIN MIXER WALL MONTED,MARCUS(68),MARCUS(68)
Sheet6,8055,SINK MIXER ( W/M),MABEL(80),MABEL(80)
Sheet6,PHN-027,SPARE PART,SPARE PART,SPARE PART
Sheet6,PHN-043,SPARE PART,SPARE PART,SPARE PART
Sheet6,PHN-057,SPARE PART,SPARE PART,SPARE PART
Sheet6,PHN-084,SPARE PART,SPARE PART,SPARE PART
Sheet6,PHN-094,SPARE PART,SPARE PART,SPARE PART
Sheet6,PHN-105,SPARE PART,SPARE PART,SPARE PART
Sheet6,PHN-108,SPARE PART,SPARE PART,SPARE PART
Sheet6,PHN-144,SPARE PART,SPARE PART,SPARE PART
Sheet6,PIF-001,SPARE PART,SPARE PART,SPARE PART
Sheet6,PIF-004,SPARE PART,SPARE PART,SPARE PART
Sheet6,PIF-006,SPARE PART,SPARE PART,SPARE PART
Sheet6,PIF-007,SPARE PART,SPARE PART,SPARE PART
Sheet6,PIF-014,SPARE PART,SPARE PART,SPARE PART
Sheet6,PIF-015,SPARE PART,SPARE PART,SPARE PART
Sheet6,PIF-063,SPARE PART,SPARE PART,SPARE PART
Sheet6,PIF-066,SPARE PART,SPARE PART,SPARE PART
Sheet6,PMS-026,SPARE PART,SPARE PART,SPARE PART
Sheet6,PMS-030,SPARE PART,SPARE PART,SPARE PART
Sheet6,6306-N,BIB COCK (06),ASTRO(63N),ASTRO(63N)
Sheet6,6308-N,BIB COCK LONG BODY,ASTRO(63N),ASTRO(63N)
Sheet6,7518,CONCEALED STOP COCK 15 MM,FREESIA(75),FREESIA(75)
Sheet6,7804,PILLAR COCK EXTENDED BODY,URBONA(78),URBONA(78)
Sheet6,BCT-05,CONNETCION,CP ACCESSORIES,CP ACCESSORIES
Sheet6,BEA-84,HEALTH FAUCET,CP ACCESSORIES,CP ACCESSORIES
Sheet6,AQ-01,AQUAGARD,CP ACCESSORIES,CP ACCESSORIES
Sheet6,BCT-06,CONNECTION,CP ACCESSORIES,CP ACCESSORIES
Sheet6,PMS-081,SPARE PART,SPARE PART,SPARE PART
Sheet6,BA-47,ROBE HOOK,CP ACCESSORIES,CP ACCESSORIES
Sheet6,UFO-10,VALVE,CP ACCESSORIES,CP ACCESSORIES
Sheet6,BEA-91,HEALTH FAUCET,CP ACCESSORIES,CP ACCESSORIES
Sheet6,BA-6S,TUMBLER HOLDER SS,CP ACCESSORIES,CP ACCESSORIES
Sheet6,BNS-01,BODY JET,CP ACCESSORIES,CP ACCESSORIES
Sheet6,PMS-091,SPARE PART,SPARE PART,SPARE PART
Sheet6,PD-46H ON OFF,DIVERTOR BODY,ALLED,ALLED
Sheet6,BEA-84T,HEALTH FAUCET,CP ACCESSORIES,CP ACCESSORIES
Sheet6,BEA-30,PEG SET,CP ACCESSORIES,CP ACCESSORIES
Sheet6,BEA-96,HEALTH FAUCET,CP ACCESSORIES,CP ACCESSORIES
Sheet6,BEA-20,SOAP DISPENSER,CP ACCESSORIES,CP ACCESSORIES
Sheet6,BS-32,OVER HEAD SHOWER,CP ACCESSORIES,CP ACCESSORIES
Sheet6,9311,2-WAY ANGLE COCK,LAGUNA(93),LAGUNA(93)
Sheet6,BEA-86,HEALTH FAUCET,CP ACCESSORIES,CP ACCESSORIES
Sheet6,BEA-16B,WASTE COUPLING,CP ACCESSORIES,CP ACCESSORIES
Sheet6,7506,BIB COCK (06),FREESIA(75),FREESIA(75)
Sheet6,PMS-092,SPARE PART,SPARE PART,SPARE PART
Sheet6,BNS-02,BODY JET,CP ACCESSORIES,CP ACCESSORIES
Sheet6,BA-16,TUMBLER HOLDER,CP ACCESSORIES,CP ACCESSORIES
Sheet6,BA-25,SOAP DISH,CP ACCESSORIES,CP ACCESSORIES
Sheet6,PR-1391,PUCH COCK,DROPLETS,DROPLETS
Sheet6,BA-01,TOWEL RAIL,CP ACCESSORIES,CP ACCESSORIES
Sheet6,BA-07,ROBE HOOK,CP ACCESSORIES,CP ACCESSORIES
Sheet6,9395,SPOUT PLAIN,LAGUNA(93),LAGUNA(93)
Sheet6,FT-42,FLOR TRAP,FLOOR TRAP,FLOOR TRAP
Sheet6,BEA-18A,JET SPRAY,CP ACCESSORIES,CP ACCESSORIES
Sheet6,BSS-15,SENSOR,CP ACCESSORIES,CP ACCESSORIES
Sheet6,BEA-94,HEALTH FAUCET,CP ACCESSORIES,CP ACCESSORIES
Sheet6,BNS-03,BODY JET,CP ACCESSORIES,CP ACCESSORIES
Sheet6,BS-38S,OVER HEAD SHOWER,CP ACCESSORIES,CP ACCESSORIES
Sheet6,BS-35,OVER HEAD SHOWER,CP ACCESSORIES,CP ACCESSORIES
Sheet6,BOS-86,OVER HEAD SHOWER,CP ACCESSORIES,CP ACCESSORIES
Sheet6,BSC-02,SELF CLOSERS,CP ACCESSORIES,CP ACCESSORIES
Sheet6,BA-7S,ROBE HOOK,CP ACCESSORIES,CP ACCESSORIES
Sheet6,BEA-19,CLOTH LINER,CP ACCESSORIES,CP ACCESSORIES
Sheet6,RO-01,R.O. VALVE,CP ACCESSORIES,CP ACCESSORIES
Sheet6,BS-36S,OVER HEAD SHOWER,CP ACCESSORIES,CP ACCESSORIES
Sheet6,BA-80,TOWEL RAIL,CP ACCESSORIES,CP ACCESSORIES
Sheet6,BH-78,HAND SHOWER,CP ACCESSORIES,CP ACCESSORIES
Sheet6,BA-15G,SOAP DISH,CP ACCESSORIES,CP ACCESSORIES
Sheet6,BEA-16,WASTE COUPLING,CP ACCESSORIES,CP ACCESSORIES
Sheet6,BHS-85,HAND SHOWER,CP ACCESSORIES,CP ACCESSORIES
Sheet6,BS-65,OVER HEAD SHOWER,CP ACCESSORIES,CP ACCESSORIES
Sheet6,BEA-47AB,GLASS SHELF,CP ACCESSORIES,CP ACCESSORIES
Sheet6,BCT-04,CONNECTION,CP ACCESSORIES,CP ACCESSORIES
Sheet6,BA-17,ROBE HOOK,CP ACCESSORIES,CP ACCESSORIES
Sheet6,BS-68,OVER HEAD SHOWER,CP ACCESSORIES,CP ACCESSORIES
Sheet6,BA-81,TOWEL RING,CP ACCESSORIES,CP ACCESSORIES
Sheet6,BEA-21,BOTTLE TRAP,CP ACCESSORIES,CP ACCESSORIES
Sheet6,BEA-84B,HEALTH FAUCET,CP ACCESSORIES,CP ACCESSORIES
Sheet6,GB-03,GRAB BAR,CP ACCESSORIES,CP ACCESSORIES
Sheet6,BEA-09,WASTE COUPLING,CP ACCESSORIES,CP ACCESSORIES
Sheet6,BHS-87,HAND SHOWER,CP ACCESSORIES,CP ACCESSORIES
Sheet6,BEA-99,HEALTH FAUCET,CP ACCESSORIES,CP ACCESSORIES
Sheet6,BS-2,BATH SET,CP ACCESSORIES,CP ACCESSORIES
Sheet6,BEA-12,WASTE COUPLING,CP ACCESSORIES,CP ACCESSORIES
Sheet6,BH-79,HAND SHOWER,CP ACCESSORIES,CP ACCESSORIES
Sheet6,6395-N,SPOUT PLAIN,ASTRO(63N),ASTRO(63N)
Sheet6,BEA-104,HEALTH FAUCET,CP ACCESSORIES,CP ACCESSORIES
Sheet6,BEA-100S,HEALTH FAUCET,CP ACCESSORIES,CP ACCESSORIES
Sheet6,BA-08,TOILET PAPER HOLDER,CP ACCESSORIES,CP ACCESSORIES
Sheet6,BA-2S,TOWEL RING SS,CP ACCESSORIES,CP ACCESSORIES
Sheet6,BEA-88,HEALTH FAUCET,CP ACCESSORIES,CP ACCESSORIES
Sheet6,7510,ANGLE COCK (10),FREESIA(75),FREESIA(75)
Sheet6,BEA-99S,HEALTH FAUCET,CP ACCESSORIES,CP ACCESSORIES
Sheet6,BS-27,OVER HEAD SHOWER,CP ACCESSORIES,CP ACCESSORIES
Sheet6,BOS-104,OVER HEAD SHOWER,CP ACCESSORIES,CP ACCESSORIES
Sheet6,BA-06,TUMBLER HOLDER,CP ACCESSORIES,CP ACCESSORIES
Sheet6,BA-85,SOAP DISH,CP ACCESSORIES,CP ACCESSORIES
Sheet6,BNS-04,BODY JET,CP ACCESSORIES,CP ACCESSORIES
Sheet6,BA-35,SOAP DISH,CP ACCESSORIES,CP ACCESSORIES
Sheet6,BA-20,TOWEL RAIL,CP ACCESSORIES,CP ACCESSORIES
Sheet6,BA-5S,SOAP DISH SS,CP ACCESSORIES,CP ACCESSORIES
Sheet6,BA-03,TOWEL RACK,CP ACCESSORIES,CP ACCESSORIES
Sheet6,BSP-19,SENSOR,CP ACCESSORIES,CP ACCESSORIES
Sheet6,BEA-20T,SOAP DISPENSER,CP ACCESSORIES,CP ACCESSORIES
Sheet6,BA-15,SOAP DISH,CP ACCESSORIES,CP ACCESSORIES
Sheet6,BA-40B,TOWEL RAIL,CP ACCESSORIES,CP ACCESSORIES
Sheet6,8565,WALL MIXER NON TELEPHONIC,MIST(85),MIST(85)
Sheet6,BOS-92,OVER HEAD SHOWER,CP ACCESSORIES,CP ACCESSORIES
Sheet6,BOS-100,OVER HEAD SHOWER,CP ACCESSORIES,CP ACCESSORIES
Sheet6,BEA-93,HEALTH FAUCET,CP ACCESSORIES,CP ACCESSORIES
Sheet6,PIF-070,SPARE PART,SPARE PART,SPARE PART
Sheet6,BEA-40S,HEALTH FAUCET,CP ACCESSORIES,CP ACCESSORIES
Sheet6,BA-16G,TUMBLER HOLDER,CP ACCESSORIES,CP ACCESSORIES
Sheet6,BEA-17,JET SPRAY,CP ACCESSORIES,CP ACCESSORIES
Sheet6,BOS-87,OVER HEAD SHOWER,CP ACCESSORIES,CP ACCESSORIES
Sheet6,BEA-47B,GLASS SHELF,CP ACCESSORIES,CP ACCESSORIES
Sheet6,BA-27,ROBE HOOK,CP ACCESSORIES,CP ACCESSORIES
Sheet6,BEA-18,JET SPRAY,CP ACCESSORIES,CP ACCESSORIES
Sheet6,ECO-63N,OVER HEAD SHOWER,CP ACCESSORIES,CP ACCESSORIES
Sheet6,BOS-105A,HEALTH FAUCET,CP ACCESSORIES,CP ACCESSORIES
Sheet6,BA-02,TOWEL RING,CP ACCESSORIES,CP ACCESSORIES
Sheet6,BEA-96S,HEALTH FAUCET,CP ACCESSORIES,CP ACCESSORIES
Sheet6,BA-26,TUMBLER HOLDER,CP ACCESSORIES,CP ACCESSORIES
Sheet6,BA-41,TOWEL RING,CP ACCESSORIES,CP ACCESSORIES
Sheet6,7508,BIB COCK LONG BODY,FREESIA(75),FREESIA(75)
Sheet6,BA-36,TUMBLER HOLDER,CP ACCESSORIES,CP ACCESSORIES
Sheet6,BEA-13,WASTE COUPLING,CP ACCESSORIES,CP ACCESSORIES
Sheet6,452,HEALTH FAUCET,CP ACCESSORIES,CP ACCESSORIES
Sheet6,BA-38,TOILET PAPER HOLDER,CP ACCESSORIES,CP ACCESSORIES
Sheet6,BOS-80,OVER HEAD SHOWER,CP ACCESSORIES,CP ACCESSORIES
Sheet6,BS-29,OVER HEAD SHOWER,CP ACCESSORIES,CP ACCESSORIES
Sheet6,BS-31,OVER HEAD SHOWER,CP ACCESSORIES,CP ACCESSORIES
Sheet6,GB-04,GRAB BAR,CP ACCESSORIES,CP ACCESSORIES
Sheet6,BEA-92S,HEALTH FAUCET,CP ACCESSORIES,CP ACCESSORIES
Sheet6,BOS-104A,HEALTH FAUCET,CP ACCESSORIES,CP ACCESSORIES
Sheet6,BOS-13,OVER HEAD SHOWER,CP ACCESSORIES,CP ACCESSORIES
Sheet6,BH-73,HAND SHOWER,CP ACCESSORIES,CP ACCESSORIES
Sheet6,BEA-95,HEALTH FAUCET,CP ACCESSORIES,CP ACCESSORIES
Sheet6,BS-37S,OVER HEAD SHOWER,CP ACCESSORIES,CP ACCESSORIES
Sheet6,BA-30,TOWEL RAIL,CP ACCESSORIES,CP ACCESSORIES
Sheet6,7110,ANGLE COCK (10),CYGNUS(71),CYGNUS(71)
Sheet6,BA-87,ROBE HOOK,CP ACCESSORIES,CP ACCESSORIES
Sheet6,BOS-41,OVER HEAD SHOWER,CP ACCESSORIES,CP ACCESSORIES
Sheet6,BEA-22,BOTTLE TRAP,CP ACCESSORIES,CP ACCESSORIES
Sheet6,451,HEALTH FAUCET,CP ACCESSORIES,CP ACCESSORIES
Sheet6,BEA-90,HEALTH FAUCET,CP ACCESSORIES,CP ACCESSORIES
Sheet6,BS-30,OVER HEAD SHOWER,CP ACCESSORIES,CP ACCESSORIES
Sheet6,BEA-34,FLUSH VALVE,ALLED,ALLED
Sheet6,7118,CONCEALED STOP COCK 15 MM,CYGNUS(71),CYGNUS(71)
Sheet6,BA-48,TOILET PAPER HOLDER,CP ACCESSORIES,CP ACCESSORIES
Sheet6,BA-21,TOWEL RING,CP ACCESSORIES,CP ACCESSORIES
Sheet6,481,OVER HEAD SHOWER,CP ACCESSORIES,CP ACCESSORIES
Sheet6,BS-78,OVER HEAD SHOWER,CP ACCESSORIES,CP ACCESSORIES
Sheet6,BEA-10S,WASTE COUPLING,CP ACCESSORIES,CP ACCESSORIES
Sheet6,BEA-85,HEALTH FAUCET,CP ACCESSORIES,CP ACCESSORIES
Sheet6,BA-26G,TUMBLER HOLDER,CP ACCESSORIES,CP ACCESSORIES
Sheet6,BEA-48,GLASS SHELF,CP ACCESSORIES,CP ACCESSORIES
Sheet6,7604,PILLAR COCK (02),MACASA(76),MACASA(76)
Sheet6,7102,PILLAR COCK (02),CYGNUS(71),CYGNUS(71)
Sheet6,BA-22,TOWEL RACK,CP ACCESSORIES,CP ACCESSORIES
Sheet6,9565,WALL MIXER NON TELEPHONIC,DEWDROP(95),DEWDROP(95)
Sheet6,8204,PILLAR COCK (02),OPAL(82),OPAL(82)
Sheet6,BLM-02,GLASS,GLASS,GLASS
Sheet6,BA-37,ROBE HOOK,CP ACCESSORIES,CP ACCESSORIES
Sheet6,GB-01,GRAB BAR,CP ACCESSORIES,CP ACCESSORIES
Sheet6,BHS-90,HAND SHOWER,CP ACCESSORIES,CP ACCESSORIES
Sheet6,BA-33,LIQUID SOAP DISPENSER,CP ACCESSORIES,CP ACCESSORIES
Sheet6,BA-83,LIQUID SOAP DISPENSER,CP ACCESSORIES,CP ACCESSORIES
Sheet6,BA-11S,TOWEL RING,CP ACCESSORIES,CP ACCESSORIES
Sheet6,BA-40,TOWEL RAIL,CP ACCESSORIES,CP ACCESSORIES
Sheet6,BEA-11S,WASTE COUPLING,CP ACCESSORIES,CP ACCESSORIES
Sheet6,7512,2-WAY BIB COCK (12),FREESIA(75),FREESIA(75)
Sheet6,BA-05,SOAP DISH,CP ACCESSORIES,CP ACCESSORIES
Sheet6,BEA-92,HEALTH FAUCET,CP ACCESSORIES,CP ACCESSORIES
Sheet6,BEA-27,BOTTLE TRAP,CP ACCESSORIES,CP ACCESSORIES
Sheet6,7106,BIB COCK (06),CYGNUS(71),CYGNUS(71)
Sheet6,BOS-105B,OVER HEAD SHOWER,CP ACCESSORIES,CP ACCESSORIES
Sheet6,BSC-10,SELF CLOSERS,CP ACCESSORIES,CP ACCESSORIES
Sheet6,BEA-97,HEALTH FAUCET,CP ACCESSORIES,CP ACCESSORIES
Sheet6,BEA-25,BOTTLE TRAP,CP ACCESSORIES,CP ACCESSORIES
Sheet6,BOS-90S,OVER HEAD SHOWER,CP ACCESSORIES,CP ACCESSORIES
Sheet6,BA-31,TOWEL RING,CP ACCESSORIES,CP ACCESSORIES
Sheet6,7904-F,PILLAR COCK (02),SAGA(79F),SAGA(79F)
Sheet6,PIF-010,SPARE PART,SPARE PART,SPARE PART
Sheet6,PIF-08,SPARE PART,SPARE PART,SPARE PART
Sheet6,PMS-025,SPARE PART,SPARE PART,SPARE PART
Sheet6,PMS-029,SPARE PART,SPARE PART,SPARE PART
Sheet6,DB -76 ON/OFF,DIVERTOR BODY,ALLED,ALLED
Sheet6,BHS-48,SHOWER TUBE,CP ACCESSORIES,CP ACCESSORIES
Sheet6,RB-46,RAG BOLT,SANITARYWARE,SANITARYWARE
Sheet6,BEA-97S,HEALTH FAUCET,CP ACCESSORIES,CP ACCESSORIES
Sheet6,PIF-064,SPARE PART,SPARE PART,SPARE PART
Sheet6,PIF-065,SPARE PART,SPARE PART,SPARE PART
Sheet6,BLM-04,GLASS,GLASS,GLASS
Sheet6,PIF-069,SPARE PART,SPARE PART,SPARE PART
Sheet6,BHS-92,HAND SHOWER,CP ACCESSORIES,CP ACCESSORIES
Sheet6,8750-I,CENTER HOLE BASIN MIXER,EVIAN (87),EVIAN (87)
Sheet6,GB-02,GRAB BAR,CP ACCESSORIES,CP ACCESSORIES
Sheet6,BOS-90,OVER HEAD SHOWER,CP ACCESSORIES,CP ACCESSORIES
Sheet6,BEA-44A,GLASS SHELF,CP ACCESSORIES,CP ACCESSORIES
Sheet6,8203,PILLAR COCK TALL HIGHT,OPAL(82),OPAL(82)
Sheet6,BROMO-10,GEYSER,GEYSER,GEYSER
Sheet6,BOS-48,SHOWER ARM,CP ACCESSORIES,CP ACCESSORIES
Sheet6,BS-36,OVER HEAD SHOWER,CP ACCESSORIES,CP ACCESSORIES
Sheet6,7520,CONCEALED STOP COCK 20 MM,FREESIA(75),FREESIA(75)
Sheet6,7550,CENTER HOLE BASIN MIXER,FREESIA(75),FREESIA(75)
Sheet6,456,HEALTH FAUCET,CP ACCESSORIES,CP ACCESSORIES
Sheet6,BCT-03,CONNECTION,CP ACCESSORIES,CP ACCESSORIES
Sheet6,BS-73,OVER HEAD SHOWER,CP ACCESSORIES,CP ACCESSORIES
Sheet6,BA-10,TOWEL RAIL,CP ACCESSORIES,CP ACCESSORIES
Sheet6,BA-10S,TOWEL RAIL SS,CP ACCESSORIES,CP ACCESSORIES
Sheet6,BEA-47A,GLASS SHELF,CP ACCESSORIES,CP ACCESSORIES
Sheet6,BEA-42,GLASS SHELF,CP ACCESSORIES,CP ACCESSORIES
Sheet6,BEA-46B,GLASS SHELF,CP ACCESSORIES,CP ACCESSORIES
Sheet6,BH-79S,HAND SHOWER,CP ACCESSORIES,CP ACCESSORIES
Sheet6,BOS-14,OVER HEAD SHOWER,CP ACCESSORIES,CP ACCESSORIES
Sheet6,DB-68 ON-OFF 3-IN-LET,DIVERTOR PLATE HANDLE,MARCUS(68),MARCUS(68)
Sheet6,BSU-11,SENSOR,CP ACCESSORIES,CP ACCESSORIES
Sheet6,DB-87 ON-OFF,DIVERTOR PLATE HANDLE,EVIAN (87),EVIAN (87)
Sheet6,BOS-47,SHOWER ARM,CP ACCESSORIES,CP ACCESSORIES
Sheet6,PIF-068,SPARE PART,SPARE PART,SPARE PART
Sheet6,PHN-175,SPARE PART,SPARE PART,SPARE PART
Sheet6,BA-17S,ROBE HOOK SS,CP ACCESSORIES,CP ACCESSORIES
Sheet6,9209,BIB COCK LONG NOSE,CASA (92),CASA (92)
Sheet6,PHN-069,SPARE PART,SPARE PART,SPARE PART
Sheet6,PHN-086,SPARE PART,SPARE PART,SPARE PART
Sheet6,PIF-041,SPARE PART,SPARE PART,SPARE PART
Sheet6,BEA-51,GLASS SHELF,CP ACCESSORIES,CP ACCESSORIES
Sheet6,BA-1S,TOWEL RAIL SS,CP ACCESSORIES,CP ACCESSORIES
Sheet6,UFO-16,VALVE,CP ACCESSORIES,CP ACCESSORIES
Sheet6,BOS-49S,SHOWER ARM,CP ACCESSORIES,CP ACCESSORIES
Sheet6,PFG-021,SPARE PART,SPARE PART,SPARE PART
Sheet6,BS-70,OVER HEAD SHOWER,CP ACCESSORIES,CP ACCESSORIES
Sheet6,PIF-002,SPARE PART,SPARE PART,SPARE PART
Sheet6,BA-88,TOILET PAPER HOLDER,CP ACCESSORIES,CP ACCESSORIES
Sheet6,BEA-43,GLASS SHELF,CP ACCESSORIES,CP ACCESSORIES
Sheet6,BSC-06,SELF CLOSERS,CP ACCESSORIES,CP ACCESSORIES
Sheet6,FL02,FLANGE,CP ACCESSORIES,CP ACCESSORIES
Sheet6,493,LIQUID SOAP DISPENSER,CP ACCESSORIES,CP ACCESSORIES
Sheet6,BEA-101,HEALTH FAUCET,CP ACCESSORIES,CP ACCESSORIES
Sheet6,SE-05,HOOK,CP ACCESSORIES,CP ACCESSORIES
Sheet6,BA-32,TOWEL RACK,CP ACCESSORIES,CP ACCESSORIES
Sheet6,BOS-103,OVER HEAD SHOWER,CP ACCESSORIES,CP ACCESSORIES
Sheet6,PIF-019,SPARE PART,SPARE PART,SPARE PART
Sheet6,PIF-040,SPARE PART,SPARE PART,SPARE PART
Sheet6,BEA-28,BOTTLE TRAP,CP ACCESSORIES,CP ACCESSORIES
Sheet6,BEA-49,GLASS SHELF,CP ACCESSORIES,CP ACCESSORIES
Sheet6,BHS-80,HAND SHOWER,CP ACCESSORIES,CP ACCESSORIES
Sheet6,BOS-50,SHOWER ARM,CP ACCESSORIES,CP ACCESSORIES
Sheet6,BA-42,TOWEL RACK,CP ACCESSORIES,CP ACCESSORIES
Sheet6,PIF-058,SPARE PART,SPARE PART,SPARE PART
Sheet6,9396-N,SPOUT TIP TON,KORA(93-N),KORA(93-N)
Sheet6,BSD-03,HAND SHOWER,CP ACCESSORIES,CP ACCESSORIES
Sheet6,PIF-046,SPARE PART,SPARE PART,SPARE PART
Sheet6,PMS-079,SPARE PART,SPARE PART,SPARE PART
Sheet6,9998,FLUSH COCK,OCTAVIA(99),OCTAVIA(99)
Sheet6,BH-76,HAND SHOWER,CP ACCESSORIES,CP ACCESSORIES
Sheet6,PWH-010,Trading,SANITARYWARE,SANITARYWARE
Sheet6,7514,PILLAR COCK SINK TAP (T/M ),FREESIA(75),FREESIA(75)
Sheet6,BHS-100,HAND SHOWER,CP ACCESSORIES,CP ACCESSORIES
Sheet6,BOS-50S,OVER HEAD SHOWER,CP ACCESSORIES,CP ACCESSORIES
Sheet6,6320-N,CONCEALED STOP COCK 20 MM,ASTRO(63N),ASTRO(63N)
Sheet6,PFV-010,SPARE PART,SPARE PART,SPARE PART
Sheet6,DB-66-3IN ON-OFF,DIVERTOR PLATE HANDLE,VINCENT(66),VINCENT(66)
Sheet6,BCP-04,COPPER EXT.PIPE,CP ACCESSORIES,CP ACCESSORIES
Sheet6,BEA-44,GLASS SHELF,CP ACCESSORIES,CP ACCESSORIES
Sheet6,BSS-01,BATH SET,CP ACCESSORIES,CP ACCESSORIES
Sheet6,BOS-49,SHOWER ARM,CP ACCESSORIES,CP ACCESSORIES
Sheet6,6693,SINGLE LEVER CONCEALED DIVERTOR 3 IN ONE,VINCENT(66),VINCENT(66)
Sheet6,BROMO-15,GEYSER,GEYSER,GEYSER
Sheet6,BS-73S,OVER HEAD SHOWER,CP ACCESSORIES,CP ACCESSORIES
Sheet6,PMS-020,SPARE PART,SPARE PART,SPARE PART
Sheet6,PHN-029,SPARE PART,SPARE PART,SPARE PART
Sheet6,PIF-053,SPARE PART,SPARE PART,SPARE PART
Sheet6,6380,WALL MIXER 3IN ONE,DECENTISH (63),DECENTISH (63)
Sheet6,8075,SPARE PART,SPARE PART,SPARE PART
Sheet6,BA-18,TOILET PAPER HOLDER,CP ACCESSORIES,CP ACCESSORIES
Sheet6,BHS-91,HAND SHOWER,CP ACCESSORIES,CP ACCESSORIES
Sheet6,BHS-99,HAND SHOWER,CP ACCESSORIES,CP ACCESSORIES
Sheet6,BOS-42,OVER HEAD SHOWER,CP ACCESSORIES,CP ACCESSORIES
Sheet6,BOS-80S,OVER HEAD SHOWER,CP ACCESSORIES,CP ACCESSORIES
Sheet6,BS-76,OVER HEAD SHOWER,CP ACCESSORIES,CP ACCESSORIES
Sheet6,BEA-13L,WASTE COUPLING,CP ACCESSORIES,CP ACCESSORIES
Sheet6,BEA-55,GLASS SHELF,CP ACCESSORIES,CP ACCESSORIES
Sheet6,6380-N,WALL MIXER 3IN ONE,ASTRO(63N),ASTRO(63N)
Sheet6,BOS-105,OVER HEAD SHOWER,CP ACCESSORIES,CP ACCESSORIES
Sheet6,DB-64-3IN ON-OFF,DIVERTOR PLATE HANDLE,BALAGRA (64),BALAGRA (64)
Sheet6,6565,WALL MIXER NON TELEPHONIC,MATRIX(65),MATRIX(65)
Sheet6,BSD-18,SENSOR,CP ACCESSORIES,CP ACCESSORIES
Sheet6,BEA-95S,HEALTH FAUCET,CP ACCESSORIES,CP ACCESSORIES
Sheet6,6398,FLUSH COCK,DECENTISH (63),DECENTISH (63)
Sheet6,PHN-099,SPARE PART,SPARE PART,SPARE PART
Sheet6,PIF-042,SPARE PART,SPARE PART,SPARE PART
Sheet6,8298,FLUSH COCK,OPAL(82),OPAL(82)
Sheet6,9471,SINGLE LEVER WALL MIXER,ROCIO(94),ROCIO(94)
Sheet6,SE-06,HOOK,CP ACCESSORIES,CP ACCESSORIES
Sheet6,BS-28,OVER HEAD SHOWER,CP ACCESSORIES,CP ACCESSORIES
Sheet6,BOS-16,OVER HEAD SHOWER,CP ACCESSORIES,CP ACCESSORIES
Sheet6,BOS-36,OVER HEAD SHOWER,CP ACCESSORIES,CP ACCESSORIES
Sheet6,BS-67,OVER HEAD SHOWER,CP ACCESSORIES,CP ACCESSORIES
Sheet6,BSD-04,SHOWER DRAIN,CP ACCESSORIES,CP ACCESSORIES
Sheet6,ECO-63,OVER HEAD SHOWER,CP ACCESSORIES,CP ACCESSORIES
Sheet6,BA-60,TOWEL RAIL,CP ACCESSORIES,CP ACCESSORIES
Sheet6,7404,PILLAR COCK (02),GRACIA(74),GRACIA(74)
Sheet6,BEA-56,GLASS SHELF,CP ACCESSORIES,CP ACCESSORIES
Sheet6,9356-N,SINGLE LEVER SINK MIXER W/M,KORA(93-N),KORA(93-N)
Sheet6,BB-76,BASIN MIXER PALTE HANDLE,MACASA(76),MACASA(76)
Sheet6,7111,2-WAY ANGLE COCK (11),CYGNUS(71),CYGNUS(71)
Sheet6,7114,PILLAR COCK SINK TAP (T/M ),CYGNUS(71),CYGNUS(71)
Sheet6,7120,CONCEALED STOP COCK 20 MM,CYGNUS(71),CYGNUS(71)
Sheet6,DB-71,DIVERTOR PLATE HANDLE,CYGNUS(71),CYGNUS(71)
Sheet6,B-161,BALL COCK,DROPLETS,DROPLETS
Sheet6,7704,PILLAR COCK (02),FROST (77),FROST (77)
Sheet6,6605,BIB COCK NOZZLE,VINCENT(66),VINCENT(66)
Sheet6,BB-89,BASIN MIXER PALTE HANDLE,OPUS(89),OPUS(89)
Sheet6,BS-69,OVER HEAD SHOWER,CP ACCESSORIES,CP ACCESSORIES
Sheet6,BS-66,OVER HEAD SHOWER,CP ACCESSORIES,CP ACCESSORIES
Sheet6,BS-79,OVER HEAD SHOWER,CP ACCESSORIES,CP ACCESSORIES
Sheet6,BS-79S,OVER HEAD SHOWER,CP ACCESSORIES,CP ACCESSORIES
Sheet6,BS-72,OVER HEAD SHOWER,CP ACCESSORIES,CP ACCESSORIES
Sheet6,BEA-29,BOTTLE TRAP,CP ACCESSORIES,CP ACCESSORIES
Sheet6,BS-71,OVER HEAD SHOWER,CP ACCESSORIES,CP ACCESSORIES
Sheet6,BFT-01,OVER HEAD SHOWER,CP ACCESSORIES,CP ACCESSORIES
Sheet6,BEA-53,GLASS SHELF,CP ACCESSORIES,CP ACCESSORIES
Sheet6,BEA-54,GLASS SHELF,CP ACCESSORIES,CP ACCESSORIES
Sheet6,BEA-81,HEALTH FAUCET,CP ACCESSORIES,CP ACCESSORIES
Sheet6,BOS-47S,GLASS SHELF,CP ACCESSORIES,CP ACCESSORIES
Sheet6,BEA-40,HEALTH FAUCET,CP ACCESSORIES,CP ACCESSORIES
Sheet6,BEA-100,HEALTH FAUCET,CP ACCESSORIES,CP ACCESSORIES
Sheet6,7555,SINK MIXER ( W/M),FREESIA(75),FREESIA(75)
Sheet6,P6620,CONCEALED STOP COCK 20 MM,VIRGO(P66),VIRGO(P66)
Sheet6,7155,SINK MIXER ( W/M),CYGNUS(71),CYGNUS(71)
Sheet6,9398,FLUSH COCK,LAGUNA(93),LAGUNA(93)
Sheet6,P6602,PILLAR COCK (02),VIRGO(P66),VIRGO(P66)
Sheet6,P6606,BIB COCK (06),VIRGO(P66),VIRGO(P66)
Sheet6,6316-N,BIB COCK SINK TAP (W/M),ASTRO(63N),ASTRO(63N)
Sheet6,6314-N,PILLAR COCK SINK TAP (T/M ),ASTRO(63N),ASTRO(63N)
Sheet6,6302-N,PILLAR COCK (02),ASTRO(63N),ASTRO(63N)
Sheet6,P6616,BIB COCK SINK TAP (W/M),VIRGO(P66),VIRGO(P66)
Sheet6,6311-N,2-WAY ANGLE COCK (11),ASTRO(63N),ASTRO(63N)
Sheet6,6310-N,ANGLE COCK (10),ASTRO(63N),ASTRO(63N)
Sheet6,P6614,PILLAR COCK SINK TAP (T/M ),VIRGO(P66),VIRGO(P66)
Sheet6,6350-N,CENTER HOLE BASIN MIXER,ASTRO(63N),ASTRO(63N)
Sheet6,P6675,WALL MIXER L-BEND,VIRGO(P66),VIRGO(P66)
Sheet6,7575,WALL MIXER L-BEND,FREESIA(75),FREESIA(75)
Sheet6,P6608,BIB COCK LONG BODY,VIRGO(P66),VIRGO(P66)
Sheet6,P6612,2-WAY BIB COCK (12),VIRGO(P66),VIRGO(P66)
Sheet6,7116,BIB COCK SINK TAP (W/M),CYGNUS(71),CYGNUS(71)
Sheet6,P6655,SINK MIXER ( W/M),VIRGO(P66),VIRGO(P66)
Sheet6,7170,WALL MIXER TELEPHONIC,CYGNUS(71),CYGNUS(71)
Sheet6,DB-75,DIVERTOR PLATE HANDLE,FREESIA(75),FREESIA(75)
Sheet6,6312-N,2-WAY BIB COCK (12),ASTRO(63N),ASTRO(63N)
Sheet6,BA-15S,SOAP DISH SS,CP ACCESSORIES,CP ACCESSORIES
Sheet6,BEA-41,HEALTH FAUCET,CP ACCESSORIES,CP ACCESSORIES
Sheet6,PMS-037,SPARE PART,SPARE PART,SPARE PART
Sheet6,PHN-091,SPARE PART,SPARE PART,SPARE PART
Sheet6,7175,WALL MIXER L-BEND,CYGNUS(71),CYGNUS(71)
Sheet6,BOS-11,OVER HEAD SHOWER,CP ACCESSORIES,CP ACCESSORIES
Sheet6,PMS-032,SPARE PART,SPARE PART,SPARE PART
Sheet6,PHN-064,SPARE PART,SPARE PART,SPARE PART
Sheet6,PIF-052,SPARE PART,SPARE PART,SPARE PART
Sheet6,PHN-068,SPARE PART,SPARE PART,SPARE PART
Sheet6,PHN-111,SPARE PART,SPARE PART,SPARE PART
Sheet6,PHN-076,SPARE PART,SPARE PART,SPARE PART
Sheet6,PHN-145,SPARE PART,SPARE PART,SPARE PART
Sheet6,PFV-003,SPARE PART,SPARE PART,SPARE PART
Sheet6,PHN-096,SPARE PART,SPARE PART,SPARE PART
Sheet6,PFV-001,SPARE PART,SPARE PART,SPARE PART
Sheet6,PFV-027,SPARE PART,SPARE PART,SPARE PART
Sheet6,PIF-012,SPARE PART,SPARE PART,SPARE PART
Sheet6,PFG-014,SPARE PART,SPARE PART,SPARE PART
Sheet6,454,HEALTH FAUCET,CP ACCESSORIES,CP ACCESSORIES
Sheet6,PSL-011,SPARE PART,SPARE PART,SPARE PART
Sheet6,BA-11,TOWEL RING,CP ACCESSORIES,CP ACCESSORIES
Sheet6,BEA-45,GLASS SHELF,CP ACCESSORIES,CP ACCESSORIES
Sheet6,BEA-47,GLASS SHELF,CP ACCESSORIES,CP ACCESSORIES
Sheet6,BHS-49,SHOWER TUBE,CP ACCESSORIES,CP ACCESSORIES
Sheet6,BEA-87,HEALTH FAUCET,CP ACCESSORIES,CP ACCESSORIES
Sheet6,7503,PILLAR COCK TALL HIGHT,FREESIA(75),FREESIA(75)
Sheet6,PFG-002,SPARE PART,SPARE PART,SPARE PART
Sheet6,BEA-46,GLASS SHELF,CP ACCESSORIES,CP ACCESSORIES
Sheet6,BEA-26,BOTTLE TRAP,CP ACCESSORIES,CP ACCESSORIES
Sheet6,BEA-103,HEALTH FAUCET,CP ACCESSORIES,CP ACCESSORIES
Sheet6,455,HEALTH FAUCET,CP ACCESSORIES,CP ACCESSORIES
Sheet6,CPS-87,"CONCEALED FLANGE, HANDLE & SLEEVE",EVIAN (87),EVIAN (87)
Sheet6,PMS-052,SPARE PART,SPARE PART,SPARE PART
Sheet6,BCT-03S,CONNECTION,CP ACCESSORIES,CP ACCESSORIES
Sheet6,BS-37,OVER HEAD SHOWER,CP ACCESSORIES,CP ACCESSORIES
Sheet6,BOS-104C,OVER HEAD SHOWER,CP ACCESSORIES,CP ACCESSORIES
Sheet6,PFV-002,SPARE PART,SPARE PART,SPARE PART
Sheet6,P6892,SINGLE LEVER CONCEALED DIVERTOR HIGH FLOW,MARCO(P68),MARCO(P68)
Sheet6,8152,SINGLE LIVER BASIN MIXER TALL HIGHT,NIGRA(81),NIGRA(81)
Sheet6,DB-P68,DIVERTOR PLATE HANDLE,MARCO(P68),MARCO(P68)
Sheet6,7516,BIB COCK SINK TAP (W/M),FREESIA(75),FREESIA(75)
Sheet6,BA-16S,TUMBLER HOLDER SS,CP ACCESSORIES,CP ACCESSORIES
Sheet6,6355-N,SINK MIXER ( W/M),ASTRO(63N),ASTRO(63N)
Sheet6,453,HEALTH FAUCET,CP ACCESSORIES,CP ACCESSORIES
Sheet6,BOS-48S,SHOWER ARM,CP ACCESSORIES,CP ACCESSORIES
Sheet6,7502,PILLAR COCK (02),FREESIA(75),FREESIA(75)
Sheet6,DB64,DIVERTOR PLATE HANDLE,BALAGRA (64),BALAGRA (64)
Sheet6,P6680,WALL MIXER 3IN ONE,VINCENT(66),VINCENT(66)
Sheet6,7112,2-WAY BIB COCK (12),CYGNUS(71),CYGNUS(71)
Sheet6,7198,FLUSH COCK,CYGNUS(71),CYGNUS(71)
Sheet6,BA-25G,SOAP DISH,CP ACCESSORIES,CP ACCESSORIES
Sheet6,BA-45,SOAP DISH,CP ACCESSORIES,CP ACCESSORIES
Sheet6,BEA-91S,HEALTH FAUCET,CP ACCESSORIES,CP ACCESSORIES
Sheet6,BEA-94S,HEALTH FAUCET,CP ACCESSORIES,CP ACCESSORIES
Sheet6,BSM-01,MAGNIFYING GLASS,CP ACCESSORIES,CP ACCESSORIES
Sheet6,BA-46,TUMBLER HOLDER,CP ACCESSORIES,CP ACCESSORIES
Sheet6,BSP-17,SENSOR,CP ACCESSORIES,CP ACCESSORIES
Sheet6,BB-68,BASIN MIXER PALTE HANDLE,MARCUS(68),MARCUS(68)
Sheet6,7196,SPOUT TIP TON,CYGNUS(71),CYGNUS(71)
Sheet6,W-201,WASH  BASIN SS,CP ACCESSORIES,CP ACCESSORIES
Sheet6,BB-79F,BASIN MIXER PALTE HANDLE,SAGA(79F),SAGA(79F)
Sheet6,TM-01,Thermostatic Mixer,CP ACCESSORIES,CP ACCESSORIES
Sheet6,PMS-082,SPARE PART,SPARE PART,SPARE PART
Sheet6,BLM-01,GLASS,GLASS,GLASS
Sheet6,TTS-01,TEFELON TAPE,CP ACCESSORIES,CP ACCESSORIES
Sheet6,BB-71,BASIN MIXER PALTE HANDLE,CYGNUS(71),CYGNUS(71)
Sheet6,BOS-104B,OVER HEAD SHOWER,CP ACCESSORIES,CP ACCESSORIES
Sheet6,BD-40N,SINGLE LEVER BASIN MIXER,GOLD,GOLD
Sheet6,PMS-083,SPARE PART,SPARE PART,SPARE PART
Sheet6,PD-39,DIVERTOR BODY,ALLED,ALLED
Sheet6,NILE-03,GEYSER,GEYSER,GEYSER
Sheet6,PWH-015,SPARE PART,SPARE PART,SPARE PART
Sheet6,P6696,SPOUT TIP TON,VIRGO(P66),VIRGO(P66)
Sheet6,P6610,ANGLE COCK (10),VIRGO(P66),VIRGO(P66)
Sheet6,BCT-05S,CONNECTION,CP ACCESSORIES,CP ACCESSORIES
Sheet6,7552,SINGLE LIVER BASIN MIXER TALL HIGHT,FREESIA(75),FREESIA(75)
Sheet6,BA-12,TOWEL RACK,CP ACCESSORIES,CP ACCESSORIES
Sheet6,TTS-2,TEFELON TAPE,CP ACCESSORIES,CP ACCESSORIES
Sheet6,BEA-93S,HEALTH FAUCET,CP ACCESSORIES,CP ACCESSORIES
Sheet6,PHN-048,SPARE PART,SPARE PART,SPARE PART
Sheet6,PHN-059,SPARE PART,SPARE PART,SPARE PART
Sheet6,PHN-081,SPARE PART,SPARE PART,SPARE PART
Sheet6,PHN-112,SPARE PART,SPARE PART,SPARE PART
Sheet6,PFV-024,SPARE PART,SPARE PART,SPARE PART
Sheet6,PFV-005,SPARE PART,SPARE PART,SPARE PART
Sheet6,PIF-011,SPARE PART,SPARE PART,SPARE PART
Sheet6,PFG-016,SPARE PART,SPARE PART,SPARE PART
Sheet6,PHN-041,SPARE PART,SPARE PART,SPARE PART
Sheet6,PIF-055,SPARE PART,SPARE PART,SPARE PART
Sheet6,PHN-022,SPARE PART,SPARE PART,SPARE PART
Sheet6,BCT-04S,CONNECTION,CP ACCESSORIES,CP ACCESSORIES
Sheet6,PMS-072,SPARE PART,SPARE PART,SPARE PART
Sheet6,7154,SINGLE LEVER BASIN MIXER WALL MONTED,CYGNUS(71),CYGNUS(71)
Sheet6,DB-93N,DIVERTOR PLATE HANDLE,KORA(93-N),KORA(93-N)
Sheet6,BHS-49S,SHOWER TUBE  PVC,CP ACCESSORIES,CP ACCESSORIES
Sheet6,7193,SINGLE LEVER CONCEALED DIVERTOR 3 IN ONE,CYGNUS(71),CYGNUS(71)
Sheet6,PFG-001,SPARE PART,SPARE PART,SPARE PART
Sheet6,BB-87,BASIN MIXER PALTE HANDLE,EVIAN (87),EVIAN (87)
Sheet6,BB93-N,BASIN MIXER PALTE HANDLE,KORA(93-N),KORA(93-N)
Sheet6,P6692,SINGLE LEVER CONCEALED DIVERTOR HIGH FLOW,VIRGO(P66),VIRGO(P66)
Sheet6,7180,WALL MIXER 3IN ONE,CYGNUS(71),CYGNUS(71)
Sheet6,DBP-66,DIVERTOR PLATE HANDLE,VINCENT(66),VINCENT(66)
Sheet6,BEA-13C,WASTE COUPLING,CP ACCESSORIES,CP ACCESSORIES
Sheet6,BROMO-25,GEYSER,GEYSER,GEYSER
Sheet6,BEA-106A,HEALTH FAUCET,CP ACCESSORIES,CP ACCESSORIES
Sheet6,PHN-072,SPARE PART,SPARE PART,SPARE PART
Sheet6,BMC-03,CONNECTION,ALLED,ALLED
Sheet6,9360,SINK MIXER (T/M),LAGUNA(93),LAGUNA(93)
Sheet6,PIF-060,SPARE PART,SPARE PART,SPARE PART
Sheet6,PMS-027,SPARE PART,SPARE PART,SPARE PART
Sheet6,PHN-060,SPARE PART,SPARE PART,SPARE PART
Sheet6,PHN-103,SPARE PART,SPARE PART,SPARE PART
Sheet6,PHN-115,SPARE PART,SPARE PART,SPARE PART
Sheet6,PHN-156,SPARE PART,SPARE PART,SPARE PART
Sheet6,PIF-057,SPARE PART,SPARE PART,SPARE PART
Sheet6,PHN-037,SPARE PART,SPARE PART,SPARE PART
Sheet6,PHN-089,SPARE PART,SPARE PART,SPARE PART
Sheet6,PHN-136,SPARE PART,SPARE PART,SPARE PART
Sheet6,PHN-157,SPARE PART,SPARE PART,SPARE PART
Sheet6,PFG-023,SPARE PART,SPARE PART,SPARE PART
Sheet6,PIF-062,SPARE PART,SPARE PART,SPARE PART
Sheet6,9871,SINGLE LEVER WALL MIXER,DAWN (98),DAWN (98)
Sheet6,PFV-029,SPARE PART,SPARE PART,SPARE PART
Sheet6,PIF-054,SPARE PART,SPARE PART,SPARE PART
Sheet6,PIF-013,SPARE PART,SPARE PART,SPARE PART
Sheet6,BB-98,BASIN MIXER PALTE HANDLE,DAWN (98),DAWN (98)
Sheet6,PSL-005,SPARE PART,SPARE PART,SPARE PART
Sheet6,PSL-008,SPARE PART,SPARE PART,SPARE PART
Sheet6,PFV-008,SPARE PART,SPARE PART,SPARE PART
Sheet6,PHN-104,SPARE PART,SPARE PART,SPARE PART
Sheet6,PFV-009,SPARE PART,SPARE PART,SPARE PART
Sheet6,PHN-079,SPARE PART,SPARE PART,SPARE PART
Sheet6,PFG-024,SPARE PART,SPARE PART,SPARE PART
Sheet6,PFV-004,SPARE PART,SPARE PART,SPARE PART
Sheet6,PFV-025,SPARE PART,SPARE PART,SPARE PART
Sheet6,PMS-92,SPARE PART,SPARE PART,SPARE PART
Sheet6,PHN-085,SPARE PART,SPARE PART,SPARE PART
Sheet6,PIF-028,SPARE PART,SPARE PART,SPARE PART
Sheet6,PIF-047,SPARE PART,SPARE PART,SPARE PART
Sheet6,PIF-048,SPARE PART,SPARE PART,SPARE PART
Sheet6,PMS-024,SPARE PART,SPARE PART,SPARE PART
Sheet6,PMS-033,SPARE PART,SPARE PART,SPARE PART
Sheet6,PMS-034,SPARE PART,SPARE PART,SPARE PART
Sheet6,PSL-013,SPARE PART,SPARE PART,SPARE PART
Sheet6,PHN-095,SPARE PART,SPARE PART,SPARE PART
Sheet6,7605,BIB COCK NOZZLE,MACASA(76),MACASA(76)
Sheet6,8180,WALL MIXER 3IN ONE,NIGRA(81),NIGRA(81)
Sheet6,8070,WALL MIXER TELEPHONIC,MABEL(80),MABEL(80)
Sheet6,8252,SINGLE LEVER BASIN MIXER,OPAL(82),OPAL(82)
Sheet6,PMS-028,SPARE PART,SPARE PART,SPARE PART
Sheet6,PIF-067,SPARE PART,SPARE PART,SPARE PART
Sheet6,PSL-004,SPARE PART,SPARE PART,SPARE PART
Sheet6,PFV-016,SPARE PART,SPARE PART,SPARE PART
Sheet6,BB-66,BASIN MIXER PALTE HANDLE,VINCENT(66),VINCENT(66)
Sheet6,PFV-015,SPARE PART,SPARE PART,SPARE PART
Sheet6,PFV-018,SPARE PART,SPARE PART,SPARE PART
Sheet6,PFV-028,SPARE PART,SPARE PART,SPARE PART
Sheet6,PHN-031,SPARE PART,SPARE PART,SPARE PART
Sheet6,PMS-014,SPARE PART,SPARE PART,SPARE PART
Sheet6,PSL-001,SPARE PART,SPARE PART,SPARE PART
Sheet6,PSL-003,SPARE PART,SPARE PART,SPARE PART
Sheet6,BB-78,BASIN MIXER PALTE HANDLE,URBONA(78),URBONA(78)
Sheet6,7151,SINGLE LEVER BASIN MIXER,CYGNUS(71),CYGNUS(71)
Sheet6,CPS-88,CONCEALED FLANGE HANGLE & SLEEVE,DIVINE(88),DIVINE(88)
Sheet6,PMS-075,SPARE PART,SPARE PART,SPARE PART
Sheet6,PHN-098,SPARE PART,SPARE PART,SPARE PART
Sheet6,PHN-074,SPARE PART,SPARE PART,SPARE PART
Sheet6,9391,SINGLE LEVER CONCEALED DIVERTOR,LAGUNA(93),LAGUNA(93)
Sheet6,BA-68,TOILET PAPER HOLDER,CP ACCESSORIES,CP ACCESSORIES
Sheet6,8902-B,PILLAR COCK (02),OPUS(89),OPUS(89)
Sheet6,8903-B,PILLAR COCK TALL HIGHT,OPUS(89),OPUS(89)
Sheet6,8995-B,SPOUT PLAIN,OPUS(89),OPUS(89)
Sheet6,7102-G,PILLAR COCK (02),CYGNUS(71),CYGNUS(71)
Sheet6,7114-G,PILLAR COCK SINK TAP (T/M ),CYGNUS(71),CYGNUS(71)
Sheet6,7195-G,SPOUT PLAIN,CYGNUS(71),CYGNUS(71)
Sheet6,DB-71-G,DIVERTOR PLATE HANDLE,CYGNUS(71),CYGNUS(71)
Sheet6,8702-R,PILLAR COCK (02),EVIAN (87),EVIAN (87)
Sheet6,8703-R,PILLAR COCK TALL HIGHT,EVIAN (87),EVIAN (87)
Sheet6,8795-R,SPOUT PLAIN,EVIAN (87),EVIAN (87)
Sheet6,DB-87-R,DIVERTOR PLATE HANDLE,EVIAN (87),EVIAN (87)
Sheet6,R9812,2-WAY BIB COCK (12),DAWN (98),DAWN (98)
Sheet6,R9854,SINGLE LEVER BASIN MIXER WALL MONTED,DAWN (98),DAWN (98)
Sheet6,R9896,SPOUT TIP TON,DAWN (98),DAWN (98)
Sheet6,7580,WALL MIXER 3IN ONE,FREESIA(75),FREESIA(75)
Sheet6,CPS-83,CONCEALED FLANGE HANGLE & SLEEVE,WAVES(83),WAVES(83)
Sheet6,PHN-087,SPARE PART,SPARE PART,SPARE PART
Sheet6,CPS-72,CONCEALED FLANGE HANGLE & SLEEVE,VIVA(72),VIVA(72)
Sheet6,B9052,SINGLE LEVER BASIN MIXER,EUROPA(90),EUROPA(90)
Sheet6,B9095,SPOUT PLAIN,EUROPA(90),EUROPA(90)
Sheet6,BDB-90,DIVERTOR PLATE HANDLE,EUROPA(90),EUROPA(90)
Sheet6,G9851,SINGLE LEVER BASIN MIXER,DAWN (98),DAWN (98)
Sheet6,G9896,SPOUT TIP TON,DAWN (98),DAWN (98)
Sheet6,GBS-72,OVER HEAD SHOWER,CP ACCESSORIES,CP ACCESSORIES
Sheet6,GDB-98,DIVERTOR PLATE HANDLE,DAWN (98),DAWN (98)
Sheet6,R9102,PILLAR COCK (02),GALA(91),GALA(91)
Sheet6,R9151,SINGLE LEVER BASIN MIXER,GALA(91),GALA(91)
Sheet6,R9195,SPOUT PLAIN,GALA(91),GALA(91)
Sheet6,RDB-91,DIVERTOR PLATE HANDLE,GALA(91),GALA(91)
Sheet6,GBHS-85,HAND SHOWER,CP ACCESSORIES,CP ACCESSORIES
Sheet6,G9812,2-WAY BIB COCK (12),DAWN (98),DAWN (98)
Sheet6,GBEA-41,HEALTH FAUCET,CP ACCESSORIES,CP ACCESSORIES
Sheet6,GBOS-13,OVER HEAD SHOWER,CP ACCESSORIES,CP ACCESSORIES
Sheet6,GBOS-50,SHOWER ARM,CP ACCESSORIES,CP ACCESSORIES
Sheet6,G9854,SINGLE LEVER BASIN MIXER WALL MONTED,DAWN (98),DAWN (98)
Sheet6,G9891,SINGLE LEVER CONCEALED DIVERTOR,DAWN (98),DAWN (98)
Sheet6,6375-N,WALL MIXER L-BEND,ASTRO(63N),ASTRO(63N)
Sheet6,PHN-051,SPARE PART,SPARE PART,SPARE PART
Sheet6,PMS-069,SPARE PART,SPARE PART,SPARE PART
Sheet6,PHN-088,SPARE PART,SPARE PART,SPARE PART
Sheet6,P6611,2-WAY ANGLE COCK (11),VIRGO(P66),VIRGO(P66)
Sheet6,P6695,SPOUT PLAIN,VIRGO(P66),VIRGO(P66)
Sheet6,PIF-07,SPARE PART,SPARE PART,SPARE PART
Sheet6,BB-90B,BASIN MIXER PALTE HANDLE,EUROPA(90),EUROPA(90)
Sheet6,G9852,SINGLE LIVER BASIN MIXER TALL HIGHT,DAWN (98),DAWN (98)
Sheet6,B9054,SINGLE LEVER BASIN MIXER WALL MONTED,EUROPA(90),EUROPA(90)
Sheet6,R8154,SINGLE LEVER BASIN MIXER,NIGRA(81),NIGRA(81)
Sheet6,PD-46HG,DIVERTOR BODY,ALLED,ALLED
Sheet6,PD-46HR,DIVERTOR BODY,ALLED,ALLED
Sheet6,BD-40B,BASIN MIXER BODY,ALLED,ALLED
Sheet6,PD-46HB,DIVERTOR BODY,ALLED,ALLED
Sheet6,B9096,SPOUT TIP TON,EUROPA(90),EUROPA(90)
Sheet6,BB-93N,BASIN MIXER PALTE HANDLE,KORA(93-N),KORA(93-N)
Sheet6,B9896,SPOUT TIP TON,DAWN (98),DAWN (98)
Sheet6,B9812,2-WAY BIB COCK (12),DAWN (98),DAWN (98)
Sheet6,B9854,SINGLE LEVER BASIN MIXER WALL MONTED,DAWN (98),DAWN (98)
Sheet6,DB-P66,DIVERTOR PLATE HANDLE,VIRGO(P66),VIRGO(P66)
Sheet6,B8154,SINGLE LEVER BASIN MIXER,NIGRA(81),NIGRA(81)
Sheet6,B8192,SINGLE LEVER CONCEALED DIVERTOR HIGH FLOW,NIGRA(81),NIGRA(81)
Sheet6,B9818,CONCEALED STOP COCK 15 MM,DAWN (98),DAWN (98)
Sheet6,B8118,CONCEALED STOP COCK 15 MM,NIGRA(81),NIGRA(81)
Sheet6,B8112,2-WAY BIB COCK (12),NIGRA(81),NIGRA(81)
Sheet6,B9892,SINGLE LEVER CONCEALED DIVERTOR HIGH FLOW,DAWN (98),DAWN (98)
Sheet6,B7996-F,SINGLE LEVER CONCEALED DIVERTOR,SAGA(79F),SAGA(79F)
Sheet6,7192,SINGLE LEVER CONCEALED DIVERTOR HIGH FLOW,CYGNUS(71),CYGNUS(71)
Sheet6,PSL-002,SPARE PART,SPARE PART,SPARE PART
Sheet6,PHN-046,SPARE PART,SPARE PART,SPARE PART
Sheet6,7595,SPOUT PLAIN,FREESIA(75),FREESIA(75)
Sheet6,8702-N,PILLAR COCK (02),LOTS(87N),LOTS(87N)
Sheet6,PFG-005,SPARE PART,SPARE PART,SPARE PART
Sheet6,PFG-006,SPARE PART,SPARE PART,SPARE PART
Sheet6,7511,2-WAY ANGLE COCK (11),FREESIA(75),FREESIA(75)
Sheet6,P6650,CENTER HOLE BASIN MIXER,VIRGO(P66),VIRGO(P66)
Sheet6,7810-N,ANGLE COCK (10),SALSA(78N),SALSA(78N)
Sheet6,PHN-039,SPARE PART,SPARE PART,SPARE PART
Sheet6,PIF-025,SPARE PART,SPARE PART,SPARE PART
Sheet6,CPS-76,CONCEALED FLANGE HANGLE & SLEEVE,MACASA(76),MACASA(76)
Sheet6,PFG-012,SPARE PART,SPARE PART,SPARE PART
Sheet6,7075,WALL MIXER L-BEND,ELITE(70),ELITE(70)
Sheet6,7002,PILLAR COCK (02),ELITE(70),ELITE(70)
Sheet6,7051,SINGLE LEVER BASIN MIXER,ELITE(70),ELITE(70)
Sheet6,7006,BIB COCK (06),ELITE(70),ELITE(70)
Sheet6,7016,BIB COCK SINK TAP (W/M),ELITE(70),ELITE(70)
Sheet6,7010,ANGLE COCK (10),ELITE(70),ELITE(70)
Sheet6,7012,2-WAY BIB COCK (12),ELITE(70),ELITE(70)
Sheet6,7806-N,BIB COCK (06),SALSA(78N),SALSA(78N)
Sheet6,8716-N,BIB COCK SINK TAP (W/M),LOTS(87N),LOTS(87N)
Sheet6,7804-N,PILLAR COCK EXTENDED BODY,SALSA(78N),SALSA(78N)
Sheet6,DP-79,JET DIVERTOR BODY,ALLED,ALLED
Sheet6,DP-98,JET DIVERTOR BODY,ALLED,ALLED
Sheet6,DP-82,JET DIVERTOR BODY,ALLED,ALLED
Sheet6,PD-40-C,DIVERTOR BODY,ALLED,ALLED
Sheet6,7008,BIB COCK LONG BODY,ELITE(70),ELITE(70)
Sheet6,PSL-015,SPARE PART,SPARE PART,SPARE PART
Sheet6,CSS-71,CONCEALED FLANGE HANGLE & SLEEVE,CYGNUS(71),CYGNUS(71)
Sheet6,CSS-75,CONCEALED FLANGE HANGLE & SLEEVE,FREESIA(75),FREESIA(75)
Sheet6,6318-N,CONCEALED STOP COCK 15 MM,ASTRO(63N),ASTRO(63N)
Sheet6,6370-N,WALL MIXER TELEPHONIC,ASTRO(63N),ASTRO(63N)
Sheet6,6396-N,SPOUT TIP TON,ASTRO(63N),ASTRO(63N)
Sheet6,6398-N,FLUSH COCK,ASTRO(63N),ASTRO(63N)
Sheet6,6391-N,SINGLE LEVER CONCEALED DIVERTOR,ASTRO(63N),ASTRO(63N)
Sheet6,6392-N,SINGLE LEVER CONCEALED DIVERTOR HIGH FLOW,ASTRO(63N),ASTRO(63N)
Sheet6,6393-N,SINGLE LEVER CONCEALED DIVERTOR 3 IN ONE,ASTRO(63N),ASTRO(63N)
Sheet6,7191,SINGLE LEVER CONCEALED DIVERTOR,CYGNUS(71),CYGNUS(71)
Sheet6,7652,SINGLE LIVER BASIN MIXER TALL HIGHT,MACASA(76),MACASA(76)
Sheet6,6603,PILLAR COCK TALL HIGHT,VINCENT(66),VINCENT(66)
Sheet6,6454,SINGLE LEVER BASIN MIXER WALL MONTED,BALAGRA (64),BALAGRA (64)
Sheet6,6654,SINGLE LEVER BASIN MIXER WALL MONTED,VINCENT(66),VINCENT(66)
Sheet6,PIF-051,SPARE PART,SPARE PART,SPARE PART
Sheet6,7570,WALL MIXER TELEPHONIC,FREESIA(75),FREESIA(75)
Sheet6,PHN-004,SPARE PART,SPARE PART,SPARE PART
Sheet6,8714-N,PILLAR COCK SINK TAP (T/M ),LOTS(87N),LOTS(87N)
Sheet6,7014,PILLAR COCK SINK TAP (T/M ),ELITE(70),ELITE(70)
Sheet6,7020,CONCEALED STOP COCK 20 MM,ELITE(70),ELITE(70)
Sheet6,9376,"SINGLE LEVER WALL MIXER ""L"" BEND (EXPOSE TYPE)",LAGUNA(93),LAGUNA(93)
Sheet6,7875-N,WALL MIXER L-BEND,SALSA(78N),SALSA(78N)
Sheet6,7851-N,SINGLE LEVER BASIN MIXER,SALSA(78N),SALSA(78N)
Sheet6,8706-N,BIB COCK (06),LOTS(87N),LOTS(87N)
Sheet6,7011,2-WAY ANGLE COCK (11),ELITE(70),ELITE(70)
Sheet6,7080,WALL MIXER 3IN ONE,ELITE(70),ELITE(70)
Sheet6,7871-N,SINGLE LEVER WALL MIXER,SALSA(78N),SALSA(78N)
Sheet6,PSL-010,SPARE PART,SPARE PART,SPARE PART
Sheet6,PHN-055,SPARE PART,SPARE PART,SPARE PART
Sheet6,7018,CONCEALED STOP COCK 15 MM,ELITE(70),ELITE(70)
Sheet6,DB-87ON-OFF,DIVERTOR PLATE HANDLE,ALLED,EVIAN (87)
Sheet6,DB-89 ON-OFF,DIVERTOR PLATE HANDLE,ALLED,OPUS(89)
Sheet6,8993-ON-OFF,SINGLE LEVER CONCEALED DIVERTOR 3 IN ONE,OPUS(89),OPUS(89)
Sheet6,7050,CENTER HOLE BASIN MIXER,ELITE(70),ELITE(70)
Sheet6,7055,SINK MIXER ( W/M),ELITE(70),ELITE(70)
Sheet6,7802-N,PILLAR COCK (02),SALSA(78N),SALSA(78N)
Sheet6,7808-N,BIB COCK LONG BODY,SALSA(78N),SALSA(78N)
Sheet6,7850-N,CENTER HOLE BASIN MIXER,SALSA(78N),SALSA(78N)
Sheet6,9371-N,SINGLE LEVER WALL MIXER,KORA(93-N),KORA(93-N)
Sheet6,9952,SINGLE LIVER BASIN MIXER TALL HIGHT,OCTAVIA(99),OCTAVIA(99)
Sheet6,9193,SINGLE LEVER CONCEALED DIVERTOR 3 IN ONE,GALA(91),GALA(91)
Sheet6,7635C,,MACASA(76),
Sheet6,7640F,,MACASA(76),
Sheet6,7646H,,MACASA(76),
Sheet6,7650I,CENTER HOLE BASIN MIXER,MACASA(76),MACASA(76)
Sheet6,7835C,,URBONA(78),
Sheet6,7840F,,URBONA(78),
Sheet6,7846H,,URBONA(78),
Sheet6,7850-I,CENTER HOLE BASIN MIXER,URBONA(78),URBONA(78)
Sheet6,7935C,,INOX(79),
Sheet6,7940F,,INOX(79),
Sheet6,7946H,,INOX(79),
Sheet6,7950I,CENTER HOLE BASIN MIXER,INOX(79),INOX(79)
Sheet6,7F35C,,,
Sheet6,7F40F,,,
Sheet6,7F46H,,,
Sheet6,7F50I,CENTER HOLE BASIN MIXER,,
Sheet6,8140 F,,,
Sheet6,8146h,,,
Sheet6,8150I,CENTER HOLE BASIN MIXER,,
Sheet6,8302F,PILLAR COCK (02),,
Sheet6,8740F,,,
Sheet6,8746H,,,
Sheet6,8935 C,,,
Sheet6,8940F,,,
Sheet6,8950-I,CENTER HOLE BASIN MIXER,,
Sheet6,9035 C,,,
Sheet6,9040F,,,
Sheet6,9046H,,,
Sheet6,9050I,CENTER HOLE BASIN MIXER,,
Sheet6,BB-79 ON-OFF,BASIN MIXER PALTE HANDLE,,
Sheet6,BB-81-ON-OFF,BASIN MIXER PALTE HANDLE,,
Sheet6,BSC 90,,,
Sheet6,CGS-15,,,
Sheet6,CGS-20,,,
Sheet6,CHS-74,,,
Sheet6,CHS-76,,,
Sheet6,CHS-77,,,
Sheet6,CHS-78,,,
Sheet6,CHS-79,,,
Sheet6,CHS-79F,,,
Sheet6,CHS-81,,,
Sheet6,CHS-82,,,
Sheet6,CHS-86,,,
Sheet6,CHS-87,,,
Sheet6,CHS-88,,,
Sheet6,CHS-90,,,
Sheet6,CPS-73,CONCEALED FLANGE HANGLE & SLEEVE,,
Sheet6,CPS-84,CONCEALED FLANGE HANGLE & SLEEVE,,
Sheet6,CPS-89,CONCEALED FLANGE HANGLE & SLEEVE,,
Sheet6,CSP11,,,
Sheet6,CSS,,,
Sheet6,CSS-84,,,
Sheet6,CSS-86,,,
Sheet6,D 5751,,,
Sheet6,D-35M,,,
Sheet6,D-3IN,,,
Sheet6,D-40M,DIVERTOR BODY,,ALLED
Sheet6,D-5120,,,
Sheet6,D-5891,,,
Sheet6,DHF,,,
Sheet6,DPH 79,,,
Sheet6,DPH-76,,,
Sheet6,DPH-78,,,
Sheet6,DPH-79F,,,
Sheet6,DPH-81,,,
Sheet6,DPH-87,,,
Sheet6,DPH-89,,,
Sheet6,DPH-90,,,
Sheet6,DPH-93,,,LAGUNA(93)
Sheet6,DPH-94,,,
Sheet6,DPH-98,,,
Sheet6,DPH79F,,,
Sheet6,DSC 02,,,
Sheet6,FL04,,,
Sheet6,GOLD B-151,,,
Sheet6,I-162,BALL COCK,,DROPLETS
Sheet6,I-163,BALL COCK,,DROPLETS
Sheet6,I-168,BALL COCK,,DROPLETS
Sheet6,I-174,BALL COCK,,DROPLETS
Sheet6,PFG-003,SPARE PART,,SPARE PART
Sheet6,PFG-004,SPARE PART,,SPARE PART
Sheet6,PFG-007,SPARE PART,,SPARE PART
Sheet6,PFG-008,SPARE PART,,SPARE PART
Sheet6,PFG-009,SPARE PART,,SPARE PART
Sheet6,PFG-010,SPARE PART,,SPARE PART
Sheet6,PFG-011,SPARE PART,,SPARE PART
Sheet6,PFG-013,SPARE PART,,SPARE PART
Sheet6,PFG-015,SPARE PART,,SPARE PART
Sheet6,PFG-017,SPARE PART,,SPARE PART
Sheet6,PFG-018,SPARE PART,,SPARE PART
Sheet6,PFG-019,SPARE PART,,SPARE PART
Sheet6,PFV-006,SPARE PART,,SPARE PART
Sheet6,PFV-007,SPARE PART,,SPARE PART
Sheet6,PFV-011,SPARE PART,,SPARE PART
Sheet6,PFV-012,SPARE PART,,SPARE PART
Sheet6,PFV-013,SPARE PART,,SPARE PART
Sheet6,PFV-014,SPARE PART,,SPARE PART
Sheet6,PFV-017,SPARE PART,,SPARE PART
Sheet6,PFV-019,SPARE PART,,SPARE PART
Sheet6,PFV-020,SPARE PART,,SPARE PART
Sheet6,PFV-021,SPARE PART,,SPARE PART
Sheet6,PFV-022,SPARE PART,,SPARE PART
Sheet6,PFV-023,SPARE PART,,SPARE PART
Sheet6,PFV-026,SPARE PART,,SPARE PART
Sheet6,PHN-001,SPARE PART,,SPARE PART
Sheet6,PHN-002,SPARE PART,,SPARE PART
Sheet6,PHN-003,SPARE PART,,SPARE PART
Sheet6,PHN-005,SPARE PART,,SPARE PART
Sheet6,PHN-006,SPARE PART,,SPARE PART
Sheet6,PHN-007,SPARE PART,,SPARE PART
Sheet6,PHN-009,SPARE PART,,SPARE PART
Sheet6,PHN-010,SPARE PART,,SPARE PART
Sheet6,PHN-011,SPARE PART,,SPARE PART
Sheet6,PHN-012,SPARE PART,,SPARE PART
Sheet6,PHN-013,SPARE PART,,SPARE PART
Sheet6,PHN-014,SPARE PART,,SPARE PART
Sheet6,PHN-015,SPARE PART,,SPARE PART
Sheet6,PHN-016,SPARE PART,,SPARE PART
Sheet6,PHN-017,SPARE PART,,SPARE PART
Sheet6,PHN-018,SPARE PART,,SPARE PART
Sheet6,PHN-019,SPARE PART,,SPARE PART
Sheet6,PHN-020,SPARE PART,,SPARE PART
Sheet6,PHN-021,SPARE PART,,SPARE PART
Sheet6,PHN-023,SPARE PART,,SPARE PART
Sheet6,PHN-024,SPARE PART,,SPARE PART
Sheet6,PHN-025,SPARE PART,,SPARE PART
Sheet6,PHN-026,SPARE PART,,SPARE PART
Sheet6,PHN-028,SPARE PART,,SPARE PART
Sheet6,PHN-030,SPARE PART,,SPARE PART
Sheet6,PHN-032,SPARE PART,,SPARE PART
Sheet6,PHN-033,SPARE PART,,SPARE PART
Sheet6,PHN-034,SPARE PART,,SPARE PART
Sheet6,PHN-035,SPARE PART,,SPARE PART
Sheet6,PHN-036,SPARE PART,,SPARE PART
Sheet6,PHN-038,SPARE PART,,SPARE PART
Sheet6,PHN-040,SPARE PART,,SPARE PART
Sheet6,PHN-042,SPARE PART,,SPARE PART
Sheet6,PHN-044,SPARE PART,,SPARE PART
Sheet6,PHN-045,SPARE PART,,SPARE PART
Sheet6,PHN-047,SPARE PART,,SPARE PART
Sheet6,PHN-049,SPARE PART,,SPARE PART
Sheet6,PHN-050,SPARE PART,,SPARE PART
Sheet6,PHN-052,SPARE PART,,SPARE PART
Sheet6,PHN-053,SPARE PART,,SPARE PART
Sheet6,PHN-054,SPARE PART,,SPARE PART
Sheet6,PHN-056,SPARE PART,,SPARE PART
Sheet6,PHN-058,SPARE PART,,SPARE PART
Sheet6,PHN-061,SPARE PART,,SPARE PART
Sheet6,PHN-062,SPARE PART,,SPARE PART
Sheet6,PHN-063,SPARE PART,,SPARE PART
Sheet6,PHN-065,SPARE PART,,SPARE PART
Sheet6,PHN-066,SPARE PART,,SPARE PART
Sheet6,PHN-067,SPARE PART,,SPARE PART
Sheet6,PHN-070,SPARE PART,,SPARE PART
Sheet6,PHN-071,SPARE PART,,SPARE PART
Sheet6,PHN-073,SPARE PART,,SPARE PART
Sheet6,PHN-075,SPARE PART,,SPARE PART
Sheet6,PHN-077,SPARE PART,,SPARE PART
Sheet6,PHN-078,SPARE PART,,SPARE PART
Sheet6,PHN-080,SPARE PART,,SPARE PART
Sheet6,PHN-082,SPARE PART,,SPARE PART
Sheet6,PHN-083,SPARE PART,,SPARE PART
Sheet6,PHN-090,SPARE PART,,SPARE PART
Sheet6,PHN-092,SPARE PART,,SPARE PART
Sheet6,PHN-093,SPARE PART,,SPARE PART
Sheet6,PHN-097,SPARE PART,,SPARE PART
Sheet6,PHN-100,SPARE PART,,SPARE PART
Sheet6,PHN-101,SPARE PART,,SPARE PART
Sheet6,PHN-102,SPARE PART,,SPARE PART
Sheet6,PHN-106,SPARE PART,,SPARE PART
Sheet6,PHN-107,SPARE PART,,SPARE PART
Sheet6,PHN-109,SPARE PART,,SPARE PART
Sheet6,PHN-110,SPARE PART,,SPARE PART
Sheet6,PHN-113,SPARE PART,,SPARE PART
Sheet6,PHN-114,SPARE PART,,SPARE PART
Sheet6,PHN-116,SPARE PART,,SPARE PART
Sheet6,PHN-117,SPARE PART,,SPARE PART
Sheet6,PHN-118,SPARE PART,,SPARE PART
Sheet6,PIF-009,SPARE PART,,SPARE PART
Sheet6,PIF-016,SPARE PART,,SPARE PART
Sheet6,PIF-017,SPARE PART,,SPARE PART
Sheet6,PIF-020,SPARE PART,,SPARE PART
Sheet6,PIF-021,SPARE PART,,SPARE PART
Sheet6,PIF-022,SPARE PART,,SPARE PART
Sheet6,PIF-023,SPARE PART,,SPARE PART
Sheet6,PIF-024,SPARE PART,,SPARE PART
Sheet6,PIF-026,SPARE PART,,SPARE PART
Sheet6,PIF-027,SPARE PART,,SPARE PART
Sheet6,PIF-029,SPARE PART,,SPARE PART
Sheet6,PIF-030,SPARE PART,,SPARE PART
Sheet6,PIF-031,SPARE PART,,SPARE PART
Sheet6,PIF-032,SPARE PART,,SPARE PART
Sheet6,PIF-033,SPARE PART,,SPARE PART
Sheet6,PIF-034,SPARE PART,,SPARE PART
Sheet6,PIF-035,SPARE PART,,SPARE PART
Sheet6,PIF-036,SPARE PART,,SPARE PART
Sheet6,PIF-037,SPARE PART,,SPARE PART
Sheet6,PIF-038,SPARE PART,,SPARE PART
Sheet6,PIF-039,SPARE PART,,SPARE PART
Sheet6,PIF-043,SPARE PART,,SPARE PART
Sheet6,PIF-044,SPARE PART,,SPARE PART
Sheet6,PIF-045,SPARE PART,,SPARE PART
Sheet6,PIF-049,SPARE PART,,SPARE PART
Sheet6,PIF-050,SPARE PART,,SPARE PART
Sheet6,PMS-001,SPARE PART,,SPARE PART
Sheet6,PMS-002,SPARE PART,,SPARE PART
Sheet6,PMS-003,SPARE PART,,SPARE PART
Sheet6,PMS-004,SPARE PART,,SPARE PART
Sheet6,PMS-005,SPARE PART,,SPARE PART
Sheet6,PMS-006,SPARE PART,,SPARE PART
Sheet6,PMS-007,SPARE PART,,SPARE PART
Sheet6,PMS-008,SPARE PART,,SPARE PART
Sheet6,PMS-009,SPARE PART,,SPARE PART
Sheet6,PMS-010,SPARE PART,,SPARE PART
Sheet6,PMS-011,SPARE PART,,SPARE PART
Sheet6,PMS-012,SPARE PART,,SPARE PART
Sheet6,PMS-013,SPARE PART,,SPARE PART
Sheet6,PMS-015,SPARE PART,,SPARE PART
Sheet6,PMS-016,SPARE PART,,SPARE PART
Sheet6,PMS-017,SPARE PART,,SPARE PART
Sheet6,PMS-018,SPARE PART,,SPARE PART
Sheet6,PMS-019,SPARE PART,,SPARE PART
Sheet6,PMS-021,SPARE PART,,SPARE PART
Sheet6,PMS-022,SPARE PART,,SPARE PART
Sheet6,PMS-023,SPARE PART,,SPARE PART
Sheet6,PMS-031,SPARE PART,,SPARE PART
Sheet6,PMS-035,SPARE PART,,SPARE PART
Sheet6,PMS-036,SPARE PART,,SPARE PART
Sheet6,PMS-038,SPARE PART,,SPARE PART
Sheet6,PMS-039,SPARE PART,,SPARE PART
Sheet6,PMS-040,SPARE PART,,SPARE PART
Sheet6,PMS-041,SPARE PART,,SPARE PART
Sheet6,PMS-042,SPARE PART,,SPARE PART
Sheet6,PMS-043,SPARE PART,,SPARE PART
Sheet6,PMS-044,SPARE PART,,SPARE PART
Sheet6,PMS-045,SPARE PART,,SPARE PART
Sheet6,PMS-046,SPARE PART,,SPARE PART
Sheet6,PMS-047,SPARE PART,,SPARE PART
Sheet6,PMS-048,SPARE PART,,SPARE PART
Sheet6,PMS-049,SPARE PART,,SPARE PART
Sheet6,PMS-050,SPARE PART,,SPARE PART
Sheet6,PMS-051,SPARE PART,,SPARE PART
Sheet6,PMS-053,SPARE PART,,SPARE PART
Sheet6,PMS-054,SPARE PART,,SPARE PART
Sheet6,PMS-055,SPARE PART,,SPARE PART
Sheet6,PMS-056,SPARE PART,,SPARE PART
Sheet6,PMS-057,SPARE PART,,SPARE PART
Sheet6,PMS-058,SPARE PART,,SPARE PART
Sheet6,PMS-059,SPARE PART,,SPARE PART
Sheet6,PMS-060,SPARE PART,,SPARE PART
Sheet6,PMS-061,SPARE PART,,SPARE PART
Sheet6,PMS-062,SPARE PART,,SPARE PART
Sheet6,PMS-063,SPARE PART,,SPARE PART
Sheet6,PMS-064,SPARE PART,,SPARE PART
Sheet6,PMS-065,SPARE PART,,SPARE PART
Sheet6,PMS-066,SPARE PART,,SPARE PART
Sheet6,PMS-067,SPARE PART,,SPARE PART
Sheet6,PMS-068,SPARE PART,,SPARE PART
Sheet6,PMS-070,SPARE PART,,SPARE PART
Sheet6,PMS-071,SPARE PART,,SPARE PART
Sheet6,PMS-073,SPARE PART,,SPARE PART
Sheet6,PMS-074,SPARE PART,,SPARE PART
Sheet6,PMS-076,SPARE PART,,SPARE PART
Sheet6,PMS-077,SPARE PART,,SPARE PART
Sheet6,PMS-078,SPARE PART,,SPARE PART
Sheet6,PMS-080,SPARE PART,,SPARE PART
Sheet6,PSL-007,SPARE PART,,SPARE PART
Sheet6,PSL-009,SPARE PART,,SPARE PART
Sheet6,PSL-012,SPARE PART,,SPARE PART
Sheet6,PSN-001,SPARE PART,,SPARE PART
Sheet6,PSN-002,SPARE PART,,SPARE PART
Sheet6,PSN-003,SPARE PART,,SPARE PART
Sheet6,PSN-004,SPARE PART,,SPARE PART
Sheet6,PSN-005,SPARE PART,,SPARE PART
Sheet6,PSN-006,SPARE PART,,SPARE PART
Sheet6,6110,ANGLE COCK (10),,EMERALD(61)
Sheet6,6111,2-WAY ANGLE COCK (11),,EMERALD(61)
Sheet6,8610 D,ANGLE COCK (10),,
Sheet6,8611-D,2-WAY ANGLE COCK (11),,
Sheet6,9610,ANGLE COCK (10),,
Sheet6,D-5810,,,
Sheet6,8050,CENTER HOLE BASIN MIXER,,
Sheet6,8650 D,CENTER HOLE BASIN MIXER,,
Sheet6,9150,CENTER HOLE BASIN MIXER,,
Sheet6,9451,SINGLE LEVER BASIN MIXER,,
Sheet6,9651,SINGLE LEVER BASIN MIXER,,
Sheet6,9654,,,
Sheet6,9853,SINGLE LEVER BASIN MIXER,,
Sheet6,D 5151,,,
Sheet6,D-5151,,,
Sheet6,D-5351,,,
Sheet6,D-5751,,,
Sheet6,D-5851,,,
Sheet6,D-5951,,,
Sheet6,6106,BIB COCK (06),,EMERALD(61)
Sheet6,6108,BIB COCK LONG BODY,,EMERALD(61)
Sheet6,6112,2-WAY BIB COCK (12),,EMERALD(61)
Sheet6,7905,BIB COCK NOZZLE,,
Sheet6,8208F,BIB COCK LONG BODY,,
Sheet6,8209,BIB COCK LONG NOSE,,
Sheet6,8606 D,BIB COCK (06),,
Sheet6,8608 D,BIB COCK LONG BODY,,
Sheet6,8612 D,2-WAY BIB COCK (12),,
Sheet6,9408,BIB COCK LONG BODY,,
Sheet6,9906,BIB COCK (06),,
Sheet6,D-5106,,,
Sheet6,D-5608,,,
Sheet6,D-5908,,,
Sheet6,D-9006,,,
Sheet6,6118,CONCEALED STOP COCK 15 MM,,EMERALD(61)
Sheet6,8020,CONCEALED STOP COCK 20 MM,,
Sheet6,8618 D,CONCEALED STOP COCK 15 MM,,
Sheet6,9720,CONCEALED STOP COCK 20 MM,,
Sheet6,6891-OF,SINGLE LEVER CONCEALED DIVERTOR,,MARCUS(68)
Sheet6,8092,SINGLE LEVER CONCEALED DIVERTOR HIGH FLOW,,
Sheet6,8291,SINGLE LEVER CONCEALED DIVERTOR,,
Sheet6,8891,SINGLE LEVER CONCEALED DIVERTOR,,
Sheet6,9393,SINGLE LEVER CONCEALED DIVERTOR 3 IN ONE,,LAGUNA(93)
Sheet6,9492,SINGLE LEVER CONCEALED DIVERTOR HIGH FLOW,,
Sheet6,9493,SINGLE LEVER CONCEALED DIVERTOR 3 IN ONE,,
Sheet6,9791,SINGLE LEVER CONCEALED DIVERTOR,,
Sheet6,9792,SINGLE LEVER CONCEALED DIVERTOR HIGH FLOW,,
Sheet6,9793,SINGLE LEVER CONCEALED DIVERTOR 3 IN ONE,,
Sheet6,9946-H,,,
Sheet6,9950-I,CENTER HOLE BASIN MIXER,,
Sheet6,9992,SINGLE LEVER CONCEALED DIVERTOR HIGH FLOW,,
Sheet6,D-5892,,,
Sheet6,PD-40 F ON/OFF,DIVERTOR BODY,,ALLED
Sheet6,PD-46,DIVERTOR BODY,,ALLED
Sheet6,8698,FLUSH COCK,,
Sheet6,8898,FLUSH COCK,,
Sheet6,9298,FLUSH COCK,,
Sheet6,BA-67,,,
Sheet6,6102,PILLAR COCK (02),,EMERALD(61)
Sheet6,8202F,PILLAR COCK (02),,
Sheet6,8403,PILLAR COCK TALL HIGHT,,
Sheet6,8602-D,PILLAR COCK (02),,
Sheet6,D-5102,,,
Sheet6,D-5402,,,
Sheet6,D-5502,,,
Sheet6,D-5602,,,
Sheet6,D-5702,,,
Sheet6,D-5802,,,
Sheet6,D-5902,,,
Sheet6,D 5516,,,
Sheet6,D-5516,,,
Sheet6,8655 D,,,
Sheet6,9160,SINK MIXER (T/M),,
Sheet6,9356,SINGLE LEVER SINK MIXER W/M,,LAGUNA(93)
Sheet6,7495,SPOUT PLAIN,,
Sheet6,7496,,,
Sheet6,7795,SPOUT PLAIN,,
Sheet6,7796,,,
Sheet6,8495,SPOUT PLAIN,,
Sheet6,8496,,,
Sheet6,8660,SINK MIXER (T/M),,
Sheet6,8660-D,SINK MIXER (T/M),,
Sheet6,9295,SPOUT PLAIN,,
Sheet6,9595,SPOUT PLAIN,,
Sheet6,D-5896,,,
Sheet6,8465,WALL MIXER NON TELEPHONIC,,
Sheet6,8665,WALL MIXER NON TELEPHONIC,,
Sheet6,8665 D,WALL MIXER NON TELEPHONIC,,
Sheet6,8675 D,WALL MIXER L-BEND,,
Sheet6,8680-D,WALL MIXER 3IN ONE,,
Sheet6,8870,WALL MIXER TELEPHONIC,,
Sheet6,9165,WALL MIXER NON TELEPHONIC,,
Sheet6,9365,WALL MIXER NON TELEPHONIC,,LAGUNA(93)
Sheet6,BEA-82,HEALTH FAUCET,,CP ACCESSORIES
Sheet6,SE-04,HOOK,,CP ACCESSORIES
Sheet6,BA-56,,,
Sheet6,BA-76,,,
Sheet6,BA-96,,,
Sheet6,BA-97,ROBE HOOK,,CP ACCESSORIES
Sheet6,351,,,
Sheet6,BCP-03,CONNETCION,,CP ACCESSORIES
Sheet6,BEA-52,GLASS SHELF,,CP ACCESSORIES
Sheet6,BHS-98,HAND SHOWER,,CP ACCESSORIES
Sheet6,BOS-85,OVER HEAD SHOWER,,CP ACCESSORIES
Sheet6,BS-1,BATH SET,,CP ACCESSORIES
Sheet6,BSM-02,,,
Sheet6,C-1,,,
Sheet6,C-2,,,
Sheet6,TM-05,,,
Sheet6,AL-61,,,
Sheet6,BH 73,HAND SHOWER,,CP ACCESSORIES
Sheet6,BH 79,HAND SHOWER,,CP ACCESSORIES
Sheet6,BHS-10,HAND SHOWER,,CP ACCESSORIES
Sheet6,BHS-35,HAND SHOWER,,CP ACCESSORIES
Sheet6,BHS-48S,HAND SHOWER,,CP ACCESSORIES
Sheet6,BHS-63,HAND SHOWER,,CP ACCESSORIES
Sheet6,BHS-64,HAND SHOWER,,CP ACCESSORIES
Sheet6,BOS-05,OVER HEAD SHOWER,,CP ACCESSORIES
Sheet6,BOS-33,OVER HEAD SHOWER,,CP ACCESSORIES
Sheet6,BOS-45,OVER HEAD SHOWER,,CP ACCESSORIES
Sheet6,BOS-70,OVER HEAD SHOWER,,CP ACCESSORIES
Sheet6,BOS-72,OVER HEAD SHOWER,,CP ACCESSORIES
Sheet6,BOS-73,OVER HEAD SHOWER,,CP ACCESSORIES
Sheet6,BOS-76,OVER HEAD SHOWER,,CP ACCESSORIES
Sheet6,BOS-78,OVER HEAD SHOWER,,CP ACCESSORIES
Sheet6,BOS-89,OVER HEAD SHOWER,,CP ACCESSORIES
Sheet6,BOS-98S,OVER HEAD SHOWER,,CP ACCESSORIES
Sheet6,BOS-99,OVER HEAD SHOWER,,CP ACCESSORIES
Sheet6,BOS-99S,OVER HEAD SHOWER,,CP ACCESSORIES
Sheet6,BS-11,OVER HEAD SHOWER,,CP ACCESSORIES
Sheet6,BS-13,OVER HEAD SHOWER,,CP ACCESSORIES
Sheet6,BS-38,OVER HEAD SHOWER,,CP ACCESSORIES
Sheet6,BSD-05,,,
Sheet6,BA-75,SOAP DISH,,CP ACCESSORIES
Sheet6,BA-95,SOAP DISH,,CP ACCESSORIES
Sheet6,BA-52,TOWEL RACK,,CP ACCESSORIES
Sheet6,BA-72,TOWEL RACK,,CP ACCESSORIES
Sheet6,BA-90,TOWEL RAIL,,CP ACCESSORIES
Sheet6,BA-91,TOWEL RING,,CP ACCESSORIES
Sheet6,BA-92,TOWEL RACK,,CP ACCESSORIES
Sheet6,SS-1,,,
Sheet6,BEA-12S,WASTE COUPLING,,CP ACCESSORIES
Sheet6,D5002,,,
Sheet6,PMS-089,SPARE PART,,SPARE PART
Sheet6,UFO-11,VALVE,,CP ACCESSORIES
Sheet6,PFG-026,SPARE PART,,SPARE PART
Sheet6,PFG-025,SPARE PART,,SPARE PART
Sheet6,9001,BIB COCK NOZZLE,,
Sheet6,D-5006,,,
Sheet6,CSS-6000,,,
Sheet6,DB-98-3IN,DIVERTOR PLATE HANDLE,,DAWN (98)
Sheet6,W-211,,,
Sheet6,O-120,,,
Sheet6,PHN-151,,,
Sheet6,BA-70,,,
Sheet6,BHS-94,,,
Sheet6,BOS-94S,,,
Sheet6,EPC-02,,,
Sheet6,CPS-66,CONCEALED FLANGE HANGLE & SLEEVE,,
Sheet6,PWH-030,Trading,Trading,SANITARYWARE
Sheet6,BWH-015,Trading,,SANITARYWARE
Sheet6,BOS-71,,,
Sheet6,BOS-74,,,
Sheet6,BLM-03,GLASS,GLASS,GLASS
Sheet6,BLM-03 F,GLASS,GLASS,GLASS
Sheet6,BLM-1F,GLASS,GLASS,GLASS
Sheet6,BOS-32,,,
Sheet6,W-212,,,
Sheet6,8852,SINGLE LIVER BASIN MIXER TALL HIGHT,,
Sheet6,BOS-98,,,
Sheet6,7598,FLUSH COCK,,
Sheet6,7551,SINGLE LEVER BASIN MIXER,,FREESIA(75)
Sheet6,7591,SINGLE LEVER CONCEALED DIVERTOR,,FREESIA(75)
Sheet6,7592,SINGLE LEVER CONCEALED DIVERTOR HIGH FLOW,,FREESIA(75)
Sheet6,7593,SINGLE LEVER CONCEALED DIVERTOR 3 IN ONE,,FREESIA(75)
Sheet6,7554,SINGLE LEVER BASIN MIXER WALL MONTED,,FREESIA(75)
Sheet6,PICO-03,,,
Sheet6,W-202,SS WASH BESIN,,CP ACCESSORIES
Sheet6,BWH-010,Trading,,SANITARYWARE
Sheet6,P6854,,,
Sheet6,P6896,BATH TUB SPOUT TIP TON WITH FLANGE,,VIRGO(P66)
Sheet6,P6898,,,
Sheet6,P6893,,,
Sheet6,BEA-13CL,WASTE COUPLING,CP ACCESSORIES,CP ACCESSORIES
Sheet6,BOS-102,OVER HEAD SHOWER,,CP ACCESSORIES
Sheet6,BCT04S,CONNETCION,,CP ACCESSORIES
Sheet6,BCT05S,CONNETCION,,CP ACCESSORIES
Sheet6,BCT06S,CONNETCION,,CP ACCESSORIES
Sheet6,BEA-102,HEALTH FAUCET,,CP ACCESSORIES
Sheet6,BOS-106,OVER HEAD SHOWER,,CP ACCESSORIES
Sheet6,BOS-106A,OVER HEAD SHOWER,,CP ACCESSORIES
Sheet6,P6651,SINGLE LEVER BASIN MIXER,VIRGO(P66),VIRGO(P66)
Sheet6,P6654,SINGLE LEVER BASIN MIXER WALL MONTED,VIRGO(P66),VIRGO(P66)
Sheet6,P6691,SINGLE LEVER CONCEALED DIVERTOR,VIRGO(P66),VIRGO(P66)
Sheet6,P6693,SINGLE LEVER CONCEALED DIVERTOR 3 IN ONE,VIRGO(P66),VIRGO(P66)
Sheet6,P6618,CONCEALED STOP COCK 15 MM,VIRGO(P66),VIRGO(P66)
Sheet6,P6698,FLUSH COCK,VIRGO(P66),VIRGO(P66)
Sheet6,I-164,BALL COCK,,DROPLETS
Sheet6,TTS-02,TEFELON TAPE,CP ACCESSORIES,CP ACCESSORIES
Sheet6,BEA-105,TEFELON TAPE,CP ACCESSORIES,CP ACCESSORIES
Sheet6,BEA-105A,HEALTH FAUCET,CP ACCESSORIES,CP ACCESSORIES
Sheet6,BEA-106,HEALTH FAUCET,CP ACCESSORIES,CP ACCESSORIES
Sheet6,BEA-81A,HEALTH FAUCET,CP ACCESSORIES,CP ACCESSORIES
Sheet6,BROMO-06,GEYSER,CP ACCESSORIES,CP ACCESSORIES
Sheet6,BOS-04,OVER HEAD SHOWER,CP ACCESSORIES,CP ACCESSORIES
Sheet6,BHS-50,SHOWER RAIL,CP ACCESSORIES,CP ACCESSORIES
Sheet6,BA-30-G,TOWEL RAIL,,CP ACCESSORIES
Sheet6,BH-78R,HAND SHOWER,CP ACCESSORIES,CP ACCESSORIES
Sheet6,BH-79B,HAND SHOWER,CP ACCESSORIES,CP ACCESSORIES
Sheet6,BOS-41B,OVER HEAD SHOWER,CP ACCESSORIES,CP ACCESSORIES
Sheet6,BS-78R,OVER HEAD SHOWER,CP ACCESSORIES,CP ACCESSORIES
Sheet6,BBEA-41,HEALTH FAUCET,CP ACCESSORIES,CP ACCESSORIES
Sheet6,BEA-15B,WASTE COUPLING,ALLED,ALLED
Sheet6,BOS-42B,OVER HEAD SHOWER,CP ACCESSORIES,CP ACCESSORIES
Sheet6,BOS-48B,OVER HEAD SHOWER,CP ACCESSORIES,CP ACCESSORIES
Sheet6,BS-2B,OVER HEAD SHOWER,CP ACCESSORIES,CP ACCESSORIES
Sheet6,BS-2G,OVER HEAD SHOWER,CP ACCESSORIES,CP ACCESSORIES
Sheet6,BS-2R,OVER HEAD SHOWER,CP ACCESSORIES,CP ACCESSORIES
Sheet6,BROMO-50,GEYSER,CP ACCESSORIES,CP ACCESSORIES
Sheet6,O-102,ORISA PEN,CP ACCESSORIES,CP ACCESSORIES
Sheet6,492-B,LIQUID SOAP DISPENSER,CP ACCESSORIES,CP ACCESSORIES
Sheet6,492-W,LIQUID SOAP DISPENSER,CP ACCESSORIES,CP ACCESSORIES
Sheet6,493-B,LIQUID SOAP DISPENSER,CP ACCESSORIES,CP ACCESSORIES
Sheet6,493-W,LIQUID SOAP DISPENSER,CP ACCESSORIES,CP ACCESSORIES
Sheet6,BBEA-15,WASTE COUPLING,CP ACCESSORIES,CP ACCESSORIES
Sheet6,BEA-17A,JET SPRAY,CP ACCESSORIES,CP ACCESSORIES
Sheet6,BEA-87B,HEALTH FAUCET,CP ACCESSORIES,CP ACCESSORIES
Sheet6,RB-45,RAG BOLT,CP ACCESSORIES,SANITARYWARE
Sheet6,PHN-154,SPARE PART,CP ACCESSORIES,SPARE PART
Sheet6,6602-B,PILLAR COCK (02),ZADE(66B),ZADE(66 BLACK)
Sheet6,6606-B,BIB COCK (06),ZADE(66B),ZADE(66 BLACK)
Sheet6,6608-B,BIB COCK LONG BODY,ZADE(66B),ZADE(66 BLACK)
Sheet6,6610-B,ANGLE COCK (10),ZADE(66B),ZADE(66 BLACK)
Sheet6,6611-B,2-WAY ANGLE COCK (11),ZADE(66B),ZADE(66 BLACK)
Sheet6,6612-B,2-WAY BIB COCK (12),ZADE(66B),ZADE(66 BLACK)
Sheet6,6614-B,PILLAR COCK SINK TAP (T/M ),ZADE(66B),ZADE(66 BLACK)
Sheet6,6618-B,CONCEALED STOP COCK 15 MM,ZADE(66B),ZADE(66 BLACK)
Sheet6,6802-RG,PILLAR COCK (02),SAPPHIRE(68G),SAPPHIRE(68 GOLD)
Sheet6,7102-B,PILLAR COCK (02),ZIRCON(71B),ZIRCON(71 BLACK)
Sheet6,7890,SINGLE LEVER CONCEALED DIVERTOR,URBONA(78),URBONA(78)
Sheet6,DP-79F,JET DIVERTOR BODY,SAGA(79F),SAGA(79F)
Sheet6,8712-N,2-WAY BIB COCK (12),LOTUS(87-N),LOTUS(87-N)
Sheet6,8708,BIB COCK LONG BODY,EVIAN (87),EVIAN (87)
Sheet6,7110-G,ANGLE COCK (10),ZIRCON(71 GOLD),ZIRCON(71 GOLD)
Sheet6,7111-G,2-WAY ANGLE COCK (11),ZIRCON(71 GOLD),ZIRCON(71 GOLD)
Sheet6,7112-G,2-WAY BIB COCK (12),ZIRCON(71 GOLD),ZIRCON(71 GOLD)
Sheet6,7155-G,SINK MIXER ( W/M),ZIRCON(71 GOLD),ZIRCON(71 GOLD)
Sheet6,7106-G,BIB COCK (06),ZIRCON(71 GOLD),ZIRCON(71 GOLD)
Sheet6,7104-G,PILLAR COCK EXTENDED BODY,ZIRCON(71 GOLD),ZIRCON(71 GOLD)
Sheet6,7104-RG,PILLAR COCK EXTENDED BODY,ZIRCON(71 ROSE GOLD),ZIRCON(71 ROSE GOLD)
Sheet6,7104-B,PILLAR COCK EXTENDED BODY,ZIRCON(71 BLACK),ZIRCON(71 BLACK)
Sheet6,7195-RG,SPOUT PLAIN,ZIRCON(71 ROSE GOLD),ZIRCON(71 ROSE GOLD)
Sheet6,7195-B,SPOUT PLAIN,ZIRCON(71 BLACK),ZIRCON(71 BLACK)
Sheet6,DB-75-H,DIVERTOR PLATE HANDLE,GARNET(75),GARNET(75)
Sheet6,DB-79 F-H,DIVERTOR PLATE HANDLE,INOX(79),INOX(79)
Sheet6,DB-71-RG,DIVERTOR PLATE HANDLE,ZIRCON(71 ROSE GOLD),ZIRCON(71 ROSE GOLD)
Sheet6,DB-71-B,DIVERTOR PLATE HANDLE,ZIRCON(71 BLACK),ZIRCON(71 BLACK)
Sheet6,7102-RG,PILLAR COCK (02),ZIRCON(71 ROSE GOLD),ZIRCON(71 ROSE GOLD)
Sheet6,7103-G,PILLAR COCK TALL HIGHT,ZIRCON(71 GOLD),ZIRCON(71 GOLD)
Sheet6,7103-RG,PILLAR COCK TALL HIGHT,ZIRCON(71 ROSE GOLD),ZIRCON(71 ROSE GOLD)
Sheet6,7103-B,PILLAR COCK TALL HIGHT,ZIRCON(71 BLACK),ZIRCON(71 BLACK)
Sheet6,6102-RG,PILLAR COCK (02),LAGOON(61 ROSE GOLD),LAGOON(61 ROSE GOLD)
Sheet6,6120-RG,CONCEALED STOP COCK 20 MM,LAGOON(61 ROSE GOLD),LAGOON(61 ROSE GOLD)
Sheet6,6106-RG,BIB COCK (06),LAGOON(61 ROSE GOLD),LAGOON(61 ROSE GOLD)
Sheet6,6112-RG,2-WAY BIB COCK (12),LAGOON(61 ROSE GOLD),LAGOON(61 ROSE GOLD)
Sheet6,6114-RG,PILLAR COCK SINK TAP (T/M ),LAGOON(61 ROSE GOLD),LAGOON(61 ROSE GOLD)
Sheet6,6810-G,ANGLE COCK (10),SAPPHIRE (68 GOLD),SAPPHIRE (68 GOLD)
Sheet6,6895-G,SPOUT PLAIN,SAPPHIRE (68 GOLD),SAPPHIRE (68 GOLD)
Sheet6,6802-G,PILLAR COCK (02),SAPPHIRE (68 GOLD),SAPPHIRE (68 GOLD)
Sheet6,6803-G,PILLAR COCK TALL HIGHT,SAPPHIRE (68 GOLD),SAPPHIRE (68 GOLD)
Sheet6,6804-G,PILLAR COCK EXTENDED BODY,SAPPHIRE (68 GOLD),SAPPHIRE (68 GOLD)
Sheet6,6808-G,BIB COCK LONG BODY,SAPPHIRE (68 GOLD),SAPPHIRE (68 GOLD)
Sheet6,6820-G,CONCEALED STOP COCK 20 MM,SAPPHIRE (68 GOLD),SAPPHIRE (68 GOLD)
Sheet6,6106-B,BIB COCK (06),LAGOON(61 BLACK),LAGOON(61 BLACK)
Sheet6,6120-B,CONCEALED STOP COCK 20 MM,LAGOON(61 BLACK),LAGOON(61 BLACK)
Sheet6,6112-B,2-WAY BIB COCK (12),LAGOON(61 BLACK),LAGOON(61 BLACK)
Sheet6,6116-RG,BIB COCK SINK TAP (W/M),LAGOON(61 ROSE GOLD),LAGOON(61 ROSE GOLD)
Sheet6,6116-B,BIB COCK SINK TAP (W/M),LAGOON(61 BLACK),LAGOON(61 BLACK)
Sheet6,6110-RG,ANGLE COCK (10),LAGOON(61 ROSE GOLD),LAGOON(61 ROSE GOLD)
Sheet6,6102-B,PILLAR COCK (02),LAGOON(61 BLACK),LAGOON(61 BLACK)
Sheet6,6114-B,PILLAR COCK SINK TAP (T/M ),LAGOON(61 BLACK),LAGOON(61 BLACK)
Sheet6,6110-B,ANGLE COCK (10),LAGOON(61 BLACK),LAGOON(61 BLACK)
Sheet6,6103,PILLAR COCK TALL HIGHT,EMERALD(61),EMERALD(61)
Sheet6,6655-B,SINK MIXER ( W/M),ZADE(66 BLACK),ZADE(66 BLACK)
Sheet6,6104-B,PILLAR COCK EXTENDED BODY,LAGOON(61 BLACK),LAGOON(61 BLACK)
Sheet6,7175-RG,WALL MIXER L-BEND,ZIRCON(71 ROSE GOLD),ZIRCON(71 ROSE GOLD)
Sheet6,7110-RG,ANGLE COCK (10),ZIRCON(71 ROSE GOLD),ZIRCON(71 ROSE GOLD)
Sheet6,7114-RG,PILLAR COCK SINK TAP (T/M ),ZIRCON(71 ROSE GOLD),ZIRCON(71 ROSE GOLD)
Sheet6,7106-RG,BIB COCK (06),ZIRCON(71 ROSE GOLD),ZIRCON(71 ROSE GOLD)
Sheet6,7175-B,WALL MIXER L-BEND,ZIRCON(71 BLACK),ZIRCON(71 BLACK)
Sheet6,7110-B,ANGLE COCK (10),ZIRCON(71 BLACK),ZIRCON(71 BLACK)
Sheet6,7114-B,PILLAR COCK SINK TAP (T/M ),ZIRCON(71 BLACK),ZIRCON(71 BLACK)
Sheet6,7106-B,BIB COCK (06),ZIRCON(71 BLACK),ZIRCON(71 BLACK)
Sheet6,6620-B,CONCEALED STOP COCK 20 MM,ZADE(66 BLACK),ZADE(66 BLACK)
Sheet6,6695-B,SPOUT PLAIN,ZADE(66 BLACK),ZADE(66 BLACK)
Sheet6,6696-B,Bath Tub Spout Tip Ton With Flange,ZADE(66 BLACK),ZADE(66 BLACK)
Sheet6,6603-B,PILLAR COCK TALL HIGHT,ZADE(66 BLACK),ZADE(66 BLACK)
Sheet6,7103,PILLAR COCK TALL HIGHT,CYGNUS(71),CYGNUS(71)
Sheet6,DB-90-3 IN,DIVERTOR PLATE HANDLE,EUROPA(90),EUROPA(90)
Sheet6,DB-78-S,DIVERTOR PLATE HANDLE,URBONA(78),URBONA(78)
Sheet6,DB-76-ON-OFF,DIVERTOR PLATE HANDLE,MACASA(76),MACASA(76)
Sheet6,DB-68-H,DIVERTOR PLATE HANDLE,MARCUS(68),MARCUS(68)
Sheet6,6804,PILLAR COCK EXTENDED BODY,MARCUS(68),MARCUS(68)
Sheet6,CSS-79F,CONCEALED FLANGE HANGLE & SLEEVE,SAGA(79F),SAGA(79F)
Sheet6,9308,BIB COCK LONG BODY,LAGUNA(93),LAGUNA(93)
Sheet6,8750-N,CENTER HOLE BASIN MIXER,LOTS(87N),LOTS(87N)
Sheet6,7104,PILLAR COCK EXTENDED BODY,CYGNUS(71),CYGNUS(71)
Sheet6,DB-81-H,DIVERTOR PLATE HANDLE,NIGRA(81),NIGRA(81)
Sheet6,8710-N,ANGLE COCK (10),LOTS(87N),LOTS(87N)
Sheet6,8751-N,SINGLE LEVER BASIN MIXER,LOTS(87N),LOTS(87N)
Sheet6,8708-N,BIB COCK LONG BODY,LOTS(87N),LOTS(87N)
Sheet6,6814-G,PILLAR COCK SINK TAP (T/M ),SAPPHIRE (68 GOLD),SAPPHIRE (68 GOLD)
Sheet6,6814-B,PILLAR COCK SINK TAP (T/M ),SAPPHIRE (68 BLACK),SAPPHIRE (68 BLACK)
Sheet6,6803-B,PILLAR COCK TALL HIGHT,SAPPHIRE (68 BLACK),SAPPHIRE (68 BLACK)
Sheet6,BB-99,BASIN MIXER PALTE HANDLE,OCTAVIA(99),OCTAVIA(99)
Sheet6,8370-F,WALL MIXER TELEPHONIC,WAVES(83),WAVES(83)
Sheet6,8306-F,BIB COCK (06),WAVES(83),WAVES(83)
Sheet6,8310-F,ANGLE COCK (10),WAVES(83),WAVES(83)
Sheet6,8309-F,BIB COCK LONG NOSE,WAVES(83),WAVES(83)
Sheet6,8312-F,2-WAY BIB COCK (12),WAVES(83),WAVES(83)
Sheet6,8318-F,CONCEALED STOP COCK 15 MM,WAVES(83),WAVES(83)
Sheet6,8320-F,CONCEALED STOP COCK 20 MM,WAVES(83),WAVES(83)
Sheet6,DB-68-3 IN-ON-OFF,DIVERTOR PLATE HANDLE,MARCUS(68),MARCUS(68)
Sheet6,DB-66-3 IN-ON-OFF,DIVERTOR PLATE HANDLE,VINCENT(66),VINCENT(66)
Sheet6,7314-F,PILLAR COCK SINK TAP (T/M ),TRANQUIL(73),TRANQUIL(73)
Sheet6,7596,Bath Tub Spout Tip Ton With Flange,FREESIA(75),FREESIA(75)
Sheet6,8755-N,SINK MIXER ( W/M),LOTS(87N),LOTS(87N)
Sheet6,9080,WALL MIXER 3IN ONE,EUROPA(90),EUROPA(90)
Sheet6,6806-G,BIB COCK (06),SAPPHIRE (68 GOLD),SAPPHIRE (68 GOLD)
Sheet6,8704,PILLAR COCK EXTENDED BODY,EVIAN (87),EVIAN (87)
Sheet6,6802-B,PILLAR COCK (02),SAPPHIRE (68 BLACK),SAPPHIRE (68 BLACK)
Sheet6,7116-G,BIB COCK SINK TAP (W/M),ZIRCON(71 GOLD),ZIRCON(71 GOLD)
Sheet6,6816-G,BIB COCK SINK TAP (W/M),SAPPHIRE (68 GOLD),SAPPHIRE (68 GOLD)
Sheet6,7151-G,SINGLE LEVER BASIN MIXER,ZIRCON(71 GOLD),ZIRCON(71 GOLD)
Sheet6,7170-G,WALL MIXER TELEPHONIC,ZIRCON(71 GOLD),ZIRCON(71 GOLD)
Sheet6,7175-G,WALL MIXER L-BEND,ZIRCON(71 GOLD),ZIRCON(71 GOLD)
Sheet6,7180-G,WALL MIXER 3IN ONE,ZIRCON(71 GOLD),ZIRCON(71 GOLD)
Sheet6,7193-G,SINGLE LEVER CONCEALED DIVERTOR 3 IN ONE,ZIRCON(71 GOLD),ZIRCON(71 GOLD)
Sheet6,6108-RG,BIB COCK LONG BODY,LAGOON(61 ROSE GOLD),LAGOON(61 ROSE GOLD)
Sheet6,6616-B,BIB COCK SINK TAP (W/M),ZADE(66 BLACK),ZADE(66 BLACK)
Sheet6,6675-B,WALL MIXER L-BEND,ZADE(66 BLACK),ZADE(66 BLACK)
Sheet6,6814-RG,PILLAR COCK SINK TAP (T/M ),SAPPHIRE (68 ROSE GOLD),SAPPHIRE (68 ROSE GOLD)
Sheet6,6816-RG,BIB COCK SINK TAP (W/M),SAPPHIRE (68 ROSE GOLD),SAPPHIRE (68 ROSE GOLD)
Sheet6,6816-B,BIB COCK SINK TAP (W/M),SAPPHIRE (68 GOLD),SAPPHIRE (68 GOLD)
Sheet6,6880-B,WALL MIXER 3IN ONE,SAPPHIRE (68 GOLD),SAPPHIRE (68 GOLD)
Sheet6,6890,Single Lever Concealed Diverter 40mm,MARCUS(68),MARCUS(68)
Sheet6,6893-ON-OFF,SINGLE LEVER CONCEALED DIVERTOR 3 IN ONE,MARCUS(68),MARCUS(68)
Sheet6,6693-ON-OFF,SINGLE LEVER CONCEALED DIVERTOR 3 IN ONE,VINCENT(66),VINCENT(66)
Sheet6,7893-ON-OFF,SINGLE LEVER CONCEALED DIVERTOR 3 IN ONE,URBONA(78),URBONA(78)
Sheet6,9093-ON-OFF,SINGLE LEVER CONCEALED DIVERTOR 3 IN ONE,EUROPA(90),EUROPA(90)
Sheet6,7855-N,SINK MIXER ( W/M),SALSA(78N),SALSA(78N)
Sheet6,7316-F,BIB COCK SINK TAP (W/M),TRANQUIL(73),TRANQUIL(73)
Sheet6,7305-F,Bib Cock Nozzle with Flange,TRANQUIL(73),TRANQUIL(73)
Sheet6,6692-B,SINGLE LEVER CONCEALED DIVERTOR HIGH FLOW,ZADE(66 BLACK),ZADE(66 BLACK)
Sheet6,7152-G,SINGLE LIVER BASIN MIXER TALL HIGHT,ZIRCON(71 GOLD),ZIRCON(71 GOLD)
Sheet6,7180-B,WALL MIXER 3IN ONE,ZIRCON(71 BLACK),ZIRCON(71 BLACK)
Sheet6,7116-B,BIB COCK SINK TAP (W/M),ZIRCON(71 BLACK),ZIRCON(71 BLACK)
Sheet6,7112-B,2-WAY BIB COCK (12),ZIRCON(71 BLACK),ZIRCON(71 BLACK)
Sheet6,6875-G,WALL MIXER L-BEND,SAPPHIRE (68 GOLD),SAPPHIRE (68 GOLD)
Sheet6,6880-G,WALL MIXER 3IN ONE,SAPPHIRE (68 GOLD),SAPPHIRE (68 GOLD)
Sheet6,DB-71-H,DIVERTOR PLATE HANDLE,CYGNUS(71),CYGNUS(71)
Sheet6,7916-FP,BIB COCK SINK TAP (W/M),SAGA(79F),SAGA(79F)
Sheet6,7310-F,ANGLE COCK (10),TRANQUIL(73),TRANQUIL(73)
Sheet6,CPS-93,CONCEALED FLANGE HANGLE & SLEEVE,LAGUNA(93),LAGUNA(93)
Sheet6,9004,PILLAR COCK EXTENDED BODY,EUROPA(90),EUROPA(90)
Sheet6,6120,CONCEALED STOP COCK 20 MM,EMERALD(61),EMERALD(61)
Sheet6,6114,PILLAR COCK SINK TAP (T/M ),EMERALD(61),EMERALD(61)
Sheet6,P6609,Sink Mixer With Regular Spout T/M (Swinging Spout),VIRGO(P66),VIRGO(P66)
Sheet6,6811-G,2-WAY ANGLE COCK (11),SAPPHIRE(68 GOLD),SAPPHIRE(68 GOLD)
Sheet6,6812-G,2-WAY BIB COCK (12),SAPPHIRE(68 GOLD),SAPPHIRE(68 GOLD)
Sheet6,DB-71-ON-OFF,DIVERTOR PLATE HANDLE,CYGNUS(71),CYGNUS(71)
Sheet6,7818-N,CONCEALED STOP COCK 15 MM,SALSA(78N),SALSA(78N)
Sheet6,8780-N,WALL MIXER 3IN ONE,LOTS(87N),LOTS(87N)
Sheet6,6808-RG,BIB COCK LONG BODY,SAPPHIRE(68 ROSE GOLD),SAPPHIRE(68 ROSE GOLD)
Sheet6,6811-RG,2-WAY ANGLE COCK (11),SAPPHIRE(68 ROSE GOLD),SAPPHIRE(68 ROSE GOLD)
Sheet6,6812-RG,2-WAY BIB COCK (12),SAPPHIRE(68 ROSE GOLD),SAPPHIRE(68 ROSE GOLD)
Sheet6,6810-B,ANGLE COCK (10),SAPPHIRE(68  BLACK),SAPPHIRE(68  BLACK)
Sheet6,6808-B,BIB COCK LONG BODY,SAPPHIRE(68  BLACK),SAPPHIRE(68  BLACK)
Sheet6,6811-B,2-WAY ANGLE COCK (11),SAPPHIRE(68  BLACK),SAPPHIRE(68  BLACK)
Sheet6,6812-B,2-WAY BIB COCK (12),SAPPHIRE(68  BLACK),SAPPHIRE(68  BLACK)
Sheet6,6875-RG,WALL MIXER L-BEND,SAPPHIRE(68 ROSE GOLD),SAPPHIRE(68 ROSE GOLD)
Sheet6,6851-B,SINGLE LEVER BASIN MIXER,SAPPHIRE(68  BLACK),SAPPHIRE(68  BLACK)
Sheet6,6875-B,WALL MIXER L-BEND,SAPPHIRE(68  BLACK),SAPPHIRE(68  BLACK)
Sheet6,6810-RG,ANGLE COCK (10),SAPPHIRE(68 ROSE GOLD),SAPPHIRE(68 ROSE GOLD)
Sheet6,6851-G,SINGLE LEVER BASIN MIXER,SAPPHIRE(68 GOLD),SAPPHIRE(68 GOLD)
Sheet6,6851-RG,SINGLE LEVER BASIN MIXER,SAPPHIRE(68 ROSE GOLD),SAPPHIRE(68 ROSE GOLD)
Sheet6,DB-66-B,DIVERTOR PLATE HANDLE,ZADE (66 BLACK),ZADE (66 BLACK)
Sheet6,6175,WALL MIXER L-BEND,EMERALD(61),EMERALD(61)
Sheet6,6116,BIB COCK SINK TAP (W/M),EMERALD(61),EMERALD(61)
Sheet6,7196-G,SPOUT TIP TON,ZIRCON(71 GOLD),ZIRCON(71 GOLD)
Sheet6,7196-B,SPOUT TIP TON,ZIRCON(71 BLACK),ZIRCON(71 BLACK)
Sheet6,7152-B,SINGLE LEVER BASIN MIXER,ZIRCON(71 BLACK),ZIRCON(71 BLACK)
Sheet6,7111-B,2-WAY ANGLE COCK (11),ZIRCON(71 BLACK),ZIRCON(71 BLACK)
Sheet6,7112-RG,2-WAY BIB COCK (12),ZIRCON(71 ROSE  GOLD),ZIRCON(71 ROSE  GOLD)
Sheet6,7111-RG,2-WAY ANGLE COCK (11),ZIRCON(71 ROSE  GOLD),ZIRCON(71 ROSE  GOLD)
Sheet6,7196-RG,SPOUT TIP TON,ZIRCON(71 ROSE  GOLD),ZIRCON(71 ROSE  GOLD)
Sheet6,7152-RG,SINGLE LEVER BASIN MIXER,ZIRCON(71 ROSE  GOLD),ZIRCON(71 ROSE  GOLD)
Sheet6,7120-RG,CONCEALED STOP COCK 20 MM,ZIRCON(71 ROSE  GOLD),ZIRCON(71 ROSE  GOLD)
Sheet6,DB-91-H,DIVERTOR PLATE HANDLE,GALA(91),GALA(91)
Sheet6,6150,CENTER HOLE BASIN MIXER,EMERALD(61),EMERALD(61)
Sheet6,6195,SPOUT PLAIN,EMERALD(61),EMERALD(61)
Sheet6,6196,SPOUT TIP TON,EMERALD(61),EMERALD(61)
Sheet6,6151,SINGLE LEVER BASIN MIXER,EMERALD(61),EMERALD(61)
Sheet6,6154,SINGLE LEVER BASIN MIXER WALL MONTED,EMERALD(61),EMERALD(61)
Sheet6,6180,WALL MIXER 3IN ONE,EMERALD(61),EMERALD(61)
Sheet6,6155,SINK MIXER ( W/M),EMERALD(61),EMERALD(61)
Sheet6,DB-61-H,DIVERTOR PLATE HANDLE,EMERALD(61),EMERALD(61)
Sheet6,7320-F,CONCEALED STOP COCK 20 MM,TRANQUIL(73),TRANQUIL(73)
Sheet6,DP-93,JET DIVERTOR BODY,LAGUNA(93),LAGUNA(93)
Sheet6,DB-93-H,DIVERTOR PLATE HANDLE,LAGUNA(93),LAGUNA(93)
Sheet6,DB-78-H,DIVERTOR PLATE HANDLE,URBONA(78),URBONA(78)
Sheet6,DB-90-H,DIVERTOR PLATE HANDLE,EUROPA(90),EUROPA(90)
Sheet6,DB-87-H,DIVERTOR PLATE HANDLE,EVIAN (87),EVIAN (87)
Sheet6,7192-G,SINGLE LEVER CONCEALED DIVERTOR HIGH FLOW,ZIRCON(71 GOLD),ZIRCON(71 GOLD)
Sheet6,DB-81-3 IN-ON-OFF,DIVERTOR PLATE HANDLE,NIGRA(81),NIGRA(81)
Sheet6,DB-87-3 IN,DIVERTOR PLATE HANDLE,EVIAN (87),EVIAN (87)
Sheet6,7192-B,SINGLE LEVER CONCEALED DIVERTOR HIGH FLOW,ZIRCON(71 BLACK),ZIRCON(71 BLACK)
Sheet6,7192-RG,SINGLE LEVER CONCEALED DIVERTOR HIGH FLOW,ZIRCON(71 ROSE  GOLD),ZIRCON(71 ROSE  GOLD)
Sheet6,P6670,WALL MIXER TELEPHONIC,VIRGO(P66),VIRGO(P66)
Sheet6,FL02B,SPARE PART,SPARE PART,SPARE PART
Sheet6,BEN-03G,EXTENSION NIPPLE,DROPLETS,DROPLETS
Sheet6,BEN-04G,EXTENSION NIPPLE,DROPLETS,DROPLETS
Sheet6,BEN-05G,EXTENSION NIPPLE,DROPLETS,DROPLETS
Sheet6,BEN-06G,EXTENSION NIPPLE,DROPLETS,DROPLETS
Sheet6,FL02G,SPARE PART,SPARE PART,SPARE PART
Sheet6,BEN-03RG,EXTENSION NIPPLE,DROPLETS,DROPLETS
Sheet6,BEN-04RG,EXTENSION NIPPLE,DROPLETS,DROPLETS
Sheet6,BEN-05RG,EXTENSION NIPPLE,DROPLETS,DROPLETS
Sheet6,BEN-06RG,EXTENSION NIPPLE,DROPLETS,DROPLETS
Sheet6,FL02RG,SPARE PART,SPARE PART,SPARE PART
Sheet6,BEN-03B,EXTENSION NIPPLE,DROPLETS,DROPLETS
Sheet6,BEN-04B,EXTENSION NIPPLE,DROPLETS,DROPLETS
Sheet6,BEN-05B,EXTENSION NIPPLE,DROPLETS,DROPLETS
Sheet6,BEN-06B,EXTENSION NIPPLE,DROPLETS,DROPLETS
Sheet6,6651-B,SINGLE LEVER BASIN MIXER,ZADE (66 BLACK),ZADE (66 BLACK)
Sheet6,DB-66-S,DIVERTOR PLATE HANDLE,VINCENT(66),VINCENT(66)
Sheet6,PIF-059,SPARE PART,SPARE PART,SPARE PART
Sheet6,7194-G,CONCEALED 4-WAY DIVERTER,ZIRCON(71 GOLD),ZIRCON(71 GOLD)
Sheet6,7194-RG,CONCEALED 4-WAY DIVERTER,ZIRCON(71 ROSE  GOLD),ZIRCON(71 ROSE  GOLD)
Sheet6,7194-B,CONCEALED 4-WAY DIVERTER,ZIRCON(71 BLACK),ZIRCON(71 BLACK)
Sheet6,DB-68-S,DIVERTOR PLATE HANDLE,MARCUS(68),MARCUS(68)
Sheet6,DB-89-H,DIVERTOR PLATE HANDLE,OPUS(89),OPUS(89)
Sheet6,BB-61,DIVERTOR PLATE HANDLE,EMERALD(61),EMERALD(61)
Sheet6,7803-N,PILLAR COCK TALL HIGHT,SALSA(78N),SALSA(78N)
Sheet6,6675-G,WALL MIXER L-BEND,ZADE(66 GOLD),ZADE(66 GOLD)
Sheet6,6608-G,BIB COCK LONG BODY,ZADE(66 GOLD),ZADE(66 GOLD)
Sheet6,6606-G,BIB COCK (06),ZADE(66 GOLD),ZADE(66 GOLD)
Sheet6,6602-G,PILLAR COCK (02),ZADE(66 GOLD),ZADE(66 GOLD)
Sheet6,7120-G,CONCEALED STOP COCK 20 MM,ZIRCON(71 GOLD),ZIRCON(71 GOLD)
Sheet6,7306-F,BIB COCK (06),TRANQUIL(73),TRANQUIL(73)
Sheet6,7312-F,2-WAY BIB COCK (12),TRANQUIL(73),TRANQUIL(73)
Sheet6,P-6650,CENTER HOLE BASIN MIXER,VIRGO(P66),VIRGO(P66)
Sheet6,P-6870,WALL MIXER TELEPHONIC,MARCO(P68),MARCO(P68)
Sheet6,6891-G,SINGLE LEVER CONCEALED DIVERTOR,SAPPHIRE(68 GOLD),SAPPHIRE(68 GOLD)
Sheet6,6896-G,SPOUT TIP TON,SAPPHIRE(68 GOLD),SAPPHIRE(68 GOLD)
Sheet6,6111-RG,2-WAY ANGLE COCK (11),LAGOON(61 ROSE GOLD),LAGOON(61 ROSE GOLD)
Sheet6,6196-RG,SPOUT TIP TON,LAGOON(61 ROSE GOLD),LAGOON(61 ROSE GOLD)
Sheet6,6191-RG,SINGLE LEVER CONCEALED DIVERTOR,LAGOON(61 ROSE GOLD),LAGOON(61 ROSE GOLD)
Sheet6,6614-G,PILLAR COCK SINK TAP (T/M ),ZADE(66 GOLD),ZADE(66 GOLD)
Sheet6,6192,SINGLE LEVER CONCEALED DIVERTOR HIGH FLOW,EMERALD(61),EMERALD(61)
Sheet6,6193,SINGLE LEVER CONCEALED DIVERTOR 3 IN ONE,EMERALD(61),EMERALD(61)
Sheet6,BB-71-G,BASIN MIXER PALTE HANDLE,ZIRCON(71 GOLD),ZIRCON(71 GOLD)
Sheet6,9894,CONCEALED 4-WAY DIVERTER,DAWN (98),DAWN (98)
Sheet6,9394,CONCEALED 4-WAY DIVERTER,DAWN (98),DAWN (98)
Sheet6,7118-G,CONCEALED STOP COCK 15 MM,ZIRCON(71 GOLD),ZIRCON(71 GOLD)
Sheet6,6118-RG,CONCEALED STOP COCK 15 MM,LAGOON(61 ROSE GOLD),LAGOON(61 ROSE GOLD)
Sheet6,6155-RG,SINK MIXER ( W/M),LAGOON(61 ROSE GOLD),LAGOON(61 ROSE GOLD)
Sheet6,6195-RG,SPOUT PLAIN,LAGOON(61 ROSE GOLD),LAGOON(61 ROSE GOLD)
Sheet6,6192-RG,SINGLE LEVER CONCEALED DIVERTOR HIGH FLOW,LAGOON(61 ROSE GOLD),LAGOON(61 ROSE GOLD)
Sheet6,6151-RG,SINGLE LEVER BASIN MIXER,LAGOON(61 ROSE GOLD),LAGOON(61 ROSE GOLD)
Sheet6,6175-RG,WALL MIXER L-BEND,LAGOON(61 ROSE GOLD),LAGOON(61 ROSE GOLD)
Sheet6,6806-RG,BIB COCK (06),SAPPHIRE(68 ROSE GOLD),SAPPHIRE(68 ROSE GOLD)
Sheet6,6818-RG,CONCEALED STOP COCK 15 MM,SAPPHIRE(68 ROSE GOLD),SAPPHIRE(68 ROSE GOLD)
Sheet6,6820-RG,CONCEALED STOP COCK 20 MM,SAPPHIRE(68 ROSE GOLD),SAPPHIRE(68 ROSE GOLD)
Sheet6,6855-RG,SINK MIXER ( W/M),SAPPHIRE(68 ROSE GOLD),SAPPHIRE(68 ROSE GOLD)
Sheet6,6895-RG,SPOUT PLAIN,SAPPHIRE(68 ROSE GOLD),SAPPHIRE(68 ROSE GOLD)
Sheet6,6880-RG,WALL MIXER 3IN ONE,SAPPHIRE(68 ROSE GOLD),SAPPHIRE(68 ROSE GOLD)
Sheet6,6892-RG,SINGLE LEVER CONCEALED DIVERTOR HIGH FLOW,SAPPHIRE(68 ROSE GOLD),SAPPHIRE(68 ROSE GOLD)
Sheet6,6893-RG,SPOUT TIP TON,SAPPHIRE(68 ROSE GOLD),SAPPHIRE(68 ROSE GOLD)
Sheet6,6693-B,SINGLE LEVER CONCEALED DIVERTOR 3 IN ONE,ZADE (66 BLACK),ZADE (66 BLACK)
Sheet6,6598,FLUSH COCK,MATRIX(65),MATRIX(65)
Sheet6,DB-98-H,DIVERTOR PLATE HANDLE,DAWN (98),DAWN (98)
Sheet6,6103-RG,PILLAR COCK TALL HIGHT,LAGOON(61 ROSE GOLD),LAGOON(61 ROSE GOLD)
Sheet6,7194,CONCEALED 4-WAY DIVERTER,CYGNUS(71),CYGNUS(71)
Sheet6,9051G,SINGLE LEVER BASIN MIXER,EUROPA(90 GOLD),EUROPA(90 GOLD)
Sheet6,6170,WALL MIXER TELEPHONIC,EMERALD(61),EMERALD(61)
Sheet6,6603-RG,PILLAR COCK TALL HIGHT,ZADE(66 ROSE GOLD),ZADE(66 ROSE GOLD)
Sheet6,6606-RG,BIB COCK (06),ZADE(66 ROSE GOLD),ZADE(66 ROSE GOLD)
Sheet6,6610-RG,ANGLE COCK (10),ZADE(66 ROSE GOLD),ZADE(66 ROSE GOLD)
Sheet6,6611-RG,2-WAY ANGLE COCK (11),ZADE(66 ROSE GOLD),ZADE(66 ROSE GOLD)
Sheet6,6612-RG,2-WAY BIB COCK (12),ZADE(66 ROSE GOLD),ZADE(66 ROSE GOLD)
Sheet6,6614-RG,PILLAR COCK SINK TAP (T/M ),ZADE(66 ROSE GOLD),ZADE(66 ROSE GOLD)
Sheet6,6620-RG,CONCEALED STOP COCK 20 MM,ZADE(66 ROSE GOLD),ZADE(66 ROSE GOLD)
Sheet6,6696-RG,SPOUT TIP TON,ZADE(66 ROSE GOLD),ZADE(66 ROSE GOLD)
Sheet6,6616-RG,BIB COCK SINK TAP (W/M),ZADE(66 ROSE GOLD),ZADE(66 ROSE GOLD)
Sheet6,6104,PILLAR COCK EXTENDED BODY,EMERALD(61),EMERALD(61)
Sheet6,6102-G,PILLAR COCK (02),LAGOON(61 GOLD),LAGOON(61 GOLD)
Sheet6,6106-G,BIB COCK (06),LAGOON(61 GOLD),LAGOON(61 GOLD)
Sheet6,6108-G,BIB COCK LONG BODY,LAGOON(61 GOLD),LAGOON(61 GOLD)
Sheet6,6110-G,ANGLE COCK (10),LAGOON(61 GOLD),LAGOON(61 GOLD)
Sheet6,6111-G,2-WAY ANGLE COCK (11),LAGOON(61 GOLD),LAGOON(61 GOLD)
Sheet6,6112-G,2-WAY BIB COCK (12),LAGOON(61 GOLD),LAGOON(61 GOLD)
Sheet6,6108-B,BIB COCK LONG BODY,LAGOON(61 BLACK),LAGOON(61 BLACK)
Sheet6,6111-B,2-WAY ANGLE COCK (11),LAGOON(61 BLACK),LAGOON(61 BLACK)
Sheet6,6116-G,BIB COCK SINK TAP (W/M),LAGOON(61 GOLD),LAGOON(61 GOLD)
Sheet6,6175-G,WALL MIXER L-BEND,LAGOON(61 GOLD),LAGOON(61 GOLD)
Sheet6,6175-B,WALL MIXER L-BEND,LAGOON(61 BLACK),LAGOON(61 BLACK)
Sheet6,6803-RG,PILLAR COCK TALL HIGHT,SAPPHIRE(68 ROSE GOLD),SAPPHIRE(68 ROSE GOLD)
Sheet6,5202,PILLAR COCK,ASPIRE (5200),ASPIRE (5200)
Sheet6,5206,BIB COCK WITH FLANGE,ASPIRE (5200),ASPIRE (5200)
Sheet6,5208,BIB COCK LONG BODY WITH FLANGE,ASPIRE (5200),ASPIRE (5200)
Sheet6,5210,ANGLE COCK WITH FLANGE,ASPIRE (5200),ASPIRE (5200)
Sheet6,5212,2-WAY BIB COCK WITH FLANGE,ASPIRE (5200),ASPIRE (5200)
Sheet6,5214,PILLAR COCK SINK TAP (T/M ),ASPIRE (5200),ASPIRE (5200)
Sheet6,5216,BIB TAP SINK COCK REGULAR SPOUT WITH FLANGE  (W/M),ASPIRE (5200),ASPIRE (5200)
Sheet6,5218,CONCEALED STOP COCK 15 MM,ASPIRE (5200),ASPIRE (5200)
Sheet6,5220,CONCEALED STOP COCK 20 MM WITH FLANGE,ASPIRE (5200),ASPIRE (5200)
Sheet6,5250,CENTER HOLE BASIN MIXER,ASPIRE (5200),ASPIRE (5200)
Sheet6,5251,SINGLE LEVER BASIN MIXER W/O POP UP WASTE SYSTEM,ASPIRE (5200),ASPIRE (5200)
Sheet6,5255,SINK MIXER WITH REGULAR SPOUT ( W/M),ASPIRE (5200),ASPIRE (5200)
Sheet6,5265,WALL MIXER NON TELEPHONIC,ASPIRE (5200),ASPIRE (5200)
Sheet6,5275,WALL MIXER L-BEND,ASPIRE (5200),ASPIRE (5200)
Sheet6,5280,WALL MIXER 3 IN 1 (PROVISIN FOR OVER HEAD SHOWER & HAND SHOWER),ASPIRE (5200),ASPIRE (5200)
Sheet6,5295,BATH TUB SPOUT WITH FLANGE,ASPIRE (5200),ASPIRE (5200)
Sheet6,5296,BATH TUB SPOUT TIP TON WITH FLANGE,ASPIRE (5200),ASPIRE (5200)
Sheet6,5298,FLUSH COCK 25 MM HALF TURN WITH ADJUSTABLE FLANGE,ASPIRE (5200),ASPIRE (5200)
Sheet6,5302,PILLAR COCK,ORBIT (5300),ORBIT (5300)
Sheet6,5306,BIB COCK WITH FLANGE,ORBIT (5300),ORBIT (5300)
Sheet6,5308,BIB COCK LONG BODY WITH FLANGE,ORBIT (5300),ORBIT (5300)
Sheet6,5310,ANGLE COCK WITH FLANGE,ORBIT (5300),ORBIT (5300)
Sheet6,5311,2-WAY ANGLE COCK WITH FLANGE,ORBIT (5300),ORBIT (5300)
Sheet6,5312,2-WAY BIB COCK WITH FLANGE,ORBIT (5300),ORBIT (5300)
Sheet6,5314,PILLAR COCK SINK TAP (T/M ),ORBIT (5300),ORBIT (5300)
Sheet6,5316,BIB TAP SINK COCK REGULAR SPOUT WITH FLANGE  (W/M),ORBIT (5300),ORBIT (5300)
Sheet6,5318,CONCEALED STOP COCK 15 MM,ORBIT (5300),ORBIT (5300)
Sheet6,5320,CONCEALED STOP COCK 20 MM WITH FLANGE,ORBIT (5300),ORBIT (5300)
Sheet6,5350,CENTER HOLE BASIN MIXER,ORBIT (5300),ORBIT (5300)
Sheet6,5351,SINGLE LEVER BASIN MIXER W/O POP UP WASTE SYSTEM,ORBIT (5300),ORBIT (5300)
Sheet6,5355,SINK MIXER WITH REGULAR SPOUT ( W/M),ORBIT (5300),ORBIT (5300)
Sheet6,5365,WALL MIXER NON TELEPHONIC,ORBIT (5300),ORBIT (5300)
Sheet6,5370,WALL MIXER TELEPHONIC WITH CRUTCH WITH (PROVISION FOR HAND SHOWER),ORBIT (5300),ORBIT (5300)
Sheet6,5375,WALL MIXER L-BEND,ORBIT (5300),ORBIT (5300)
Sheet6,5380,WALL MIXER 3 IN 1 (PROVISIN FOR OVER HEAD SHOWER & HAND SHOWER),ORBIT (5300),ORBIT (5300)
Sheet6,5393-ON-OFF-N,SINGLE LEVER 3 IN LET CONCEALED DIVERTOR  BATH & SHOWER BODY 46 MM(FROGED BODY),ORBIT (5300),ORBIT (5300)
Sheet6,5395,BATH TUB SPOUT WITH FLANGE,ORBIT (5300),ORBIT (5300)
Sheet6,5396,BATH TUB SPOUT TIP TON WITH FLANGE,ORBIT (5300),ORBIT (5300)
Sheet6,5398,FLUSH COCK 25 MM HALF TURN WITH ADJUSTABLE FLANGE,ORBIT (5300),ORBIT (5300)
Sheet6,6616-G,BIB TAP SINK COCK REGULAR SPOUT WITH FLANGE  (W/M),VINCENT(66),VINCENT(66)
Sheet6,6805,BIB COCK NOZZLE WITH FLANGE,MARCUS(68),MARCUS(68)
Sheet6,6806-B,BIB COCK WITH FLANGE,MARCUS(68),MARCUS(68)
Sheet6,C5211,2-WAY ANGLE COCK WITH FLANGE,ASPIRE (5200),ASPIRE (5200)
Sheet6,DB-61,DIVERTOR PLATE HANDLE,EMERALD(61),EMERALD(61)
Sheet6,DB-76-3 IN,DIVERTOR PLATE HANDLE,MACASA(76),MACASA(76)
Sheet6,6813,2-WAY BIB COCK SINGLE HANDLE  (13),MARCUS(68),MARCUS(68)
Sheet6,PD-46-H-N,DIVERTOR BODY,ALLED,ALLED
Sheet6,7995-F,SPOUT PLAIN,SAGA(79F),SAGA(79F)
Sheet6,7513,2-WAY BIB COCK SINGLE HANDLE  (13),FREESIA(75),FREESIA(75)
Sheet6,P6892-N,SINGLE LEVER CONCEALED DIVERTOR HIGH FLOW,MARCUS(68),MARCUS(68)
Sheet6,PD-3 IN-ON-OFF-N,DIVERTOR BODY,ALLED,ALLED
Sheet6,DB-90-3 IN-ON-OFF-N,DIVERTOR PLATE HANDLE,EUROPA(90),EUROPA(90)
Sheet6,DB-68-3 IN-ON-OFF-N,DIVERTOR PLATE HANDLE,MARCUS(68),MARCUS(68)
Sheet6,7992 F,SINGLE LEVER CONCEALED DIVERTOR HIGH FLOW,SAGA(79F),SAGA(79F)
Sheet6,DB-79 F-N,DIVERTOR PLATE HANDLE,SAGA(79F),SAGA(79F)
Sheet6,DB-68-N,DIVERTOR PLATE HANDLE,MARCUS(68),MARCUS(68)
Sheet6,DB-66-H-ON-OFF-NB,DIVERTOR PLATE HANDLE,VINCENT(66),VINCENT(66)
Sheet6,DB-75-H-N,DIVERTOR PLATE HANDLE,FREESIA(75),FREESIA(75)
Sheet6,6692-N,SINGLE LEVER CONCEALED DIVERTOR HIGH FLOW,VINCENT(66),VINCENT(66)
Sheet6,6892-N,SINGLE LEVER CONCEALED DIVERTOR HIGH FLOW,MARCUS(68),MARCUS(68)
Sheet6,PD-3 IN-N,DIVERTOR BODY,ALLED,ALLED
Sheet6,DB-52-H-N,DIVERTOR PLATE HANDLE,ASPIRE (5200),ASPIRE (5200)
Sheet6,6114-G,PILLAR COCK SINK TAP (T/M ),EMERALD(61),EMERALD(61)
Sheet6,DB-52-N,DIVERTOR PLATE HANDLE,ASPIRE (5200),ASPIRE (5200)
Sheet6,5252,SINGLE LEVER BASIN MIXER,ASPIRE (5200),ASPIRE (5200)
Sheet6,PD-46-H-ON-OFF-N,DIVERTOR BODY,ALLED,ALLED
Sheet6,PD-40-N,DIVERTOR BODY,ALLED,ALLED
Sheet6,DB-52-H-ON-OFF-N,DIVERTOR PLATE HANDLE,ASPIRE (5200),ASPIRE (5200)
Sheet6,DB-68-H-N,DIVERTOR PLATE HANDLE,MARCUS(68),MARCUS(68)
Sheet6,7108,BIB COCK LONG BODY WITH FLANGE,CYGNUS(71),CYGNUS(71)
Sheet6,DB-52-3 IN-N,DIVERTOR PLATE HANDLE,ASPIRE (5200),ASPIRE (5200)
Sheet6,CNS-52,SPARE PART,SPARE PART,SPARE PART
Sheet6,5270,WALL MIXER TELEPHONIC,ASPIRE (5200),ASPIRE (5200)
Sheet6,9313,2-WAY BIB COCK SINGLE HANDLE  (13),LAGUNA(93),LAGUNA(93)
Sheet6,DB-71-N,DIVERTOR PLATE HANDLE,CYGNUS(71),CYGNUS(71)
Sheet6,6892-NG,SINGLE LEVER CONCEALED DIVERTOR HIGH FLOW,SAPPHIRE(68 GOLD),SAPPHIRE(68 GOLD)
Sheet6,6855-G,SINK MIXER ( W/M),SAPPHIRE(68 GOLD),SAPPHIRE(68 GOLD)
Sheet6,6854-G,SINGLE LEVER BASIN MIXER WALL MONTED,SAPPHIRE(68 GOLD),SAPPHIRE(68 GOLD)
Sheet6,DB-71-H-N,DIVERTOR PLATE HANDLE,CYGNUS(71),CYGNUS(71)
Sheet6,DB-66-H-N,DIVERTOR PLATE HANDLE,VINCENT(66),VINCENT(66)
Sheet6,P6870,WALL MIXER TELEPHONIC,MARCO(P68),MARCO(P68)
Sheet6,CNS 15,SPARE PART,SPARE PART,SPARE PART
Sheet6,7113-G,2-WAY BIB COCK SINGLE HANDLE  (13),CYGNUS(71),CYGNUS(71)
Sheet6,7794,CONCEALED 4-WAY DIVERTER,FROST (77),FROST (77)
Sheet6,DB-53-3 IN-ON-OFF-N,DIVERTOR PLATE HANDLE,ORBIT (5300),ORBIT (5300)
Sheet6,PFG-022,SPARE PART,SPARE PART,SPARE PART
Sheet6,DB-90-H-ON-OFF-N,DIVERTOR PLATE HANDLE,EUROPA(90),EUROPA(90)
Sheet6,DB-79 F-H-ON-OFF-N,DIVERTOR PLATE HANDLE,SAGA(79F),SAGA(79F)
Sheet6,5203,PILLAR COCK TALL HIGHT,ASPIRE (5200),ASPIRE (5200)
Sheet6,7913-F,2-WAY BIB COCK SINGLE HANDLE  (13),SAGA(79F),SAGA(79F)
Sheet6,B-168,SPARE PART,SPARE PART,SPARE PART
Sheet6,DB-53-H-N,DIVERTOR PLATE HANDLE,ORBIT (5300),ORBIT (5300)
Sheet6,6893-N,SINGLE LEVER CONCEALED DIVERTOR 3 IN ONE,MARCUS(68),MARCUS(68)
Sheet6,6493-N,SINGLE LEVER CONCEALED DIVERTOR 3 IN ONE,BALAGRA (64),BALAGRA (64)
Sheet6,7892-ON-OFF-N,SINGLE LEVER CONCEALED DIVERTOR HIGH FLOW,URBONA(78),URBONA(78)
Sheet6,6803-S,PILLAR COCK TALL HIGHT,MARCUS(68),MARCUS(68)
Sheet6,6604,PILLAR COCK EXTENDED BODY,VINCENT(66),VINCENT(66)
Sheet6,6613,2-WAY BIB COCK SINGLE HANDLE  (13),VINCENT(66),VINCENT(66)
Sheet6,6603-S,PILLAR COCK TALL HIGHT,VINCENT(66),VINCENT(66)
Sheet6,8793-N,SINGLE LEVER CONCEALED DIVERTOR 3 IN ONE,EVIAN (87),EVIAN (87)
Sheet6,6891-N,SINGLE LEVER CONCEALED DIVERTOR,MARCUS(68),MARCUS(68)
Sheet6,5291-N,SINGLE LEVER CONCEALED DIVERTOR,ASPIRE (5200),ASPIRE (5200)
Sheet6,DB-79 F-H-N,DIVERTOR PLATE HANDLE,SAGA(79F),SAGA(79F)
Sheet6,7998-F,FLUSH COCK,SAGA(79F),SAGA(79F)
Sheet6,7992 F-N,SINGLE LEVER CONCEALED DIVERTOR HIGH FLOW,SAGA(79F),SAGA(79F)
Sheet6,7192-N,SINGLE LEVER CONCEALED DIVERTOR HIGH FLOW,CYGNUS(71),CYGNUS(71)
Sheet6,DB-81-3 IN-ON-OFF-N,DIVERTOR PLATE HANDLE,NIGRA(81),NIGRA(81)
Sheet6,7113,2-WAY BIB COCK SINGLE HANDLE  (13),CYGNUS(71),CYGNUS(71)
Sheet6,9013,2-WAY BIB COCK SINGLE HANDLE  (13),EUROPA(90),EUROPA(90)
Sheet6,8993-ON-OFF-N,SINGLE LEVER CONCEALED DIVERTOR 3 IN ONE,OPUS(89),OPUS(89)
Sheet6,DB-76-H-ON-OFF-N,DIVERTOR PLATE HANDLE,MACASA(76),MACASA(76)
Sheet6,DB-78-H-ON-OFF-N,DIVERTOR PLATE HANDLE,URBONA(78),URBONA(78)
Sheet6,DB-68-H-ON-OFF-N,DIVERTOR PLATE HANDLE,MARCUS(68),MARCUS(68)
Sheet6,DB-53-H-ON-OFF-N,DIVERTOR PLATE HANDLE,ORBIT (5300),ORBIT (5300)
Sheet6,5292-N,SINGLE LEVER CONCEALED DIVERTOR HIGH FLOW,ASPIRE (5200),ASPIRE (5200)
Sheet6,5292-ON-OFF-N,SINGLE LEVER CONCEALED DIVERTOR HIGH FLOW,ASPIRE (5200),ASPIRE (5200)
Sheet6,7816-N,BIB COCK SINK TAP (W/M),URBONA(78),URBONA(78)
Sheet6,DB-71-H-ON-OFF-N,DIVERTOR PLATE HANDLE,CYGNUS(71),CYGNUS(71)
Sheet6,5293-ON-OFF-N,SINGLE LEVER CONCEALED DIVERTOR 3 IN ONE,ASPIRE (5200),ASPIRE (5200)
Sheet6,5392-N,SINGLE LEVER CONCEALED DIVERTOR HIGH FLOW,ORBIT (5300),ORBIT (5300)
Sheet6,6892-ON-OFF-N,SINGLE LEVER CONCEALED DIVERTOR HIGH FLOW,MARCUS(68),MARCUS(68)
Sheet6,6692-NRG,SINGLE LEVER CONCEALED DIVERTOR HIGH FLOW,ZADE(66 BLACK),ZADE(66 BLACK)
Sheet6,6693-NB,SINGLE LEVER CONCEALED DIVERTOR 3 IN ONE,ZADE(66 BLACK),ZADE(66 BLACK)
Sheet6,6680-B,WALL MIXER 3IN ONE,ZADE(66 BLACK),ZADE(66 BLACK)
Sheet6,6651-RG,SINGLE LEVER BASIN MIXER,ZADE(66 ROSE GOLD),ZADE(66 ROSE GOLD)
Sheet6,6654-RG,SINGLE LEVER BASIN MIXER WALL MONTED,ZADE(66 ROSE GOLD),ZADE(66 ROSE GOLD)
Sheet6,6602-RG,PILLAR COCK (02),ZADE(66 ROSE GOLD),ZADE(66 ROSE GOLD)
Sheet6,6695-RG,SPOUT PLAIN,ZADE(66 ROSE GOLD),ZADE(66 ROSE GOLD)
Sheet6,6608-RG,BIB COCK LONG BODY,ZADE(66 ROSE GOLD),ZADE(66 ROSE GOLD)
Sheet6,6680-RG,WALL MIXER 3IN ONE,ZADE(66 ROSE GOLD),ZADE(66 ROSE GOLD)
Sheet6,DB-78-N,DIVERTOR PLATE HANDLE,URBONA(78),URBONA(78)
Sheet6,6103-S,PILLAR COCK TALL HIGHT,EMERALD(61),EMERALD(61)
Sheet6,6655-RG,SINK MIXER ( W/M),ZADE(66 ROSE GOLD),ZADE(66 ROSE GOLD)
Sheet6,8792-N,SINGLE LEVER CONCEALED DIVERTOR HIGH FLOW,EVIAN (87),EVIAN (87)
Sheet6,9093-N,SINGLE LEVER CONCEALED DIVERTOR 3 IN ONE,EUROPA(90),EUROPA(90)
Sheet6,7892-N,SINGLE LEVER CONCEALED DIVERTOR HIGH FLOW,URBONA(78),URBONA(78)
Sheet6,P6692-N,SINGLE LEVER CONCEALED DIVERTOR HIGH FLOW,MARCO(P68),MARCO(P68)
Sheet6,9092-N,SINGLE LEVER CONCEALED DIVERTOR HIGH FLOW,EUROPA(90),EUROPA(90)
Sheet6,8793-ON-OFF-N,SINGLE LEVER CONCEALED DIVERTOR 3 IN ONE,EVIAN (87),EVIAN (87)
Sheet6,7893-ON-OFF-N,SINGLE LEVER CONCEALED DIVERTOR 3 IN ONE,URBONA(78),URBONA(78)
Sheet6,6692-RG,SINGLE LEVER  HIGH FLOW CONCEALED DIVERTOR BATH & SHOWER BODY 46 MM(FROGED BODY),,ZADE(66 ROSE GOLD)
Sheet6,Waste2-cp,OTHER,,OTHER
Sheet6,6892-G,SINGLE LEVER  HIGH FLOW CONCEALED DIVERTOR BATH & SHOWER BODY 46 MM(FROGED BODY),,SAPPHIRE(68 GOLD)
Sheet6,7811-N,2-WAY ANGLE COCK WITH FLANGE,,URBONA(78)
Sheet6,DB-78-3 IN-ON-OFF,DIVERTOR PLATE HANDLE,,URBONA(78)
Sheet6,6103-G,PILLAR COCK TALL HIGHT,,EMERALD(61)
Sheet6,6104-G,PILLAR COCK EXTENDED BODY,,EMERALD(61)
Sheet6,6104-RG,PILLAR COCK EXTENDED BODY,,EMERALD(61)
Sheet6,6804-RG,PILLAR COCK EXTENDED BODY,,SAPPHIRE(68 ROSE GOLD)
Sheet6,6804-B,PILLAR COCK EXTENDED BODY,,SAPPHIRE(68  BLACK)
Sheet6,6852-B,SINGLE LIVER BASIN MIXER TALL HIGHT W/O POP UP WASTE SYSTEM,,SAPPHIRE(68  BLACK)
Sheet6,6852-RG,SINGLE LIVER BASIN MIXER TALL HIGHT W/O POP UP WASTE SYSTEM,,SAPPHIRE(68 ROSE GOLD)
Sheet6,6852-G,SINGLE LIVER BASIN MIXER TALL HIGHT W/O POP UP WASTE SYSTEM,,SAPPHIRE(68 GOLD)
Sheet6,6894,CONCEALED 4-WAY DIVERTER,,MARCUS(68)
Sheet6,P6652,SINGLE LIVER BASIN MIXER TALL HIGHT W/O POP UP WASTE SYSTEM,,MARCO(P68)
Sheet6,P6852,SINGLE LIVER BASIN MIXER TALL HIGHT W/O POP UP WASTE SYSTEM,,MARCO(P68)
Sheet6,BEN-02RG,EXTENSION NIPPLE,,DROPLETS
Sheet6,6675-RG,WALL MIXER L-BEND,,ZADE(66 ROSE GOLD)
Sheet6,6103-B,PILLAR COCK TALL HIGHT,,EMERALD(61)
Sheet6,7880-N,WALL MIXER 3 IN 1 (PROVISIN FOR OVER HEAD SHOWER & HAND SHOWER),,URBONA(78)
Sheet6,7191-G,SINGLE LEVER CONCEALED DIVERTOR BATH & SHOWER BODY 40MM(FROGED BODY),,CYGNUS(71)
Sheet6,DB-87-N,DIVERTOR PLATE HANDLE,,EVIAN (87)
Sheet6,5392-ON-OFF-N,SINGLE LEVER  HIGH FLOW CONCEALED DIVERTOR BATH & SHOWER BODY 46 MM(FROGED BODY),,ORBIT (5300)
Sheet6,8794,CONCEALED 4-WAY DIVERTER,,EVIAN (87)
Sheet6,BB-75,BASIN MIXER PALTE HANDLE,,FREESIA(75)
Sheet6,8375-F,WALL MIXER L-BEND,,WAVES(83)
Sheet6,8380-F,WALL MIXER 3 IN 1 (PROVISIN FOR OVER HEAD SHOWER & HAND SHOWER),,WAVES(83)
Sheet6,8314-F,PILLAR COCK SINK TAP (T/M ),,WAVES(83)
Sheet6,8316-F,BIB TAP SINK COCK REGULAR SPOUT WITH FLANGE  (W/M),,WAVES(83)
Sheet6,DB-90-N,DIVERTOR PLATE HANDLE,,EUROPA(90)
Sheet6,DB-81-N,DIVERTOR PLATE HANDLE,,NIGRA(81)
Sheet6,P6809,BIB COCK LONG NOSE WITH FLANGE,,MARCO(P68)
Sheet6,5393-N,SINGLE LEVER 3 IN LET CONCEALED DIVERTOR  BATH & SHOWER BODY 46 MM(FROGED BODY),,ORBIT (5300)
Sheet6,DB-71-3 IN-N,DIVERTOR PLATE HANDLE,,CYGNUS(71)
Sheet6,DB-53-N,DIVERTOR PLATE HANDLE,,ORBIT (5300)
Sheet6,DB-87-3 IN-ON-OFF-N,DIVERTOR PLATE HANDLE,,EVIAN (87)
Sheet6,DB-89-N,DIVERTOR PLATE HANDLE,,OPUS(89)
Sheet6,7691-N,SINGLE LEVER CONCEALED DIVERTOR BATH & SHOWER BODY 40MM(FROGED BODY),,MACASA(76)
Sheet6,5391-N,SINGLE LEVER CONCEALED DIVERTOR BATH & SHOWER BODY 40MM(FROGED BODY),,ORBIT (5300)
Sheet6,CNS-53,SPARE PART,,SPARE PART
Sheet6,9070,WALL MIXER TELEPHONIC WITH CRUTCH WITH (PROVISION FOR HAND SHOWER),,EUROPA(90)
Sheet6,DB-71-3 IN-ON-OFF-N,DIVERTOR PLATE HANDLE,,CYGNUS(71)
Sheet6,DB-P68-H-N,DIVERTOR PLATE HANDLE,,MARCO(P68)
Sheet6,DB-75C,DIVERTOR PLATE HANDLE,,FREESIA(75)
Sheet6,6896-RG,BATH TUB SPOUT TIP TON WITH FLANGE,,SAPPHIRE(68 ROSE GOLD)
Sheet6,DB-78-3 IN-ON-OFF-N,DIVERTOR PLATE HANDLE,,URBONA(78)
Sheet6,9093-ON-OFF-N,SINGLE LEVER 3 IN LET CONCEALED DIVERTOR  BATH & SHOWER BODY 46 MM(FROGED BODY),,EUROPA(90)
Sheet6,8193-ON-OFF-N,SINGLE LEVER 3 IN LET CONCEALED DIVERTOR  BATH & SHOWER BODY 46 MM(FROGED BODY),,NIGRA(81)
Sheet6,6493-ON-OFF-N,SINGLE LEVER 3 IN LET CONCEALED DIVERTOR  BATH & SHOWER BODY 46 MM(FROGED BODY),BALAGRA (64),BALAGRA (64)
Sheet6,7193-ON-OFF-N,SINGLE LEVER 3 IN LET CONCEALED DIVERTOR  BATH & SHOWER BODY 46 MM(FROGED BODY),,CYGNUS(71)
Sheet6,DB-61-H-N,DIVERTOR PLATE HANDLE,,EMERALD(61)
Sheet6,DB-79-N,DIVERTOR PLATE HANDLE,,SAGA(79F)
Sheet6,DB-89-H-N,DIVERTOR PLATE HANDLE,,OPUS(89)
Sheet6,PIS-10,ANGLE COCK (10),,NEPTUNE (NON ISI)
Sheet6,PIS-06,BIB COCK (06),,NEPTUNE (NON ISI)
Sheet6,I-151,BALL COCK,,DROPLETS
Sheet6,I-152,BALL COCK,,DROPLETS
Sheet6,I-153,BALL COCK,,DROPLETS
Sheet6,P6805,BIB COCK NOZZLE WITH FLANGE,,MARCO(P68)
Sheet6,PIS-09,BIB COCK LONG NOSE,,NEPTUNE (NON ISI)
Sheet6,DB-78-3 IN-N,DIVERTOR PLATE HANDLE,,URBONA(78)
Sheet6,PIS-02,PILLAR COCK (02),,NEPTUNE (NON ISI)
Sheet6,PIS-16,BIB COCK SINK TAP (W/M),,NEPTUNE (NON ISI)
Sheet6,PIS-28,STOP COCK 15 MM ( F/T ),,NEPTUNE (NON ISI)
Sheet6,PIS 10 H,ANGLE COCK (10),,NEPTUNE (ISI)
Sheet6,7903-F,PILLAR COCK TALL HIGHT,,SAGA(79F)
Sheet6,7970-F,WALL MIXER TELEPHONIC WITH CRUTCH WITH (PROVISION FOR HAND SHOWER),,SAGA(79F)
Sheet6,DB-78 N-H-N,DIVERTOR PLATE HANDLE,,URBONA(78)
Sheet6,7494,SINGLE LEVER CONCEALED DIVERTOR BATH & SHOWER BODY 40MM(FROGED BODY),,GRACIA(74)
Sheet6,PIS-50,CENTER HOLE BASIN MIXER,,NEPTUNE (NON ISI)
Sheet6,6893-ON-OFF-N,SINGLE LEVER 3 IN LET CONCEALED DIVERTOR  BATH & SHOWER BODY 46 MM(FROGED BODY),,MARCUS(68)
Sheet6,PIS-08,BIB COCK LONG BODY,,NEPTUNE (NON ISI)
Sheet6,PIS-12 H,2-WAY BIB COCK (12),,NEPTUNE (ISI)
Sheet6,8192-N,SINGLE LEVER  HIGH FLOW CONCEALED DIVERTOR BATH & SHOWER BODY 46 MM(FROGED BODY),,NIGRA(81)
Sheet6,PIS-18 H,CONCEALED STOP COCK 15 MM,,NEPTUNE (ISI)
Sheet6,PIS-26,STOP COCK 15 MM ( M/T ),,NEPTUNE (NON ISI)
Sheet6,CNS-15,SPARE PART,,SPARE PART
Sheet6,6692-ON-OFF-NRG,SINGLE LEVER  HIGH FLOW CONCEALED DIVERTOR BATH & SHOWER BODY 46 MM(FROGED BODY),,ZADE(66 ROSE GOLD)
Sheet6,DB-66-N,DIVERTOR PLATE HANDLE,,VINCENT(66)
Sheet6,7950-F,CENTER HOLE BASIN MIXER,,SAGA(79F)
Sheet6,7952-F,SINGLE LIVER BASIN MIXER TALL HIGHT W/O POP UP WASTE SYSTEM,,SAGA(79F)
Sheet6,7916-F,BIB TAP SINK COCK REGULAR SPOUT WITH FLANGE  (W/M),,SAGA(79F)
Sheet6,PIS-08 H,BIB COCK LONG BODY,,NEPTUNE (ISI)
Sheet6,7894,CONCEALED4 WAY DIVERTER,,URBONA(78)
Sheet6,PIS-14 H,PILLAR COCK SINK TAP (T/M ),,NEPTUNE (ISI)
Sheet6,PIS-18,CONCEALED STOP COCK 15 MM,,NEPTUNE (NON ISI)
Sheet6,EBC-06,BIB COCK WITH FLANGE,,OTHER
Sheet6,7113-B,2-WAY BIB COCK SINGLE HANDLE,,CYGNUS(71)
Sheet6,BB-93-N,BASIN MIXER PALTE HANDLE,,KORA(93-N)
Sheet6,DB-93 N-H-N,DIVERTOR PLATE HANDLE,,KORA(93-N)
Sheet6,7991 F-N,SINGLE LEVER CONCEALED DIVERTOR BATH & SHOWER BODY 40MM(FROGED BODY),,SAGA(79F)
Sheet6,DB-78-H-N,DIVERTOR PLATE HANDLE,,URBONA(78)
Sheet6,6691-N,SINGLE LEVER CONCEALED DIVERTOR BATH & SHOWER BODY 40MM(FROGED BODY),,VINCENT(66)
Sheet6,CNS-20,SPARE PART,,SPARE PART
Sheet6,DB-79 F-3 IN-ON-OFF-N,DIVERTOR PLATE HANDLE,,SAGA(79F)
Sheet6,BB-79 F,BASIN MIXER PALTE HANDLE,,SAGA(79F)
Sheet6,7918-F,CONCEALED STOP COCK 15 MM,,SAGA(79F)
Sheet6,PIS-12,2-WAY BIB COCK (12),,NEPTUNE (NON ISI)
Sheet6,PIF-008,SPARE PART,,SPARE PART
Sheet6,6154-RG,SINGLE LEVER BASIN MIXER WALL MONTED (CONC),,EMERALD(61)
Sheet6,DB-79F-H-N,DIVERTOR PLATE HANDLE,,SAGA(79F)
Sheet6,DB-76-N,DIVERTOR PLATE HANDLE,,MACASA(76)
Sheet6,PIS-02 H,PILLAR COCK (02),,NEPTUNE (ISI)
Sheet6,PIS-06 H,BIB COCK (06),,NEPTUNE (ISI)
Sheet6,6413,2-WAY BIB COCK SINGLE HANDLE,BALAGRA (64),BALAGRA (64)
Sheet6,6855-B,SINK MIXER WITH REGULAR SPOUT ( W/M),,SAPPHIRE(68  BLACK)
Sheet6,6895-B,BATH TUB SPOUT WITH FLANGE,,SAPPHIRE(68  BLACK)
Sheet6,6896-B,BATH TUB SPOUT TIP TON WITH FLANGE,,SAPPHIRE(68  BLACK)
Sheet6,6891-NB,SINGLE LEVER CONCEALED DIVERTOR BATH & SHOWER BODY 40MM(FROGED BODY),,SAPPHIRE(68  BLACK)
Sheet6,6892-NB,SINGLE LEVER  HIGH FLOW CONCEALED DIVERTOR BATH & SHOWER BODY 46 MM(FROGED BODY),,SAPPHIRE(68  BLACK)
Sheet6,6893-NB,SINGLE LEVER 3 IN LET CONCEALED DIVERTOR  BATH & SHOWER BODY 46 MM(FROGED BODY),,SAPPHIRE(68  BLACK)
Sheet6,5302-BN,PILLAR COCK,,ORBIT (5300)
Sheet6,9308-N,BIB COCK LONG BODY WITH FLANGE,,KORA(93-N)
Sheet6,DB-53-3 IN-N,DIVERTOR PLATE HANDLE,,ORBIT (5300)
Sheet6,7108-G,BIB COCK LONG BODY WITH FLANGE,,ZIRCON(71 GOLD)
Sheet6,9010-B,ANGLE COCK WITH FLANGE,,EUROPA(90)
Sheet6,PIS-16 H,BIB COCK SINK TAP (W/M),,NEPTUNE (ISI)
Sheet6,7591-N,SINGLE LEVER CONCEALED DIVERTOR BATH & SHOWER BODY 40MM(FROGED BODY),,FREESIA(75)
Sheet6,PHN-157RG,SPARE PART,,SPARE PART
Sheet6,PHN-157G,SPARE PART,,SPARE PART
Sheet6,7965-F,WALL MIXER NON TELEPHONIC,,SAGA(79F)
Sheet6,CPS-71,CONCEALED FLANGE HANGLE & SLEEVE,,CYGNUS(71)
Sheet6,5293-N,SINGLE LEVER 3 IN LET CONCEALED DIVERTOR  BATH & SHOWER BODY 46 MM(FROGED BODY),,ASPIRE (5200)
Sheet6,DB-52-3 IN-ON-OFF-N,DIVERTOR PLATE HANDLE,,ASPIRE (5200)
Sheet6,DB-81-H-N,DIVERTOR PLATE HANDLE,,NIGRA(81)
Sheet6,DB-87-H-N,DIVERTOR PLATE HANDLE,,EVIAN (87)
Sheet6,PFG-027,SPARE PART,,SPARE PART
Sheet6,PFG-028,SPARE PART,,SPARE PART
Sheet6,6613-B,2-WAY BIB COCK SINGLE HANDLE,,ZADE(66 BLACK)
Sheet6,DB-71-S,DIVERTOR PLATE HANDLE,,CYGNUS(71)
Sheet6,DB-79-H-ON-OFF-N,,,
Sheet6,PFG-020,CONCEALED STOP COCK 20 MM WITH FLANGE,,
Sheet6,6693-N,SINGLE LEVER 3 IN LET CONCEALED DIVERTOR  BATH & SHOWER BODY 46 MM(FROGED BODY),,VINCENT(66)
Sheet6,DB-78 N-H-ON-OFF-N,,,
Sheet6,DB-P66-H-ON-OFF-N,,,
Sheet6,7992-N,SINGLE LEVER  HIGH FLOW CONCEALED DIVERTOR BATH & SHOWER BODY 46 MM(FROGED BODY),,
Sheet6,CPA-17,,,
Sheet6,DB-71-3 IN-ON-OFF-NG,,,ZIRCON(71 GOLD)
Sheet6,7694,,,
Sheet6,BB-66-RG,,,ZADE(66 ROSE GOLD)
Sheet6,BB-66-G,,,ZADE(66 GOLD)
Sheet6,BB-66-B,,,ZADE(66 BLACK)
Sheet6,DB-66-3 IN-ON-OFF-N,,,VINCENT(66)
Sheet6,DB-P68-N,,,
Sheet6,6651-G,SINGLE LEVER BASIN MIXER W/O POP UP WASTE SYSTEM,,ZADE(66 GOLD)
Sheet6,6151-B,SINGLE LEVER BASIN MIXER W/O POP UP WASTE SYSTEM,,LAGOON(61 BLACK)
Sheet6,6151-G,SINGLE LEVER BASIN MIXER W/O POP UP WASTE SYSTEM,,
Sheet6,DB-93-H-ON-OFF-N,,,LAGUNA(93)
Sheet6,DB-93 N-3 IN-ON-OFF-N,,,LAGUNA(93)
Sheet6,BB-68-RG,,,SAPPHIRE(68 ROSE GOLD)
Sheet6,CSS-P68,,,
Sheet6,7812-N,2-WAY BIB COCK WITH FLANGE,,
Sheet6,DB-90-H-N,,,
Sheet6,7113-RG,,,ZIRCON(71 ROSE  GOLD)
Sheet6,P6803,PILLAR COCK TALL HIGHT,,
Sheet6,7820-N,CONCEALED STOP COCK 20 MM WITH FLANGE,,
Sheet6,7898-N,FLUSH COCK 25 MM HALF TURN WITH ADJUSTABLE FLANGE,,
Sheet6,7692-ON-OFF-N,SINGLE LEVER  HIGH FLOW CONCEALED DIVERTOR BATH & SHOWER BODY 46 MM(FROGED BODY),,
Sheet6,DB-79FH,,,
Sheet6,DB-90H,,,
Sheet6,7504,PILLAR COCK EXTENDED BODY,,
Sheet6,ECO-66,,,
Sheet6,7154-G,SINGLE LEVER BASIN MIXER WALL MONTED (CONC),,ZIRCON(71 GOLD)
Sheet6,7192-ON-OFF-NG,SINGLE LEVER  HIGH FLOW CONCEALED DIVERTOR BATH & SHOWER BODY 46 MM(FROGED BODY),,
Sheet6,6892-ON-OFF-NRG,SINGLE LEVER  HIGH FLOW CONCEALED DIVERTOR BATH & SHOWER BODY 46 MM(FROGED BODY),,SAPPHIRE(68 ROSE GOLD)
Sheet6,6813-RG,2-WAY BIB COCK SINGLE HANDLE  (13),,SAPPHIRE(68 ROSE GOLD)
Sheet6,6113-RG,2-WAY BIB COCK SINGLE HANDLE  (13),,
Sheet6,6813-B,2-WAY BIB COCK SINGLE HANDLE  (13),,SAPPHIRE(68  BLACK)
Sheet6,6818-B,CONCEALED STOP COCK 15 MM,,SAPPHIRE(68  BLACK)
Sheet6,CPS-75,,,
Sheet6,PIS-11 H,2-WAY ANGLE COCK WITH FLANGE,,
Sheet6,7592-N,SINGLE LEVER  HIGH FLOW CONCEALED DIVERTOR BATH & SHOWER BODY 46 MM(FROGED BODY),,
Sheet6,8192-ON-OFF-N,SINGLE LEVER  HIGH FLOW CONCEALED DIVERTOR BATH & SHOWER BODY 46 MM(FROGED BODY),,
Sheet6,6194,,,EMERALD(61)
Sheet6,7180-RG,WALL MIXER 3 IN 1 (PROVISIN FOR OVER HEAD SHOWER & HAND SHOWER),,
Sheet6,7108-RG,BIB COCK LONG BODY WITH FLANGE,,ZIRCON(71 ROSE  GOLD)
Sheet6,7116-RG,BIB TAP SINK COCK REGULAR SPOUT WITH FLANGE  (W/M),,ZIRCON(71 ROSE  GOLD)
Sheet6,7192-NB,SINGLE LEVER  HIGH FLOW CONCEALED DIVERTOR BATH & SHOWER BODY 46 MM(FROGED BODY),,
Sheet6,9152,SINGLE LIVER BASIN MIXER TALL HIGHT W/O POP UP WASTE SYSTEM,,
Sheet6,6893-NG,,,SAPPHIRE(68 GOLD)
Sheet6,DB-78-ON-OFF,,,
Sheet6,7854-N,SINGLE LEVER BASIN MIXER WALL MONTED (CONC),,
Sheet6,6892-NRG,SINGLE LEVER  HIGH FLOW CONCEALED DIVERTOR BATH & SHOWER BODY 46 MM(FROGED BODY),,SAPPHIRE(68 ROSE GOLD)
Sheet6,6813-G,,,SAPPHIRE(68 GOLD)
Sheet6,7692-N,SINGLE LEVER  HIGH FLOW CONCEALED DIVERTOR BATH & SHOWER BODY 46 MM(FROGED BODY),,
Sheet6,6152,SINGLE LIVER BASIN MIXER TALL HIGHT W/O POP UP WASTE SYSTEM,,EMERALD(61)
Sheet6,6192-ON-OFF-N,SINGLE LEVER CONCEALED DIVERTOR HIGH FLOW,,EMERALD(61)
Sheet6,6198,FLUSH COCK 25 MM HALF TURN WITH ADJUSTABLE FLANGE,,EMERALD(61)
Sheet6,7191-N,SINGLE LEVER CONCEALED DIVERTOR BATH & SHOWER BODY 40MM(FROGED BODY),,
Sheet6,9091-N,SINGLE LEVER CONCEALED DIVERTOR BATH & SHOWER BODY 40MM(FROGED BODY),,
Sheet6,7191-NG,SINGLE LEVER CONCEALED DIVERTOR BATH & SHOWER BODY 40MM(FROGED BODY),,
Sheet6,7191-NRG,SINGLE LEVER CONCEALED DIVERTOR BATH & SHOWER BODY 40MM(FROGED BODY),,
Sheet6,7154-B,SINGLE LEVER BASIN MIXER WALL MONTED (CONC),,CYGNUS(71)
Sheet6,9376-N,"SINGLE LEVER WALL MIXER ""L"" BEND (EXPOSE TYPE)",,KORA(93-N)
Sheet6,PIS-09 H,BIB COCK LONG NOSE WITH FLANGE,,
Sheet6,PIS-80 H,WALL MIXER 3 IN 1 (PROVISIN FOR OVER HEAD SHOWER & HAND SHOWER),,
Sheet6,DB-68-H-NRG,,,SAPPHIRE(68 ROSE GOLD)
Sheet6,6854-RG,SINGLE LEVER BASIN MIXER WALL MONTED (CONC),,SAPPHIRE(68 ROSE GOLD)
Sheet6,6854-B,SINGLE LEVER BASIN MIXER WALL MONTED (CONC),,SAPPHIRE(68  BLACK)
Sheet6,6692-ON-OFF-N,SINGLE LEVER  HIGH FLOW CONCEALED DIVERTOR BATH & SHOWER BODY 46 MM(FROGED BODY),,
Sheet6,8506-F,BIB COCK WITH FLANGE,,
Sheet6,8510-F,ANGLE COCK WITH FLANGE,,
Sheet6,8512-F,2-WAY BIB COCK WITH FLANGE,,
Sheet6,7870-N,WALL MIXER TELEPHONIC WITH CRUTCH WITH (PROVISION FOR HAND SHOWER),,
Sheet6,PIF-056,,,
Sheet6,DB-76-H-N,,,
Sheet6,DB-79 F-3 IN-N,,,
Sheet6,DB-71 3 IN-N,,,CYGNUS(71)
Sheet6,6113,,,EMERALD(61)
Sheet6,6192-N,SINGLE LEVER CONCEALED DIVERTOR HIGH FLOW,,EMERALD(61)
Sheet6,6193-N,SINGLE LEVER 3 IN LET CONCEALED DIVERTOR  BATH & SHOWER BODY 46 MM(FROGED BODY),,EMERALD(61)
Sheet6,DB-79 F-ON-OFF,,,
Sheet6,6654-B,SINGLE LEVER BASIN MIXER WALL MONTED (CONC),,ZADE(66 BLACK)
Sheet6,6692-NB,SINGLE LEVER  HIGH FLOW CONCEALED DIVERTOR BATH & SHOWER BODY 46 MM(FROGED BODY),,
Sheet6,6794,CONCEALED 4-WAY DIVERTER,,
Sheet6,6594,CONCEALED 4-WAY DIVERTER,,
Sheet6,5217,BIB TAP SINK COCK REGULAR SPOUT WITH FLANGE  (W/M),ASPIRE (5200),ASPIRE (5200)
Sheet6,7893-N,SINGLE LEVER CONCEALED DIVERTOR 3 IN ONE,URBONA(78),URBONA(78)
Sheet6,CNS-66,SPARE PART,SPARE PART,SPARE PART
Sheet6,DP-87,JET DIVERTOR BODY,ALLED,ALLED
Sheet6,PIS-02H,PILLAR COCK (02),,NEPTUNE (ISI)
Sheet6,PIS-09H,BIB COCK LONG NOSE,,NEPTUNE (ISI)
Sheet6,PR-144,PRJ ANGLE COCK,DROPLETS,DROPLETS
Sheet6,PR-244,PRJ ANGLE COCK,DROPLETS,DROPLETS
Sheet6,PR-544,PRJ ANGLE COCK,DROPLETS,DROPLETS
Sheet6,C 5211,2-WAY ANGLE COCK (11),,ASPIRE (5200)
Sheet6,144-CP,PRJ ANGLE COCK,,DROPLETS
Sheet6,5204,PILLAR COCK EXTENDED BODY,,ASPIRE (5200)
Sheet6,5254S,,,
Sheet6,5317,,,ORBIT (5300)
Sheet6,5354-S,,,ORBIT (5300)
Sheet6,544-CP,PRJ ANGLE COCK,,DROPLETS
Sheet6,6113-G,,,LAGOON(61 GOLD)
Sheet6,6191-N,,,EMERALD(61)
Sheet6,6192-NB,,,EMERALD(61)
Sheet6,6192-NRG,,,EMERALD(61)
Sheet6,6195-B,,,LAGOON(61 BLACK)
Sheet6,6195-G,,,LAGOON(61 GOLD)
Sheet6,6196-B,,,LAGOON(61 BLACK)
Sheet6,6603-G,,,ZADE(66 GOLD)
Sheet6,6610-G,,,ZADE(66 GOLD)
Sheet6,6612-G,,,ZADE(66 GOLD)
Sheet6,6613-G,,,ZADE(66 GOLD)
Sheet6,6613-RG,,,ZADE(66 ROSE GOLD)
Sheet6,6654-G,,,ZADE(66 GOLD)
Sheet6,6680-G,,,ZADE(66 GOLD)
Sheet6,6692-NG,,,ZADE(66 GOLD)
Sheet6,6693-ON-OFF-N,,,VINCENT(66)
Sheet6,6696-G,,,ZADE(66 GOLD)
Sheet6,6818-G,,,SAPPHIRE(68 GOLD)
Sheet6,6820-B,,,SAPPHIRE(68  BLACK)
Sheet6,6891-NRG,,,SAPPHIRE(68 ROSE GOLD)
Sheet6,7108-B,,,ZIRCON(71 BLACK)
Sheet6,7118-B,,,ZIRCON(71 BLACK)
Sheet6,7118-RG,,,ZIRCON(71 ROSE  GOLD)
Sheet6,7151-RG,,,ZIRCON(71 ROSE  GOLD)
Sheet6,7154-RG,,,ZIRCON(71 ROSE  GOLD)
Sheet6,7170-RG,,,ZIRCON(71 ROSE  GOLD)
Sheet6,7192-NG,,,ZIRCON(71 GOLD)
Sheet6,7192-ON-OFF-N,,,CYGNUS(71)
Sheet6,7193-NG,,,ZIRCON(71 GOLD)
Sheet6,7305 F,Bib Cock Nozzle with Flange,,TRANQUIL(73)
Sheet6,7571,,,
Sheet6,7676,,,
Sheet6,7693-ON-OFF-N,,,
Sheet6,7814-N,,,
Sheet6,7876-N,,,
Sheet6,7892 N-ON-OFF-N,,,
Sheet6,7892N-ON-OFF-N,,,
Sheet6,7895-N,,,
Sheet6,7913,,,
Sheet6,7992 F-ON-OFF-N,,,
Sheet6,7992F-N,,,
Sheet6,7992F-ON-OFF-N,,,
Sheet6,8110-B,,,
Sheet6,8193-N,,,
Sheet6,8311-F,,,
Sheet6,8355-F,,,
Sheet6,8518-F,,,
Sheet6,8520-F,,,
Sheet6,8791-N,,,
Sheet6,8970,,,
Sheet6,9092-ON-OFF-N,,,
Sheet6,9313-N,,,KORA(93-N)
Sheet6,9392 N-N,,,KORA(93-N)
Sheet6,9392N-N.,,,
Sheet6,9392N-ON-OFF-N,,,KORA(93-N)
Sheet6,9394-N,,,KORA(93-N)
Sheet6,BB-52-S,,,
Sheet6,BB-53-S.,,,ORBIT (5300)
Sheet6,BB-61-RG,,,LAGOON(61 ROSE GOLD)
Sheet6,BB-68-B,,,SAPPHIRE(68  BLACK)
Sheet6,BB-68-G,,,SAPPHIRE(68 GOLD)
Sheet6,BB-68-S,,,MARCUS(68)
Sheet6,BB-P68,,,
Sheet6,BD-40 RG,DIVERTOR BODY,,ALLED
Sheet6,CNS-P68,,,
Sheet6,CPS-PIS,,,
Sheet6,CSS-65,,,
Sheet6,DB-52-3IN-ON-OFF-N,,,
Sheet6,DB-53-3IN-N,,,ORBIT (5300)
Sheet6,DB-53-3IN-ON-OFF-N.,,,
Sheet6,DB-61-3 IN-ON-OFF-NRG,,,LAGOON(61 ROSE GOLD)
Sheet6,DB-61-H-NG,,,LAGOON(61 GOLD)
Sheet6,DB-61-H-NRG,,,LAGOON(61 ROSE GOLD)
Sheet6,DB-61-H-ON-OFF-N,,,EMERALD(61)
Sheet6,DB-61-N,,,EMERALD(61)
Sheet6,DB-64-H-ON-OFF-N,,,
Sheet6,DB-66-3 IN,,,VINCENT(66)
Sheet6,DB-66-3 IN-N,,,VINCENT(66)
Sheet6,DB-68-3IN-ON-OFF-N.,,,MARCUS(68)
Sheet6,DB-68-3IN-ON-OFF-NB,,,SAPPHIRE(68  BLACK)
Sheet6,DB-68-3IN-ON-OFF-NG,,,SAPPHIRE(68 GOLD)
Sheet6,DB-68-3IN-ON-OFF-NRG,,,SAPPHIRE(68 ROSE GOLD)
Sheet6,DB-68-H-NB,,,SAPPHIRE(68  BLACK)
Sheet6,DB-68-H-NG,,,SAPPHIRE(68 GOLD)
Sheet6,DB-71-3-IN-ON-OFF-N,,,
Sheet6,DB-71H,,,CYGNUS(71)
Sheet6,DB-75-H-ON-OFF-N,,,
Sheet6,DB-78N-H-N,,,
Sheet6,DB-79-ON-OFF,,,
Sheet6,DB-79F-3IN-N,,,
Sheet6,DB-79F-3IN-ON-OFF-N,,,
Sheet6,DB-79F-H,,,
Sheet6,DB-79F-H-ON-OFF-N,,,
Sheet6,DB-79F-N,,,
Sheet6,DB-81-3 IN-N,,,
Sheet6,DB-81-3IN-ON-OFF-N,,,
Sheet6,DB-81-H-ON-OFF-N,,,
Sheet6,DB-87-3IN-N,,,
Sheet6,DB-87-3IN-ON-OFF-N,,,
Sheet6,DB-87-H-ON-OFF-N,,,
Sheet6,DB-89-H-ON-OFF-N,,,
Sheet6,DB-90-3IN-ON-OFF-N,,,
Sheet6,DB-93 N-N,,,KORA(93-N)
Sheet6,DB-93-3IN-ON-OFF-N,,,KORA(93-N)
Sheet6,DB-93-H-N.,,,KORA(93-N)
Sheet6,DB-93-N.,,,KORA(93-N)
Sheet6,DB-P68-3IN-N,,,
Sheet6,DB78S,,,
Sheet6,DB79-H-ON-OFF-N,,,
Sheet6,DB87S,,,
Sheet6,I-155,,,
Sheet6,P6605,,,
Sheet6,P6891-N,,,
Sheet6,PD-3 IN-ON-OFF-N RG,,,
Sheet6,PD-3IN-N,,,
Sheet6,PD-3IN-ON-OFF-N,,,
Sheet6,PD-40F-N,DIVERTOR BODY,,ALLED
Sheet6,PFG-031,,,
Sheet6,PFV-030,,,
Sheet6,PHN-185,,,
Sheet6,PHN-190,,,
Sheet6,PIS-06H,BIB COCK (06),,NEPTUNE (ISI)
Sheet6,PIS-08H,BIB COCK LONG BODY,,NEPTUNE (ISI)
Sheet6,PIS-10 H,ANGLE COCK (10),,NEPTUNE (ISI)
Sheet6,PIS-12H,2-WAY BIB COCK (12),,NEPTUNE (NON ISI)
Sheet6,PIS-18H,,,
Sheet6,PIS-20 H,,,
Sheet6,PIS-50H,,,
Sheet6,PIS-75H,,,
Sheet6,PR-139,PRJ ANGLE COCK,,DROPLETS
Sheet6,PR-444,PRJ ANGLE COCK,,DROPLETS
Sheet6,SPCA23,,,
Sheet6,SPCA24,,,
Sheet6,SPCA25,,,
Sheet6,SPCA26,,,
Sheet6,SPCA27,,,
Sheet6,SPCA28,,,
Sheet6,SPCP612,,,
Sheet6,SPCP616,,,
Sheet6,SPCP652,,,
Sheet6,SPCP656,,,
Sheet6,SPCP712,,,
Sheet6,SPCP716,,,
Sheet6,SPCP742,,,
Sheet6,SPCP746,,,
Sheet6,SPCP782,,,
Sheet6,SPCP786,,,
Sheet6,SPCP812,,,
Sheet6,SPCP816,,,
Sheet6,SPCP832,,,
Sheet6,SPCP835,,,
Sheet6,SPCP836,,,
Sheet6,SPCP852,,,
Sheet6,SPCP856,,,
Sheet6,SPCP902,,,
Sheet6,SPCP906,,,
Sheet6,6075,WALL MIXER L-BEND,POLO (60),POLO (60)
Sheet6,6202,PILLAR COCK (02),BLAZE (62),BLAZE (62)
Sheet6,6206,BIB COCK (06),BLAZE (62),BLAZE (62)
Sheet6,6208,BIB COCK LONG BODY,BLAZE (62),BLAZE (62)
Sheet6,6210,ANGLE COCK (10),BLAZE (62),BLAZE (62)
Sheet6,6214,PILLAR COCK SINK TAP (T/M ),BLAZE (62),BLAZE (62)
Sheet6,6216,BIB COCK SINK TAP (W/M),BLAZE (62),BLAZE (62)
Sheet6,6218,CONCEALED STOP COCK 15 MM,BLAZE (62),BLAZE (62)
Sheet6,6250,CENTER HOLE BASIN MIXER,BLAZE (62),BLAZE (62)
Sheet6,6255,SINK MIXER ( W/M),BLAZE (62),BLAZE (62)
Sheet6,6275,WALL MIXER L-BEND,BLAZE (62),BLAZE (62)
Sheet6,6280,WALL MIXER 3IN ONE,BLAZE (62),BLAZE (62)
Sheet6,6292-ON-OFF-N,SINGLE LEVER CONCEALED DIVERTOR HIGH FLOW,BLAZE (62),BLAZE (62)
Sheet6,6295,SPOUT PLAIN,BLAZE (62),BLAZE (62)
Sheet6,6296,SPOUT TIP TON,BLAZE (62),BLAZE (62)
Sheet6,DB-54-N,Exposed Parts (Wall Flange & Handle),,AQUA 54
Sheet6,5480,Wall Mixer 3 In 1 with Wall Flange (Provision For Over Head Shower & Hand Shower),,AQUA 54
Sheet6,5412,2-Way Bib Cock Double Handle with Wall Flange,,AQUA 54
Sheet6,5411,2-Way Angular Stop Cock with Wall Flange,,AQUA 54
Sheet6,5408,Bib Cock Long Body with Wall Flange,,AQUA 54
Sheet6,5406,Bib Cock with Wall Flange,,AQUA 54
Sheet6,5404,Pillar Cock Extended Body,,AQUA 54
Sheet6,5402,Pillar Cock,,AQUA 54
Sheet6,5410,Angular Stop Cock with Wall Flange,,AQUA 54
Sheet6,5496,Bath Tub Spout Tip Ton with Flange,,AQUA 54
Sheet6,5495,Bath Tub Spout with Flange,,AQUA 54
Sheet6,5416,Sink Cock Wall Mounted with Flange,,AQUA 54
Sheet6,5414,Swan Neck Table Mounted,,AQUA 54
Sheet6,5455,Sink Mixer with Regular Spout Wall Mounted with Flange,,AQUA 54
Sheet6,5475,"Wall Mixer ""L"" Bend with Wall Flange (Provision For Over Head Shower)",,AQUA 54
Sheet6,5450,Center Hole Basin Mixer without Popup,,AQUA 54
Sheet6,BS-73SS,ABS Overhead Shower 100mm with SS Arm 225mm & Flange,,ACCESSORIES
Sheet6,BEA-195A,Chrome Plated ABS Health Faucet Croma with 1Mtr SS Tube & Hook in Blister Packing,,ACCESSORIES
Sheet6,5254-S,Single Lever Basin Mixer Wall Mount (Concealed),,ASPIRE 52
Sheet6,5207,Concealed Wall Mount Pillar Cock,,ASPIRE 52
Sheet6,BEA-521,SS-202 Jet Spray (Butterfly) with 1Mtr Tube,,ACCESSORIES
Sheet6,BEA-522,SS-202 Jet Spray (L-Bend) with 1Mtr Tube,,ACCESSORIES
Sheet6,BEA-523,SS Jet Spray (American) with 1Mtr Tube,,ACCESSORIES
Sheet6,BEA-1050,ABS Health Faucet Axor with 1Mtr SS Tube & Hook Chrome Plated,,ACCESSORIES
Sheet6,BEA-101A,Chrome Plated ABS Health Faucet With Clening Oppuction Milano with 1Mtr SS Tube & Hook in Blister Packing,,ACCESSORIES
Sheet6,BS-110,Over Head Shower Aesthetic Round 230 mm with 375 mm ss arm,,ACCESSORIES
Sheet6,BS-79SS,ABS Overhead Shower Square 100mm with SS Arm 225mm & Flange,,ACCESSORIES
Sheet6,BOS-107,SS Over Head Passion Shower 150x150mm with SS Arm 325mm & Flange,,ACCESSORIES
Sheet6,BEA-888,ABS Health Faucet Chrome Plated with 1Mtr Polyamide Gray Tube & ABS Hook,,ACCESSORIES
Sheet6,CPA-25,SS Waste Coupling (Half Thread) 32mm,,ACCESSORIES
Sheet6,CPBT-1,Brass Bottle Trap with  175mm pipe,,ACCESSORIES
Sheet6,CPHF-8,ABS Health Faucet Optimus With 1 Mtr. SS Tube And ABS Hook,,ACCESSORIES
Sheet6,CPOH-10,SS Overhead Ultra Shower 4X4 With SS Arm 225mm,,ACCESSORIES
Sheet6,CPA-11,Brass Towel Ring,,ACCESSORIES
Sheet6,CPA-10,Brass Towel Rail 600mm,,ACCESSORIES
Sheet6,CPA-22,Brass Waste Coupling Light (Full Thread) 32mm,,ACCESSORIES
Sheet6,BEA-1019G,Gold Health Faucet Brass with 1Mtr SS Tube & Matal Hook,,ACCESSORIES
Sheet6,BEA-102A,Chrome Plated ABS Health Faucet EVA with 1Mtr PVC Tube & Hook in Blister Packing,,ACCESSORIES
Sheet6,ECO-65,ABS Round Overhead Shower 75mm Full CP with SS Arm 225mm and Flange,,ACCESSORIES
Sheet6,BCT-04P,Polyamide Braided Connection Tube with Brass Nut 600mm,,ACCESSORIES
Sheet6,BOS-42SS,Square Rain Shower 200mm with SS Plate and SS Arm 375mm & Flange,,ACCESSORIES
Sheet6,BOS-195,ABS Overhead Shower Square 150mm with SS Arm 325mm & Flange,,ACCESSORIES
Sheet6,BS-89SS,ABS Overhead Shower Square 150mm with SS Arm 375mm & Flange,,ACCESSORIES
Sheet6,BS-112,Over Head Shower Aesthetic Square 100 mm with 225 mm ss arm,,ACCESSORIES
Sheet6,CPA-13,Brass Soap Dish,,ACCESSORIES
Sheet6,CPA-21,Brass Waste Coupling Light (Half Thread) 32mm,,ACCESSORIES
Sheet6,CPHS-2,ABS Hand Shower with SS Shower Tube (1.5  Mtr.),,ACCESSORIES
Sheet6,CPA-32,Glass Shelf 300mm,,ACCESSORIES
Sheet6,CPHF-1,Brass Health Faucet with 1 Mtr. Tube & Hook,,ACCESSORIES
Sheet6,CPJ-3,SS Jet Spray (Butterfly) with 1 Mtr. Tube,,ACCESSORIES
Sheet6,CPOH-3,ABS Overhead Shower Square 100mm with Brass Arm 225mm with Flange,,ACCESSORIES
Sheet6,BOS-120,SS Over Head Drizzle Shower 200x200mm,,ACCESSORIES
Sheet6,CPHF-6,Brass Health Faucet with 1.5 Mtr. Tube & Hook,,ACCESSORIES
Sheet6,CPA-24,Brass Waste Coupling Heavy (Full Thread) 40mm,,ACCESSORIES
Sheet6,BA-18S,SS Toilet Paper Holder,,ACCESSORIES
Sheet6,CPCS-2,SS Connection Tube with Brass Nut 600mm,,ACCESSORIES
Sheet6,CPCS-1,SS Connection Tube with Brass Nut 450mm,,ACCESSORIES
Sheet6,BS-78SS,ABS Overhead Shower 150mm with SS Arm 225mm & Flange,,ACCESSORIES
Sheet6,493B,ABS Soap Dispenser Round 400ml,,ACCESSORIES
Sheet6,CPA-30,Corner Glass Shelf 300mm (Brass Bracket),,ACCESSORIES
Sheet6,BHS-81,Steppo Hand Shower Single Flow,,ACCESSORIES
Sheet6,BS-30SS,ABS Water Fall Square Overhead Shower 100mm with SS Arm 225mm & Flange,,ACCESSORIES
Sheet6,DB-93-H-N,Exposed Parts (Wall Flange & Handle),,LAGUNA 93
Sheet6,5596,Bath Tub Spout Tip Ton with Flange,,OCEAN 55
Sheet6,BHS-89,ABS Hand Shower with 1.5Mtr SS Tube & ABS Hook,,ACCESSORIES
Sheet6,BS-102,,,
Sheet6,CPA-51,SS Paper Holder Cubix,,ACCESSORIES
Sheet6,CPA-18,Brass Peg Set Of 6,,ACCESSORIES
Sheet6,CPHF-2(A),ABS Health Faucet with 1.5 Mtr. Tube & Hook,,ACCESSORIES
Sheet6,CPHS-4,ABS Hand Shower Jx2 With 1.5Mtr. SS Tube & ABS Hook,,ACCESSORIES
Sheet6,CPA-12,Brass Towel Rack,,ACCESSORIES
Sheet6,CPA-39,CP Brass Push Cock 15mm,,ACCESSORIES
Sheet6,BHS-301,Hand Shower Sleek Round With Silicon Nozzles,,ACCESSORIES
Sheet6,BHS-104,Pluto  Multi Flow Hand Shower,,ACCESSORIES
Sheet6,BOS-108,SS Over Head Passion Shower 200x200mm with SS Arm 375mm & Flange,,ACCESSORIES
Sheet6,BOS-119,SS Over Head Drizzle Shower 150x150mm,,ACCESSORIES
Sheet6,DB-68-3IN-ON-OFF-N,Exposed Parts (Wall Flange & Handle),,MARCUS 68
Sheet6,BCT-06P,Polyamide Braided Connection Tube with Brass Nut 900mm,,ACCESSORIES
Sheet6,BA-05S,SS Soap Dish,,ACCESSORIES
Sheet6,BA-02S,SS Towel Ring,,ACCESSORIES
Sheet6,9392N-N,Single Lever High Flow Concealed Diverter Bath & Shower 46mm,,ASTER 93-N
Sheet6,DB-71-3IN-ON-OFF-N,Exposed Parts (Wall Flange & Handle),,CYGNUS 71
Sheet6,DB-93-N,Exposed Parts (Wall Flange & Handle),,LAGUNA 93
Sheet6,5420,Concealed Stop Cock 20mm with Wall Flange,,AQUA 54
Sheet6,5520,Concealed Stop Cock 20mm with Wall Flange,,OCEAN 55
Sheet6,TM-10C,Thermostatic Diverter Click Tec Series 4-Outlet with Water-Flow Control,,ACCESSORIES
Sheet6,BS-89,ABS Overhead Shower Square 150mm with Brass Arm 375mm & Flange,,ACCESSORIES
Sheet6,CNS-68,"Concealed Flange, Handle & Sleeve",,ALLIED
Sheet6,BEA-103A,,,
Sheet6,DB-53-3IN-ON-OFF-N,Exposed Parts (Wall Flange & Handle),,ORBIT 53
Sheet6,6020,Concealed Stop Cock 20mm with Wall Flange,,POLO 60
Sheet6,6008,Bib Cock Long Body with Wall Flange,,POLO 60
Sheet6,BOS-50SQ,,,
Sheet6,6212,2-Way Bib Cock Double Handle with Wall Flange,,BLAZE 62
Sheet6,6211,2-Way Angular Stop Cock with Wall Flange,,BLAZE 62
Sheet6,BOS-6003,Chrome Plated Over Head Steppo Shower 150x150mm,,ACCESSORIES
Sheet6,BOS-4009,Chrome Plated Over Head Steppo Shower 100x100mm,,ACCESSORIES
Sheet6,BS-41,Optus Mini Shower Oval 125 mm,,ACCESSORIES
Sheet6,BOS-49SQ,SS Square Shower Arm 225mm with Flange,,ACCESSORIES
Sheet6,BOS-49SR,SS Shower Arm 225mm with Flange,,ACCESSORIES
Sheet6,BA-12S,SS Towel Rack,,ACCESSORIES
Sheet6,BHS-2001,Chrome Plated ABS Hand Rainduet Shower 5-Function with 1.5Mtr SS Tube & ABS Hook,,ACCESSORIES
Sheet6,BS-109,Over Head Shower Aesthetic Round 100 mm with 225 mm ss arm,,ACCESSORIES
Sheet6,BHS-306,Multi Flow Hand Shower Full CP,,ACCESSORIES
Sheet6,BS-105,Primus Square Shower 85 mm,,ACCESSORIES
Sheet6,BS-104,Pluto Multi Flow Round Shower 110 mm,,ACCESSORIES
Sheet6,BS-306,Multi Flow Over Head Shower Storm Full CP 100 MM,,ACCESSORIES
Sheet6,BOS-102SS,Over Head Fashion Shower 3 Function 80mm with SS Arm 225mm & Flange,,ACCESSORIES
Sheet6,BOS-52SR,SS Shower Arm 600mm with Flange,,ACCESSORIES
Sheet6,BOS-50SR,SS Shower Arm 375mm with Flange,,ACCESSORIES
Sheet6,BOS-47SR,SS Shower Arm 300mm with Flange,,ACCESSORIES
Sheet6,492B,ABS Soap Dispenser Oval 400ml,,ACCESSORIES
Sheet6,BB-53-S,"Exposed Parts (Wall Flange, Handle & Spout)",,ORBIT 53
Sheet6,BS-1001,Over Head Shower Edge Slim 4x4 Blister Set,,ACCESSORIES
Sheet6,BS-1002,Over Head Shower Nova Slim 4 Blister Set (Round),,ACCESSORIES
Sheet6,BS-1003,Over Head Shower Edge Slim 5x5 Blister Set,,ACCESSORIES
Sheet6,BS-1004,Over Head Shower Nova Slim  5Blister Set (Round),,ACCESSORIES
Sheet6,CPA-29,Corner Glass Shelf 200mm (Brass Bracket),,ACCESSORIES
Sheet6,CP-571,Double Coat Hook,,ACCESSORIES
Sheet6,BEA-13LL,Brass Waste Coupling Pop Up 175 mm,,ACCESSORIES
Sheet6,CPA-40,SS Towel Rail Round,,ACCESSORIES
Sheet6,CPOH-5,Brass Overhead Shower 100mm with Brass Arm 225mm with Flange,,ACCESSORIES
Sheet6,BOS-41SS,Round Rain Shower 200mm with SS Plate and SS Arm 375mm & Flange,,ACCESSORIES
Sheet6,CPHS-5,ABS Hand Shower Jx3 With 1.5Mtr. SS Tube & ABS Hook,,ACCESSORIES
Sheet6,CPOH-12,SS Overhead Ultra Shower 8X8 With SS Arm 325mm,,ACCESSORIES
Sheet6,CPEN-5,"Extension Nipple 3""",,ACCESSORIES
Sheet6,CPA-9,Brass Toilet Paper Holder,,ACCESSORIES
Sheet6,CPEN-3,"Extension Nipple 2""",,ACCESSORIES
Sheet6,CPEN-4,"Extension Nipple 2.5""",,ACCESSORIES
Sheet6,BOS-121,SS Over Head Drizzle Shower 300x300mm,,ACCESSORIES
Sheet6,CPA-41,SS Towel Ring Round,,ACCESSORIES
Sheet6,CPA-42,SS Soap Dish Round,,ACCESSORIES
Sheet6,CPA-48,SS Soap Dish Cubix,,ACCESSORIES
Sheet6,CPOH-11,SS Overhead Ultra Shower 6X6 With SS Arm 225mm,,ACCESSORIES
Sheet6,CPHF-3,Brass Health Faucet with 1 Mtr. Tube & Hook,,ACCESSORIES
Sheet6,CPOH-9,ABS Overhead Shower 125mm Round with 225 Round SS Arm,,ACCESSORIES
Sheet6,8792-ON-OFF-N,Single Lever High Flow Concealed Diverter Bath & Shower 46mm (ON-OFF),,EVIAN 87
Sheet6,BS-81,Steppo Square Shower 250x250 mm,,ACCESSORIES
